119672147	FareedJacoB	  
747026003583721472	3nowbar	
294014531	GoodbyePaterson	 
711459969133060096	TheBlogeek	
4867091386	channelBpodcast	 
3889080579	Gh___Ra	Ghazaleh
233284715	ManGoOole	
779024223809437696	7sobhh	7sobh
2221129711	Gonge_bikhaab	 
883938598525042688	nakhodakhorshid	
15699865	amir_HP	amirHP
701484140206673921	kommunia	communia
534743719	AverageCtizen	 
864952866137661440	ZizMou	Ziz Mou
3439108600	Rawvak	
141475921	leyleaf	ley
797008195088748549	KaafTeh	
862243010070945793	marzeh0	
823417268445048832	GithubFa	
95626629	HabibHashemii	Mamusta
4864779897	nil_l4	
3293822951	yeganeh2912	
2716942388	parsiyak	Pardis
183206087	hadiahmadii	
822175024782123008	Ennzocoli	
2492359679	93_shahab	  
102044540	greenSDF	 
146793905	saman_soltani	Saman
350320080	Haniineh	 
211109927	shatobery	Shahin A. Tabary
847393595808030724	z0rba89	nel
946338937	hid__	Nah
786370050	Ateimouri	alireza teimouri
736556386377572354	tousheh	 
2227308599	Pepper0nii	 
381361654	mahsaee	mahsaee
268958654	OstadAssadi	OstadAsadi
2217128820	ProbIemSolved	Problem Solved
864136070551617536	Sheikh_Khkh	
852763004718399489	fact_sheet_fa	Fact_sheet
1371618385	Rouhani_ir	 
144208472	Afragerami	Afra Gerami
3727936577	_kebrit	 
852056086668562432	golnazsoltani	GOLNAZ
764179147	uglyfloki	flki
729048980362006528	hpordr	
1377921709	kahoopich	 
776714566055198720	shiraanam	Shirana
1332127904	M0rpheu3	 ()
28435235	bigmag	$(whoami)
1964664444	paartizzann	
766261933930577922	DreamCachery	Atsila
320195081	MiidnightBlue	  z 
580178331	metuuli	
736095873285787651	ssinngerr	lhvgh
1650001394	Hadiiaan	
751721055031586816	mah_sadeghi	 
13058922	amirabbas	
4073941822	__HanR	
708590255658631168	1Bahmani	 
317615639	NooshFaR	Farnoosh Nik
474457553	msihusi	msh
360006756	negooni	negloot
2516171059	rfi_y	 
1530332280	ArezooA_	
789383422871339012	AcidmanicX	Acidmanic Moayedi
311360872	Nardoon	
4948171	_l_	.
350235930	SaeedEsmaili	Saeed Esmaili
1195954465	marketexpertir	M.Hasoumian
1474390170	Negar_CI	NeGar
3242368285	Rockkettto	
302860174	chapdast	Aka Lefthanded
4709829002	Sorooshka	
3364902051	AMokhatab	Alireza Mokhatab
62634095	amirassan	AmirHassan
753570561842970624	iamalirezanouri	Alireza nouri
396405629	maryami3	maryam
230507750	hamedbd	Hamed Bidi
742080507438108672	mortelle__	
1575360636	tnapurity	A.M.A
735457824403259392	sinanamdar	 
2883837808	charshanbeh	 
108721610	ali_lashkari	  
733023920811614208	tAkDAne	
1886049198	naariiman	
210719582	asadgharighi	
1617526993	radiochehrazi	 
723990333734944768	m_13archi	 
719039958	KamaleTassof	 
2889896601	Hombilious	 
720568613921497089	codeine500	
551730765	zahra2101	Zar
472852789	fateme_j	Fateme
212687187	Tofangbazi	
755142367	sakene5	 
698821741532094464	abedxyz	
3124000174	black_swan187	black swan
2551163102	itssaaar	
716254104746635264	New_folder3	wiran
479981193	divisionbyzero_	$ sudo su
12837042	tayfeh	M. Tayfeh
4628489566	takanume	
1522028761	musaesmaili	
71482204	exavir	Farokh Shahabi
51964398	emtized	Emtized
2842154235	Shukullle	
1607955728	Peivast	 
4194073174	Loofi13	Loofi
1632179005	MadieTwitt	Madie
14170710	ehsandiary	Ehsan Diary
323127279	stere_kh	
3986051301	AppcharCom	
2205167191	donya_meinhof	
2945599269	siamakansarii	Siamak Ansari
393033324	DataScienceCtrl	Data Science Central
3071092473	iam_vee	iamvee
3404096597	riraruri	 
15207420	pooyaz	pooya rajamand
1584066241	alibozorgian	Ali Bozorgian
3172908592	9sshhss9	h.sara.h
2794480964	LowfatMb	lowfat
1495951248	hosseintanha89	 (UNESCO)
3311853538	youngerbrotherr	younger brother
96394122	abtahi_m	Mohamad Ali Abtahi
3246588672	abaharian	AB
3080762480	Sleimoni	M-hdi 
2471316128	zhilevan	zhilevan
223202535	itiransite	ITIRAN |   
20533840	majidalavizadeh	Majid Alavizadeh
889782678	sanatayulmaz	snz
1597869073	___saraab___	
1872820130	soormeh	soormeh
1387545380	mehhras	 (  ) 
14516781	3tareh	3tareh
16914220	baharnarenj	
51161456	yasaman60140686	 
217106097	reza_eydak	Reza
66491046	hoomanrezvani	Hooman Rezvani
2402464356	m0Alef	  
2320649540	_OhReza	
14648025	rezaxiii	Reza XIV
2235133873	o0nfs	
2796086408	stshowir	 
2774644930	48kilooyi	terrorist
403686789	mm__amin	
757892550	franny_ftm	franny
353739343	oliverteeut	 
318353901	CmpiChism	Serebro
250784864	milad_d3	
2492935148	pluie_seul	
1137940129	Khanoomiii_1988	gisu
151823945	arhnm	Amirhossein Mousavi
609146118	Noushabeh	
24375268	india40	
1580884105	hooshmandk	
6029522	jadi	jadi
2564931008	Seeeeher	
1521752815	dadaist20	Dadaist
12629792	atakhalighi	atakhalighi 
269941857	mozhgoun	
426958097	mahyaralby	mahyar
1272938635	Zhakube	  
15306499	aliajafari	 
2417884660	MasihJnB	Ma 30 H
713086975	a_birang	Farnabaz
217861092	ArashGir	 
340295403	amMoriss	Moriss
29031508	ArmanPlus	Arman
1358573515	HassanNikoo	Hassan Nikoo
434413333	Moje2100	
624459884	AliKhalilifar	Ali
2320505144	mohsen_barati	mohsen barati
2300354767	Zy3na	
2255375036	LUMPY_54	LUMPY
475664526	taraneh16	
2190181927	anoolick	Annie
783296016	maryamtd1	MaryamTd
403192903	hebrown7	Hebrown
2169141800	KeveshK	Metti
601234471	colonelaorliano	colonel
719631805	1rezaa	reza ght
923921120	Soosanso	 
407278040	alskvrda	
721072262	baharak1975	 
78554488	pooya1366	Pooya
963224328	DreamerSheba	 
846229416	ahmadi_pm	Mohsen Ahmadi
121077756	Rouhania	   
9313772	onlymehdi	Mehdi Saharkhiz
47813521	JZarif	Javad Zarif
439389860	Mimna_kh	mina
552252520	engmahyar	
614574504	navidbehrangi	Navid Behrangi
979042861	behzad_bh	shex
518681801	fhinese	Hamed
16339883	amirdarafsheh	Amir Darafsheh
418076619	hadihadda	Hadi Haddad
853290625	TwitteeTod	
933027068	Nperma	epoch
