2623211	alephmim	aleph.mim
2517118753	Ghrzmj	 
2227308599	Pepper0nii	 
3284433818	ShirinNr	Shirin
1026360043	solmaazz88	Solmaz
701625379	thorofficial	Thor
253707215	DonDiegodeZama	 
2214082525	SaraNoshadi	Sara Noshadi
264730636	f0ro0gh	
2889896601	Hombilious	 
711789200077676544	Bbirdwomann	
297081530	Kaafffff	
15297968	sheem_seen	Sheema
406625692	phoenix0k	Phoenix
225630062	persianpie	eve
51509291	dazasimetra	RemeVII
425985598	notoall	Sraan
13782972	Elize	
5943122	LevaZand	Leva Zand
14873102	ArashBahmani	Arash Bahmani
55796372	ashourinia	Arash Ashourinia
367100919	darwishiiiat	 
1139229804	ser_serpico	NANI
304185486	_Snape_	Professor Snape
48318358	amir_r_k	Amir Reza Koohestani
91092088	MrSulley	P.SULLIVAN
43680503	aydeen	Aydin Salehi
564686965	Brilliant_Ads	Brilliant Ads
2728840060	nazli_a25	 
3075474801	IranHistoryPics	Iran History Pics
1080275058	rouzesfand	Rouzbeh Esfandarmaz
4717726395	AzarMaaliNasab	. 
39022987	dalghak	Hans Schnier
896048634	LordSnow	King Jon Snow
146026726	bbcpersiansport	BBC Persian Sport
3876822138	calgarychi	  
1243373930	GhNooshin	Nooshin- 
230147735	DasistJD	Jane Doe
88433268	sibzaminikhorha	
107223327	nafisehkBBC	nafiseh kohnavard
434442640	shaakhtaar	Shakhtar
392114023	HosseinMahini	Hossein Mahini
2214869083	BehnoudMasoud	masoud behnoud
1600742850	mowlaverdi	 
744148302174818304	Mirzamoo	
2801141359	shahrzadbahmani	Shahrzad Bahmani
590290977	mni_sah	Sahar
2416257290	roshannorouzi	Roshan Norouzi
765414632	PahlavanAli	Ali Pahlavan
1495800907	HansSchnier22	 
4921131	nima	Nima Akbarpour 
518681801	fhinese	Hamed
1542138595	golyjonsnow	
13832792	EbrahimHeidari	Ebrahim Heidari
582887565	PerspolisFCIran	 
556820431	nooshin1983	noosh
3351045885	sense8pics	sense8
704658471497687040	rezasiaan	Rezasian
2697922368	91BackBone	
127178635	ghargharak	
827305900637462528	Hiro__1M	
245268583	foroughsoroush	Forough
750751206427860992	MarvelStudios	Marvel Studios
2850594323	MJ_Akbarin	AKBARIN
703575137694715904	aidinoff	
181198159	HichkasOfficial	Hichkas
50329448	BBCFarnaz	Farnaz Ghazizadeh
873883357863714816	minavandmehrdad	Mehrdad Minavand
1201045933	BBCBastani	Hossein Bastani
46061625	NewshaSaremi	Niusha Saremi
552225288	SaraAlef	
14600723	qorashi	Yasser
2239727276	___levis___	  !
37204416	neg_s	negar
752713	Abnoos	 
2180633748	MehdiAHM	
844988714052796416	tessieovskie	 
1377921709	kahoopich	 
4250674173	ely_shahy	
3305613461	hadie_k	Hadie K
628276440	SaraKmz	
946338937	hid__	Nah
871380631	Tarsa56	
27712022	JoseArcadioXVI	Erfan Mojib
1391562487	jimbeltarin	jimbel
1721519870	Saoshy	Amir A.
1633307082	etzms	
970302740	nillzhe	 
705273636190621696	_SerJaime_	
4780612048	mgmonana	Nana
624031683	mooshtebol	
536250646	2na2nz	
4821438778	TalaShad	
353739343	oliverteeut	 
1521752815	dadaist20	Dadaist
14490065	azoli	azooli
177746835	sayeh_ro	 
818676647939477504	cyclamineae	Raha 
483994106	gandomsin	gandomgoon
3271605907	AleeSoumi	AleeS
238330325	zirwanz	zirwan
33478393	elhammoin	elimin
3112094744	ReyhaniReyhan	Reyhan R
2769714516	LalehMonsef	Laleh Monsef
226973327	GhzJabb	 
551730765	zahra2101	Zar
290086105	Mahsasaremi	Mahsa Saremi
404268423	SarviSad	
1530332280	ArezooA_	
302860174	chapdast	Aka Lefthanded
264056767	zadsarv	Zadsarv
920317916	bbckalbasi	 
866382409876590592	Maashaallaa	
873867872	Teymoursg	
821885828	hastaloo	Hastaloo
4782551	Vahid	Vahid Online
4621229295	mohsen_azarm	mohsen.azarm
480737104	HamedTabaar	HamedTabaar
411483717	K1sadri	
2255375036	LUMPY_54	LUMPY
14690170	PhillipOfAjam	P
472852789	fateme_j	Fateme
1161795360	AidaAhadiany	Aida Ahadiany
602629562	Ferinaando	
510074074	aalset_	
42385985	halVlid	Ham!d
1584066241	alibozorgian	Ali Bozorgian
751176025	kevinmiston	Kevin Miston
540135012	EmilyAmraee	Emily
210719582	asadgharighi	
718048707791437826	elahekhyegane	Elahe.khosravi
1495951248	hosseintanha89	 (UNESCO)
15015672	Raaadin	
2885302458	leylikarimova	Leyli Karimova
404186516	misterbex	Bex
598600732	jackthefatalist	
1349187420	fkeshavarz	Forough Keshavarz
151349203	Kutlas_e_Kabir	Kutlas
273478225	xentrixus	 
72492752	deraakwordpress	 
306749095	Porteghaletalkh	
732208864725217282	A_a_A__a_A____	arwen
967990669	Banafshehfaris	Banafsheh Faris
4565124497	YouTdii	 
1480319263	35degree	35
429560383	AydaPour	Ayda Pourasad
464225105	arashpahlavoon	 
968061396	BaharehFaris	Bahar Faris
713810570705653760	ManiFarsaie	Manifes
99999538	Mirzadeee	
2902902580	Azarestaaan	
1580884105	hooshmandk	
255038870	1masochist	
853290625	TwitteeTod	
803545652135362561	xakesque	xak
403686789	mm__amin	
323127279	stere_kh	
400062723	57muel	
4223383694	ClemKruczynsky	Clementine
1872820130	soormeh	soormeh
96130616	alborz_z	Al
183206087	hadiahmadii	
797008195088748549	KaafTeh	
