764179147	uglyfloki	flki
189545795	Khani	 Mohamadreza Khani
1215577897	kharoou	
2829788026	barfak6	
773817048728207360	kakmaki09	 
853233671712669696	HT8589	Hossein Tahna
132898764	mohz67	
852056086668562432	golnazsoltani	GOLNAZ
806080675	mowtion	
2265872522	foroogh18	zemestane
4565124497	YouTdii	 
284938912	shabaneha1	Marlboro
835934937081655296	LotfollahiAmin	Amin.L
2761328116	Candoooou	
711789200077676544	Bbirdwomann	
1332127904	M0rpheu3	 ()
203678193	shomare29	29
70338768	AminLotf	Amin.Lam
3271605907	AleeSoumi	AleeS
821885828	hastaloo	Hastaloo
719134421220204545	ArtistunUnknown	Unknown
14747932	zzgraph	
791766324716331008	ZahraGhaffary	Zahra Ghaffary
2292544795	fariddmm	farid
733425224922861568	itacalvino_	
183206087	hadiahmadii	
1391562487	jimbeltarin	jimbel
416522024	nastaranef	nastaran f
726481255949295617	Sooofyyyy	
2582005813	Helmar_kh	
464225105	arashpahlavoon	 
245925753	_Haamed_	Hamed
317091137	blookakazoo	blookakazoo
1944739196	GolSog	 
472852789	fateme_j	Fateme
268958654	OstadAssadi	OstadAsadi
400062723	57muel	
297081530	Kaafffff	
700230066	m_h963	 
397951068	schwifterin	
210719582	asadgharighi	
2227308599	Pepper0nii	 
57276671	elllegreen	Eli
540824037	DokhtAban	zohaw
576495812	mndctld	
177746835	sayeh_ro	 
45118805	ADALISH	DALI
353739343	oliverteeut	 
92921497	KOUSHAAA	KOOSHA
86527199	gelofen	
381797777	mam_mad	mohamad.masoumian
578568954	tanuchkaa	
1110143388	Sany___	Sanar
1632628790	homayoonvb	
99999538	Mirzadeee	
3080762480	Sleimoni	M-hdi 
407315593	_sheved_	
216840450	Zimcoe	
2889896601	Hombilious	 
195224039	Mimabedi	 
554534768	shaghaaa	sha
2180633748	MehdiAHM	
33478393	elhammoin	elimin
1474390170	Negar_CI	NeGar
323127279	stere_kh	
387160450	ReyhaneN	ReY
3278957880	pistachiuo	pistachio
403999527	Coffeeelizard	Coffee Stark 
1234768950	neb_____	stephen
551730765	zahra2101	Zar
2564931008	Seeeeher	
2422359110	sardAAk	3
366559590	BeingNimra	
2286253674	saman0018	 
3882682708	Thorinoakendish	
91092088	MrSulley	P.SULLIVAN
566125600	nosferatu08	Nosferatu
46165951	neutriiino	Neutrino
403668878	Abestanioooos	Abestanioos
48004523	colonnellino	ASAP
3023835104	ARRINKINKIN	
1495951248	hosseintanha89	 (UNESCO)
1530332280	ArezooA_	
3203149822	Edvaardoo	
1575025878	aztanhaei	Aztanhaei
425985598	notoall	Sraan
1673735821	SShahsiah	 
14367829	saman77	saman77
287088046	ReviverOrator	
2282006784	MissMiiiim	
1872820130	soormeh	soormeh
403686789	mm__amin	
983469031	RubyVaroujian	Ruby Varoujian
335144254	ZahraHgu	Miss.Z
238330325	zirwanz	zirwan
602629562	Ferinaando	
2760120243	_belpomegranate	
2623211	alephmim	aleph.mim
480737104	HamedTabaar	HamedTabaar
760437030	HamediEbrahim	Ebi
853290625	TwitteeTod	
755142367	sakene5	 
1278538782	Shhiivaa	
434442640	shaakhtaar	Shakhtar
14851948	Katayoon	 
2279281220	alinshahab	Ali Nemati Shahab
2255375036	LUMPY_54	LUMPY
2604076680	ziz_mangooli	ziz
404268423	SarviSad	
226973327	GhzJabb	 
24375268	india40	
411483717	K1sadri	
2190181927	anoolick	Annie
601234471	colonelaorliano	colonel
96130616	alborz_z	Al
255038870	1masochist	
19758530	elsereturn	
46880590	Havangz	Havang
779783	aqfery	aqfery
13782972	Elize	
13495722	littlefarbod	
