3953287678	OhMyKhoobness	OhMyKhoobness
2281220292	ka1oon	Light seeker
3012132606	CaHa33	
3311853538	youngerbrotherr	younger brother
3203149822	Edvaardoo	
3080762480	Sleimoni	M-hdi 
92921497	KOUSHAAA	KOOSHA
404268423	SarviSad	
3003039241	lawliet_90	xanefar
329089072	Behnooshz	
605355875	MissSpringie	Delara
3036372179	Mehrnes	
1274712008	__Par_	
236510048	pariius	parius
285640165	ArianHimself	El Duderino
287088046	ReviverOrator	
2623211	alephmim	aleph.mim
516534770	Walkinswallow	
2496919993	SAzmoun	Sardar Azmoun
927276392	zafmaaar	Zafmar.jpg
14690170	PhillipOfAjam	P
843650366	DarrkGlobe	  
849203941	dabezad	da
2227146379	shedoaka	shedo
1691157427	elnoraaa	el
70338768	AminLotf	Amin.Lam
1061409230	khiyalpardaz	 
537598298	she_yd	
2821242113	vaaniaamaatinaa	
411483717	K1sadri	
2719240518	bamilofashion	Bamilo Fashion
2329928592	Dr_fisi	
2368724029	hkhhcht	FAROKA
1369816789	khanoome_be	 
2731424960	chamanmah	Chakameh Chamanmah
313764078	latimorato	Vagabond
1258398914	C_and_H	Cyanide & Happiness
1521752815	dadaist20	Dadaist
183072836	BahramRadan	Bahram Radan
156754511	avpml	
67444327	saman_hf	
2228762088	1hoseim	Hosein Norouzi
43288974	elrazez	Al
1136798288	Lil_Miil	 -
755142367	sakene5	 
2853594467	saraghh1	Saraghh
28842565	Moteasefam	R3ZA
305471365	Xendawn	Xendawn
534981371	zaferoon	
2314203229	Noodlist	Noodle
2235133873	o0nfs	
757892550	franny_ftm	franny
1011802038	baladtarin	
2852148885	brhy85	Bohemian
270375773	0ff_again	us
296382255	shimzing	Bored 
286734761	vgarmani	
62800909	saintporya	 
465748982	saboolak	
352015501	nilz__	nil
973342039	Negar8059	
212861860	ComiserJacobs	Nikbakht
626624677	_GOLNAZ_	golnaz
2830507300	Tafaghod_	
33478393	elhammoin	elimin
464215135	alaagol	Aalia
50579652	Khanoome_X	 
250509012	khayyam_robaee	 
1612380258	psammnd	mariaam
963224328	DreamerSheba	 
414665253	n1sstar	nastaran
204832963	TheTweetOfGod	God
250510133	saadi_robaee	 
353676620	_soro0r_	sooloo
2314077164	blopblipp	Not like I'm Maddie
1584066241	alibozorgian	Ali Bozorgian
49149284	7_________8	
320103101	vishoou	
1249172419	marzye1989	 
135679428	danimoh	
2615612538	Erfan_777	Erfan
1047381535	jaan_daar	Jaandaar
1633307082	etzms	
320195081	MiidnightBlue	  z 
396408830	soodImim	Dos Santos
2180633748	MehdiAHM	
32460469	Leemou	Neda
782098392	shaayaw	Shayaw
1943869010	Aazaall	
578568954	tanuchkaa	
408701339	kickmehr	
403999527	Coffeeelizard	Coffee Stark 
791271097	farnazmonfared	nahange.anbar
403686789	mm__amin	
2372287312	Apani_	
507853089	tata_violetta	Tahereh
156605463	mirzaadamjan	 
480737104	HamedTabaar	HamedTabaar
519412755	ZUntitled	Miss unTiTled
15086510	pngle	PnGle SeleYeR
403668878	Abestanioooos	Abestanioos
232814544	Hossein_Aghaa	 
96130616	alborz_z	Al
294014531	GoodbyePaterson	 
511883965	Mosht_aba	Moshtaba
556776173	meditaran	MEDI
2149773254	shimaaaanooo	shima Hoseyni
381797777	mam_mad	mohamad.masoumian
123577879	aazaad__	Merkwrdigeliebe
434413333	Moje2100	
609146118	Noushabeh	
397537398	callmeyasa	
544318453	g0lnar	
821885828	hastaloo	Hastaloo
933027068	Nperma	epoch
353739343	oliverteeut	 
796586552	Raaz_Es	Raaz
927743544	llleyla_	
255038870	1masochist	
62634095	amirassan	AmirHassan
553924546	__MarZ	Emzena
979042861	behzad_bh	shex
297081530	Kaafffff	
228037535	Tafaghod	
475664526	taraneh16	
946338937	hid__	Nah
554534768	shaghaaa	sha
388620346	JavidGod	Godi
542922194	hunebt	(-)neeee
853290625	TwitteeTod	
67999178	Don_MMMM	
873867872	Teymoursg	
457676025	sepiiidegh	sepide ghh
630294980	1st_nafar	
951343620	_sad100_	100
434442640	shaakhtaar	Shakhtar
238330325	zirwanz	zirwan
844238743	camvAEun	 
48538079	Shaamorti	
601234471	colonelaorliano	colonel
203678193	shomare29	29
177746835	sayeh_ro	 
3084471	counterclockys	
602629562	Ferinaando	
806080675	mowtion	
446148324	MddMim	Chawan
1234768950	neb_____	stephen
1110143388	Sany___	Sanar
292443693	ferferiiii	FerFeri
250784864	milad_d3	
854899297	Leyla1368	Leyla K
245153743	buuuugh	 
1511480538	__Bernard_	
850018350	AmirJI3	amirji
1129577743	Aliajami0	Ali Ajami
525233905	almostgaveafck	Gaveafuck
464153086	_kiiyan	
600062562	rotanik	rotanik
946418576	AlmaSign	Alma
404218200	ahooel	Ahoo
238229483	kuffmode	Kayson
1663018050	Juani____	Juani
908287398	amir1t	
364013804	CapitanArsalan	
261732954	Amirsoleymani	  
279522990	naghmezz	
1474390170	Negar_CI	NeGar
277558757	Aminusf	Amin
995089387	papiloonsh	Zaza
400062723	57muel	
1318375603	__SeeMore	
377352635	aidam0r	aidayi
175807768	asmartkid	Yazdan
1037092932	lusinafer	
574480420	_Taali_	
1872820130	soormeh	soormeh
923921120	Soosanso	 
425985598	notoall	Sraan
2261359494	Annna_Kareninaa	Anna Karenina
751012920	johnameen	Me and Mozee
1464093248	parshiu	
1911625952	kouallh	
707497585	Nazaniin_	
194478630	ZzanasS	
522878221	shaataqi	
2255375036	LUMPY_54	LUMPY
2221671150	mc4930	49
2167949720	aliichap	masoud
754918338	foreverbedehkar	
1636192328	VahidTilaki	Vahid Tilaki
2551163102	itssaaar	
242807567	_aTaha	taha
2362474561	_Taaher	TaHer
323127279	stere_kh	
630171760	paliisha	parisab
2516171059	rfi_y	 
2526119594	NamiraCorp	
2562703793	saabbii24	
2564931008	Seeeeher	
1620130892	raz__mari	
