18256552	theangelremiel	Ian Rennie
858561536138375170	_Kamand_	  
46859013	sarzadeh58	
559655613	gandomgoun	 
840259679439769602	sk6889	  
4138183933	MtElahe	Elahe Motamedi
872162511642132481	ItsThomasAngelo	 
703451537	filleduprintemp	
720299196625002496	gypsygal1800	
888480427	hernameishanieh	Hani
875817031039422469	the_saeednesss	Saeed
807261411097407493	babak_fatholahi	Babak Fatholahi
3590030547	Dismalface	 
403999527	Coffeeelizard	Coffee Stark 
792603921235578881	Tarlanmama	 
1896217968	valternit1	Walter (GALOF)
963224328	DreamerSheba	 
3842336242	Gowshad	
2731886933	nazaninmatinnia	nazaninmatinnia
776437440231903232	iirrazz	
2207352019	xjdew	Oh
436384364	iCoff_ee	iCoff.ee
2963943623	nmuseaoe	
614340303	astranger27	 
213444096	isaaeed	 
2704252690	yellow_tile	_Henry
995677213	mostytoonam	  
2905345601	Miiminor	 
852981644420161537	chawtaar	Mr BigHand 
17695184	nupokazi	, !
17453292	runews	
197681043	pants	mr. joshua 
824293957639303173	ParanoidPervert	PaghiusBokholametius
58441672	arghaOne	Arghavan
414751846	Maskedduchess	
805761349137612801	jinnjerr	  
4457694141	90sgirl___	o
191471171	ShiShia2	...
2572605858	srsssh	Fullmetal Geek
751012920	johnameen	Me and Mozee
7160202	symkx	Syamak 
852763004718399489	fact_sheet_fa	Fact_sheet
1604687634	ebrahimnabavi	Ebrahim Nabavi
14705964	makanmehr	Makan Mehrpouya
841738711	sogand_sajedi	 
2593476230	Hessamoeini	HessaMoeini
377306947	__Hana_____	
1620130892	raz__mari	
97617682	Shadibeyzaei	Shadi Beyzaei
48448134	marsalijo	lijo + 
814934697969090569	Illusional_lily	
798536022493724672	justletmebe	
4821216310	_WinSmith_	 
2680151262	icanzonesh	
2320649540	_OhReza	
2234739162	Thrones_Memes	Game of Thrones Meme
718547845641543680	naseredishnah	 
1653153758	OkJustCallMeSam	Saman
32520815	AzadehMozafari	Azadeh
736647032547348481	barisae7	
866757470	komeaz	Faust
757637263572529152	imtuberose	 
2748835769	Seyed1841	Seyed
463028760	5aaraa	S R
1741160688	ParsaRamin	RaminovicH
784126326156374016	zilllan79	Zillan
770430422	CherShiva	
229915007	Adelide535	Dinvandeo
2337235471	0Saturn	Zahra
779754690191974400	empil18041	 
769203340848799744	Fatemeh70201	
789020697729257472	Feercheee	   
2958612754	ahmadhosseini24	 
817074852599386116	seeghaaf	 
820335723912040448	abraham_silicon	Abraham MILFkon
805855594129268740	pante_aaa	.
545967171	Universe_seeker	 
821096696117600256	ali_haghsetan	  
861856351	maaanMaaaaan	
1907967692	NafiseK	
2842154235	Shukullle	
278658275	coo0per	
818362997362069505	DarisesStories	Darises' stories
3027152695	mah_mmonir_	 
3425234193	mfmljuner	
2844493033	sasan365	 
988661137	merry_8_4	
823556965964070914	anonymousredcat	
3249824659	HAMED79234933	HAMED
777860697388621825	tootii_fh	 
776722835142217728	skeptical_girl	
279951064	behrouzimehdi	 
821430910117695488	Goush_morvarid	 
407642181	sevya62	sevdulak
2618726577	kimia_ma	Kimia M
3380504266	AmooGhasem	
2455409888	rezaHosseinzad3	Reza+
791994565192458240	ringo_the_great	the RINGO
753568841897304064	amooyi_94	Navid
837926902153228288	Blue90206	darkblue
802581026107224065	MamoolianS	 
726850964918034432	Papyrustw	
105170332	Pensylvani	maktoub
2341795572	hoviat88	 
214147990	WilsonKhan2	
803613559745839104	yarejooni	Yarejooni
2404631809	baghalzi	 
171000329	peka1355	pejmn
24375268	india40	
1271981335	amir_mckenna	
762686714657837056	PrizzieFrizzie	
3198473818	Venajoon	Siavash Karimi
3080418754	1001BooM	1001BooM  
2872420506	VaziriT	
2321717624	SanitariumOne	
4853197871	ali_shk96	
2603124261	AboutEliii	Eliii
473470440	prometheus_aj	Paranoid Ginger
792060180750012416	Parvandegar	
701020487971901441	AliBayayi	
4250674173	ely_shahy	
3968651075	butitsnotromina	  
825825828596363267	__zaaraa__	zaaraa
519673696	ron_nakk	Ronak
971546743	severininfurs	ammaliatrice
1019441606	ffaabbaahh	
807673005497262080	lianastarkk	  
753141412338790400	MATwyo	
931919184	nhd_rasa	 56
833809664869556225	themanwhosoled	Nima Es
785720312	FatemehTarashi	q.e.d
1184559967	a60na82	
3405883715	Monaaaa_Monaaa	Mona 
820589223476690944	sara92712907	namnam
775694601185210369	Amireshoonam	
216840450	Zimcoe	
801819307	alvi_singer	 
46061625	NewshaSaremi	Niusha Saremi
824766970037956610	rmdios_Labeilla	  .
770741031344017412	jiinzzzz	 
831117801448431616	sadsahba	saad
73080801	ali_mhoi	 
1151250504	cheshodtora	 
799500708412354560	mona_mehdizadeh	 
558136797	mahszhid	
311955214	uesaran	
2711956260	Sel1z	Sel
723990333734944768	m_13archi	 
240586819	Maaede	Maede Amini
14690170	PhillipOfAjam	P
730805776969805824	whounfmeorg	Who Unfollowed Me
1416289596	tbhjuststop	no
826018682446835712	saaar0_0	
1058459906	raheb_c	
822517901294845953	HalfOnionInABag	Half An Onion
799378392747483136	Macensi1	  
732579849462796290	Derakulia	 
4565124497	YouTdii	 
814420795036463104	lusydokht	
823132602882289666	schaghayegh_	Shaghayegh
543088386	FoodPornMenu	Food Porn
865919816	TheeFoodPorn	FoodPorn
834316544	ItsFoodPorn	FoodPorn
717671603107143680	Mossartt	MosarT
161621589	javadsimin	 
1335813198	samirashirazi	Sami Shirazi
793516619909718018	Yasaman_Tina	
781721931334639616	bonnietarin	
2576045061	selene_shirazi	
237424954	rekojydoorb	Mr. Rekoj
794213674261024768	Itsme_ench	
145978797	NeuroNiMa	 
2767873621	Mohammad_Jahaan	Jahaan
2377317000	motirocky	NSTD
207956090	amirakpix	 
736579883019669505	usernotfound110	.
286137139	itsjustrozhiina	 
49185660	Ebihamedi	Ebi Hamedi
4156812454	shystromaygan	shaygan variyan
786886971109019648	Fahimeh10714570	 
817105298590572544	BahmanAmouee	Bahman Amouee
794944215621005312	Ssgh_2110	 
2303091014	Atoosssa	
1256706829	zat_ara	
1640362993	Faranak__	
73453645	Neshow	Mohsen Amiri
70449935	hugleikur	hugleikur dagsson
813837953990557697	JooJooam	
1066092199	0Rend	({})
62231770	sahandiranmehr	 
1584066241	alibozorgian	Ali Bozorgian
495883613	hassanighani	Hassan Ighani
1223340332	bimebazar	BimeBazar| 
3080762480	Sleimoni	M-hdi 
17511291	arashmil	Arash Milani
723543603113431040	Miiiss_Boss	Miss Boss
791958578814783489	arghvnnvz	
751782422329581569	tintintemin	 
717341148952543233	SaeidBeygi	saeid beygi
705638657617633281	sahariiam	 
