888643327876366336	elaheh_koolaee	 
47746339	neginsh	negin shiraghaei
864952866137661440	ZizMou	Ziz Mou
729548632714792960	bamaro_ir	Bamaro | 
878850022380589056	newmh9	 
878323663732228096	APANI__	
2496919993	SAzmoun	Sardar Azmoun
872701305239855104	binam8810	D
870936434408128512	yousefnejad_ir	   
14648025	rezaxiii	Reza XIV
320195081	MiidnightBlue	  z 
3313382326	Mimozim	MimoZ
860120113990782976	arizehcom	arizeh
1634854514	khatami_ir	Mohammad Khatami
864042450419163136	navidmamza	Navid Mohamadzadeh
814231264765026305	Eshaq_jahangiri	 
3131466466	abdollahram	AbdollahRamezanzadeh
125139828	nazaninroghaye	Nazi
848760979529904128	coffyaaar	
838376226989441025	liptontea1396	Lipton Tea
831519910463434752	mostafatajzade	 
812771242554118144	3Code47	
779357551087452160	drhafezi	dr.hafezi
1332127904	M0rpheu3	 ()
912005490	ma_ahangaran	  
773042524994826240	mazaniahmad	Ahmad Mazani
33478393	elhammoin	elimin
3143094618	shahrvand_paper	 
809743447246733312	alimotahari_ir	Ali Motahari
792775445167083520	soberEule	Shire.D.dead
244232732	yasharsoltani	yashar soltani
997921826	fateme_hb	
799294889540354048	feyzarab	Feyzollah Arabsorkhi
890742182	Varzesh3	Varzesh3
183206087	hadiahmadii	
43680503	aydeen	Aydin Salehi
751721055031586816	mah_sadeghi	 
743532384516190208	Son_Of_The_BEEH	J
1215472928	icinema_ir	icinema
770899502177849344	FarsiPause	#
472852789	fateme_j	Fateme
720264681626046464	aftab_yazd	  
705360003184644096	saghetalayii	 
2214869083	BehnoudMasoud	masoud behnoud
2840434205	golnooshseb	Golnoosh Seb
3956138122	Olympic_ir	Iran Olympic
47813521	JZarif	Javad Zarif
700958460620492800	Takdaneh	Takdaneh
504767598	1mohitban	  
714871508712165376	amiru096	 
4070890694	Ctrl_STD	Ctrl+S
1530332280	ArezooA_	
1600742850	mowlaverdi	 
723285978278825984	lshgr8	  
4690678644	EasyPazia	Easypaz
1016893826	GSMwebsite	  
47421258	Golshifteh	Golshifteh Farahani
1505251758	sajjadbrd	 
4896452093	I00Ifact	1001facts
2719240518	bamilofashion	Bamilo Fashion
1270953186	KayhanKalhor	Kayhan Kalhor
600062562	rotanik	rotanik
704418973220278272	you3efg	Yousef
700230066	m_h963	 
483994106	gandomsin	gandomgoon
14851948	Katayoon	 
705051128002682882	reza_rashidpour	RezaRashidpour
1888314110	Estelahat_	 
1646009659	_vey__	
2164626723	ebtekarm_ir	 
4830585628	HaddadAdel_ir	 
3310263128	Filimocom	Filimo
371148661	niloofarghadiri	niloofar ghadiri
3727936577	_kebrit	 
210719582	asadgharighi	
1234768950	neb_____	stephen
3075474801	IranHistoryPics	Iran History Pics
4565124497	YouTdii	 
4717726395	AzarMaaliNasab	. 
203822501	sghomayshi	Siavash Ghomayshi
760437030	HamediEbrahim	Ebi
738185048	DarkPasenger10B	Lily Anne
14636298	danial_s	danial_s
2958304667	gorjico	 
11885722	Hamid_h	Hamidh
2450814022	DavariD6188	Daniel Davari
4624773153	t_alidoosti	Taraneh Alidoosti
1161795360	AidaAhadiany	Aida Ahadiany
404268423	SarviSad	
225098867	gh_reza	Reza Ghoochannejhad
1511480538	__Bernard_	
3311853538	youngerbrotherr	younger brother
2971491557	drhaghgoo	   
1201045933	BBCBastani	Hossein Bastani
62634095	amirassan	AmirHassan
151349203	Kutlas_e_Kabir	Kutlas
353739343	oliverteeut	 
49904043	Pooyamax	
1438894549	fitnessmag_ir	 
411483717	K1sadri	
317412159	takhfifan	
868800500	mneiw	
2945599269	siamakansarii	Siamak Ansari
40445053	n4Cr	Nasir
177746835	sayeh_ro	 
1038996313	ma_ahii	
14879485	e11even	
3012132606	CaHa33	
3116541804	hastametdotcom	
2348239135	Digikalacom	 | Digikala
371875071	khers69	KHERS
54505369	aminakk	Amin
2491000489	Eranico_com	Eranico News
406625692	phoenix0k	Phoenix
2372287312	Apani_	
49563997	llllllilllll	lil
542922194	hunebt	(-)neeee
1420440420	Honismack2	h.o.nismack.2.
2362474561	_Taaher	TaHer
388620346	JavidGod	Godi
2516171059	rfi_y	 
446148324	MddMim	Chawan
873867872	Teymoursg	
156605463	mirzaadamjan	 
1663018050	Juani____	Juani
18134829	Great_Dark_Lord	Lord Farhad
302860174	chapdast	Aka Lefthanded
1217533536	RanandeTaksi	Khalil M
70338768	AminLotf	Amin.Lam
323127279	stere_kh	
1371618385	Rouhani_ir	 
194478630	ZzanasS	
236510048	pariius	parius
1457647556	M1_________M1	M
829056360	MryaaAaa	
2623211	alephmim	aleph.mim
1691574356	SharghDaily	 
4782551	Vahid	Vahid Online
96130616	alborz_z	Al
39238838	zia_ghiasi	Zia
425985598	notoall	Sraan
1911625952	kouallh	
1495951248	hosseintanha89	 (UNESCO)
511883965	Mosht_aba	Moshtaba
67444327	saman_hf	
2564931008	Seeeeher	
203678193	shomare29	29
255038870	1masochist	
2323499558	SanazMfr	Sanaz
2180633748	MehdiAHM	
24375268	india40	
552252520	engmahyar	
979042861	behzad_bh	shex
601234471	colonelaorliano	colonel
403668878	Abestanioooos	Abestanioos
757892550	franny_ftm	franny
1521752815	dadaist20	Dadaist
2255375036	LUMPY_54	LUMPY
