244232732	yasharsoltani	yashar soltani
864952866137661440	ZizMou	Ziz Mou
35053102	hessamarmandeh	Hessam
2714403018	_Canceling	Cancel
44984488	FFDP	FiveFingerDeathPunch
753570561842970624	iamalirezanouri	Alireza nouri
875627795224735744	violetanarchist	  
726531218	arghavaniiii	 
2285581932	ehsaningg	
751721055031586816	mah_sadeghi	 
3124214812	pmiliii	  
1401347208	mahlagha_hs	  
717590888	kikojasdotcom	 
1396552554	santiaaagoooo	  
777079152797188096	Nfatourehchi	 
2879306620	taskulu_ir	
157267982	asadsafari	 
2259207169	_zah_ra	Zahra
1607955728	Peivast	 
2258526558	Mh_Farazmand	Faraz
16864971	alirezashirazi	Alireza Shirazi
4903752046	SogandGh88	Sogand Ghorbani
2543234436	Vahid_Crazy	 
695920785530187776	NasimNacm	nacm
3080762480	Sleimoni	M-hdi 
2693599770	_alphamin	min
16829914	alooche	Alooche
47674604	irangnu	Majid
46460157	Saeed0f	
2604840322	hoseinizm	 
3590030547	Dismalface	 
3066551830	whoismrrobot	Mr. Robot
510074074	aalset_	
2543813160	HrXIII	Herr 13
2286253674	saman0018	 
1299173072	mizhamed	
22024691	siavashh	Siavash
2320649540	_OhReza	
193453739	homayonii	   
539880038	decowallshop	decowall 
403686789	mm__amin	
149760844	HistoryToLearn	Lost In History
1225477956	TehranMunicipal	Tehran Municipality
4921131	nima	Nima Akbarpour 
2754330819	Ashkan_hn	 
2647609783	_Dogmatist	
204832963	TheTweetOfGod	God
480737104	HamedTabaar	HamedTabaar
1726305288	AfsharMahnaz	Mahnaz Afshar
15901786	pesarkhobeee	Farid
396567988	Mehribanooo	 
398413431	LaK_PaK	DeLaRaM
293681367	marzie_r	Marzie
1143929905	_PEACE_REST_	PEACE
991419884	wpconf	Iran WP Conference
1189452241	Maybelouie	
1423188918	M_Asmmm	
2383030438	M4DG0DD	 
1184510671	stascapando	
3141486422	MyEventorial	Eventorial
873867872	Teymoursg	
1100641922	Mrqauf	
573562378	Sheypoor	
268447783	hesamism	  11
2292848544	Messiah_93	
2320505144	mohsen_barati	mohsen barati
1612255874	GhebleAlam	 
352145373	WhatTheFFacts	What The F*** Facts
1229597442	key1khan	K1 Khan
96130616	alborz_z	Al
552252520	engmahyar	
4782551	Vahid	Vahid Online
3009900139	kayotRaRa	
1920731322	intheWISH	
96501375	droid_life	Droid Life
2164854674	Esshaghia	
808441262	Hou5hang	Houshang
15015672	Raaadin	
1911178746	AiiiimAr	 
1456748646	RezaRezaj	 
54443935	p_karimi	
309863890	ahamid1989y	
194594672	sh_mhDi	 
588534616	KamyarAcademy	KK Academy
2234816707	ShabnamRahmati	 
48538079	Shaamorti	
1617425598	_DeziReh_	
973490311	BacheGorbe	Adagio
1608240366	DashMeiti	 
2715914075	EmroozChand	
2303142614	idinsayyar1	 
1058459906	raheb_c	
630294980	1st_nafar	
53804216	Ferihelper	Ferihelper
14493664	spidermard	Spidermard
168457323	ArashManteghi	Arash
465363827	Masooti	
894875454	AghBahman	Agh Bahman
282766775	ikalaq	 
238229483	kuffmode	Kayson
630361755	leonst7	L0N
403668878	Abestanioooos	Abestanioos
1042209960	MehranBotParast	  
2380611085	Albertkr1	
112029481	Siiibiiilak	S!B!LaK
845831238	TwitrCovers	TwitrCovers
13058682	amir_abbas	Amir-abbas A.
1637970932	zconf	zconf
1201474164	jol_bak	
1368287238	faaker_	
369454450	SICKKOWL	 
597692888	agha_javad	 
330244006	amou_milad	 
88484535	aQaGorGe	aQa GorGe
518681801	fhinese	Hamed
615131370	mey__sam	 
1033223966	HasanRamezani	Hasan Ramezani
15306499	aliajafari	 
1883469253	suebloggs8040	Sue Bloggs
2536842606	RojinaLtd	Rojina Computer Ltd.
35172255	mahssaa	 
33211396	razgriz94	Cristian Ruiz
1650001394	Hadiiaan	
511883965	Mosht_aba	Moshtaba
99047235	farhadex	 
250169526	minaarya	Mina
375554087	cafebazaar	Cafe Bazaar
615235549	Pajooh1	
315178519	black_m75	MamadReza
180505807	instagram	Instagram
7424342	milaad	Mild
18760301	ahwaztaxi	Dr. Waver
1895233676	ForEverOskol	
163433987	bob_johnson	
1834293847	PEACE_REST_2	PEACE
76172541	MilaDnu	Milad
1896169602	Sica_ir	
223122702	islamizad	Milad Islamizad
357541884	Sogol84	 
2293195141	Nelll_8	
6029522	jadi	jadi
742402098	Namak_1	 
95637398	parsish	Parsish
2256186895	Alireza_Moein	 
2272242467	sizdah42	 
86039811	moallemi	Reza Moallemi
38385927	NarimanGharib	Nariman 
1617526993	radiochehrazi	 
135679428	danimoh	
2147578833	tanasoli	  
6167132	arashzd	Arash Zad
16548023	9GAG	9GAG
2263104459	vahiidsh	T  C
1037092932	lusinafer	
250009609	Ehsaan__	
574654481	foadi65	foad
137492261	vahidmali	Vahid
425985598	notoall	Sraan
19062423	smdalili	Mehdi Dalili
295251803	Fardinak	Fardin Koochaki
1256706829	zat_ara	
232814544	Hossein_Aghaa	 
45537951	SattarSaeedi	Sattar Saeedi
1663858934	amin_acdc	
1197802136	tah_sigar	 
18424473	_Cafe	Cafe
806080675	mowtion	
1495951248	hosseintanha89	 (UNESCO)
203678193	shomare29	29
1889951424	best_of_farsi	 
313838974	Darvish_Aref	
1139229804	ser_serpico	NANI
434442640	shaakhtaar	Shakhtar
979042861	behzad_bh	shex
1636476440	shaiyian	N
255038870	1masochist	
311923237	mamaly64	
195224039	Mimabedi	 
451783052	_velGard	
1033061988	HO5EIN	
2255375036	LUMPY_54	LUMPY
14690170	PhillipOfAjam	P
853290625	TwitteeTod	
213444096	isaaeed	 
602629562	Ferinaando	
1667371002	plaque9	
1686380023	aleflaamnaz	Elnaz
1485757075	ManaNeyestani	Mana Neyestani
1578709506	tehranmap	Tehran Map
