857948300112220161	derMondschein_	
2657696780	Golnea	Goln
752207710729465857	_shahraam	.
971546743	severininfurs	ammaliatrice
875803216742674432	699ynwa	 
875627795224735744	violetanarchist	  
814231264765026305	Eshaq_jahangiri	 
800520553937240064	ArtFeeIing	ArtFeeling
3044877227	Khatamimedia	Khatami Media
1371618385	Rouhani_ir	 
4538783414	azdla	
853662554492735488	pouryia	
600062562	rotanik	rotanik
852056086668562432	golnazsoltani	GOLNAZ
548581706	ItsMetalshadow	
852981644420161537	chawtaar	Mr BigHand 
845856412551000065	mamadimami	.
542118369	Ashitaaka	 
839902073839894529	looloo_hanif	 
822175024782123008	Ennzocoli	
786991480258854912	tzeta_	zeta
780447296970448896	ak92sama	ak92
712729509162782720	miss_fox92	miss fox
39538010	pewdiepie	pewdiepie
701514876204818432	elliounn	
708008340392177664	en_gune	someonebetterthanyo
4250674173	ely_shahy	
2427624403	srnmhda	
711142603	Khoftak	
752054452165586946	Norra____	SHE
283150806	FaNaghme	mei
4165579755	SinBanOoOo92	
2221671150	mc4930	49
184486452	miish_mash	Mars
396405629	maryami3	maryam
727596383222407168	NasriiiiiN	NasriN
937116199	parastufd	
3245408322	Sahbasad	sd
931438112	behnawm	Beh
2721296281	JalalSamiee	Jalal Samiee
3985158793	qazaaal1988	qazalll_
701007558543159296	Abgousht	Bozbash
3405249253	arenesmaili	Aren
169179541	mamlekate	
552252520	engmahyar	
964391587	OmidMan55	 
1884147697	yeggun	
1162915387	zirsigari_1	 
1682726306	sarOllferi	
2564931008	Seeeeher	
2955300991	rahaeiii	Raha
2598275395	_farnazzzz	
2794480964	LowfatMb	lowfat
752593	Mesbah	Mesbah
4202434203	_Bugles	
1632628790	homayoonvb	
1522028761	musaesmaili	
3379085849	arminsae	armin
4558668389	zamzamti	
387166467	hoseinlfc	Hosein
2551163102	itssaaar	
805550820	RealKharmagas	
311955214	uesaran	
544318453	g0lnar	
311360872	Nardoon	
264309749	z85510	
1266734438	lolita_mn91	lolita
3204018261	baharanegh	beghball
3848862313	__ft_	 
3953287678	OhMyKhoobness	OhMyKhoobness
3900937816	_zirwan_	zirwanz
2334117241	__anht	
432585696	serendibibi	Sadeh
2241127988	Mndiiiy	
578212102	Gembelii	
1872820130	soormeh	soormeh
3309566343	AthenaJavan	Athena
3416327885	farhan_miran	
3086426087	fiureh	HOSSEiN
540824037	DokhtAban	zohaw
96130616	alborz_z	Al
3276597846	TMoheidin	
2205167191	donya_meinhof	
315178519	black_m75	MamadReza
129279460	petroCna	
158462986	SunazZ	
2582005813	Helmar_kh	
739251613	pirate37b	
3311853538	youngerbrotherr	younger brother
24375268	india40	
1495951248	hosseintanha89	 (UNESCO)
979042861	behzad_bh	shex
1344508886	mad_maynard	
1904550685	St_ErFun	Shut Up Head
578568954	tanuchkaa	
2285225286	mamadshahii	M
554534768	shaghaaa	sha
2162864959	sarab_illusion	  
1864966724	lunatic_soull	 
2615508085	hishbz	
1968752048	Swast1Kaa	MeH
2292848544	Messiah_93	
25187270	Mrymjes	
806080675	mowtion	
2693599770	_alphamin	min
297034913	FerDokht	
2452403935	appendiiXxX	
171116097	AliGondo0o	
813630798	89darvinjeh	Li Li PuT
3003039241	lawliet_90	xanefar
511883965	Mosht_aba	Moshtaba
1097986004	Sonijuana	Snya
353739343	oliverteeut	 
1318375603	__SeeMore	
198324192	Rol3erto	
3052117019	gha___zalll	Ghazal
62634095	amirassan	AmirHassan
3036372179	Mehrnes	
974196661	Shindokht	 
2288246604	tashdiddaram	 
287088046	ReviverOrator	
1420440420	Honismack2	h.o.nismack.2.
297081530	Kaafffff	
236510048	pariius	parius
2963943623	nmuseaoe	
707497585	Nazaniin_	
429902909	Dandeliiionnn	
351018576	sorkhsun	Sohrab
2246074231	Solisal63	
516534770	Walkinswallow	
1474390170	Negar_CI	NeGar
434413333	Moje2100	
1328751476	Negaaru	
2327069574	0111khs	 
1037092932	lusinafer	
255038870	1masochist	
2774644930	48kilooyi	terrorist
601234471	colonelaorliano	colonel
2255375036	LUMPY_54	LUMPY
502696082	sxhxr64	
396408830	soodImim	Dos Santos
2615655384	leymm_	Ley
1663018050	Juani____	Juani
2362474561	_Taaher	TaHer
2235133873	o0nfs	
45604639	Naznoush	Nazanin
1698894774	hedhed10	 
933027068	Nperma	epoch
238330325	zirwanz	zirwan
609146118	Noushabeh	
2821242113	vaaniaamaatinaa	
2415675831	boob_ii	Boohama
238229483	kuffmode	Kayson
2180633748	MehdiAHM	
2615612538	Erfan_777	Erfan
43288974	elrazez	Al
946338937	hid__	Nah
2562703793	saabbii24	
296382255	shimzing	Bored 
48538079	Shaamorti	
15086510	pngle	PnGle SeleYeR
1110143388	Sany___	Sanar
853290625	TwitteeTod	
1050897936	__mahtub	
2526119594	NamiraCorp	
181078043	Errfands	
873867872	Teymoursg	
1089662899	mino0ol	
1139229804	ser_serpico	NANI
250784864	milad_d3	
996638082	Ferrrrri	   
408701339	kickmehr	
1636476440	shaiyian	N
1047565914	_elahe_f	El
434423252	nadanekol	Amir
80556837	dsahba	sahba
2723749248	heyejimi	.
42804157	S090L	
270375773	0ff_again	us
242807567	_aTaha	taha
630294980	1st_nafar	
524893817	elicohaam	
2314077164	blopblipp	Not like I'm Maddie
751012920	johnameen	Me and Mozee
627801761	ArefHosseini	 
475664526	taraneh16	
956058134	Berouz_	
