849493082953404416	sarvenaz_rezaei	Sarvenaz
32542086	hamedjbb	Hamed Jabbari
818377070854176769	ladyshaghayegh	 
2501110624	FAScinationist	farhad
834660051105234944	Amirzazia	
2543813160	HrXIII	Herr 13
879736896666185730	Naghme_hzt	Naghme Hazrati
616983360	Mehmet_Meshkani	Mehmet
2868004512	csshahab47	  
375245154	ILLUMlNATI	ILLUMINATI
3556885452	kingpoto	Photos
15962101	jaredhobbs	Jared Hobbs
701484140206673921	kommunia	communia
773009000	GonzoHacker	GonzoHacker
41842768	Nonapeptide	Wesley David
836574312337387520	shimaostadi	   
867617792442462208	Sarilaaa	
868013067581489156	AidaTheOne	Aida
854443149757906944	webboof	webboof
626624677	_GOLNAZ_	golnaz
845778846209093632	professional_mz	mohammad hossein
858383642220953600	samavr11	
17236539	SayahTweets	Reza Sayah
44196397	elonmusk	Elon Musk
10271412	oldestlivingboy	Brian Kennish
4697967072	sookhtehdel	 
572051429	Serpicoo3	Serpico
815425619911700480	hajiwashington2	
805069747989704704	soori_land	sooriland
774512402373238785	Shahgrap	 
189815819	OmidShokoohi	Omid Shokoohi
717654410	SaraSoueidan	Sara Soueidan 
21755824	DistroWatch	DistroWatch
706182612935696384	mahaneto	 
847544448246575106	Mehrnaz199372	Mehrnaz Keshavarz
795241199795863552	sadafmontaseri	   
783908179948216320	kolbe_mehrab	Alireza Izadpanah
2420838708	PexelsPhotos	Pexels
4495231874	zhenyasaisquoi	Zhenya Savchenko
14500363	jakeboxer	Jake Card
246930577	iran_time	   
781084838858293248	book_selfie	 
770661709073686529	AhmadDastaran	Ahmad Dastaran
695577933705043968	turnoff_us	turnoff.us
4299498374	AliMosajjal	 '' 
3038638900	eslahatpage	  
4445257453	farhad_faghihi	Farhad Faghihi
2292889800	vuejs	Vue.js
806081585674067968	Darvag_	
834282450511605760	Hatmaann	
2650244630	jirjirr	 S_S
829198802083012609	baysonqormirza	
926382182	fihvl	
774653055438467072	MahsaMahjoob	mahsa mahjoob
797883605179662340	Siamak_222	
4912093401	radiodeev1	Radiodeev
3695889797	Mahdieh_Mohseni	Mahdieh@Mohseni
3299160665	Yahya_iranian	Yahya_iranian 
810042446604275713	MehrGSM_Shop	MehrGSM
1937349866	MostafaSharmsar	Mostafa Sharmsar
40938611	Codeanywhere	Codeanywhere
3245163003	capetowndev	Ronen Agranat
15948437	spolsky	Joel Spolsky
18193572	jonskeet	Jon Skeet
17927068	emehdi	Mehdi
1706947308	mahdiporgrammer	Mahdi R
46067820	alitakin	saboktakin
2961846990	kernel_p4nic	AMIR
3616372395	AliSh_70	AliShah
3356531254	internetofshit	Internet of Shit
216497558	amirmoharami	amir
29976626	m_ismailzade	Mecid smailzade
34207265	mehranzand	Mehran Zand
738426320745598976	Hosseinhomaa	  
2677289053	kaveh_k_s	Kaveh :)
727999962848624641	dooste_aziz	 
3975643701	mrha38	Morteza Hashemi :)
738765158386896896	afshin_r_m	afshin rasouli
291340178	s1m0nw	Simon Willnauer
172760156	streetartnews	StreetArtNews
713003123	GoogleStreetArt	Street Art
1463919458	smo_7267	SmO
203238845	Apo11onian	Apo11onian
1901449784	navidisina	sinanavidi
786142293711527936	sahand_foroutan	Sahand
782769672680767488	twtltbtd	 
14556423	iiriix_	
753570561842970624	iamalirezanouri	Alireza nouri
2588075474	Jeberson101	
4918589052	apollographql	Apollo
2963091971	GraphQL	GraphQL
736465513019232256	HashemiKurosh	Kurosh Hashemi
1160792402	yekvakil	
94954307	safaharatian	Safa Haratian
112507479	arastuq	Touhid Arastu
768018232636682240	_dovomi	
1627653294	shadiiranii	shadi
4877667052	vxdthi	 
188389909	Payamak7	
1206956546	NasirSepehri	Nasir Sepehri
4156826357	masoudnikoomnsh	Masoud Nikoomanesh
2608311922	saeedcpo	  
4398626122	OpenAI	OpenAI
764731547895422976	ghazalak1995	
745002924992913412	bita_bokharachi	 
734761323465216002	Sir_Sourena	Sir Sourena
722449771768582144	MrC0de	MrNull
248062460	mehrdad_2000	Mehrdad
3739682116	SheTweeting	Shahrzad Beheshtian
2301576298	bahram_khan__	  
330740614	nickparsons	Nick Parsons 
743924890688884736	MC_GitFlow	John Vardanian
16540733	MansourKiaei	 
2618392187	arashnkia	Arash N. Kia
37890303	alirezakarbor	
2483220384	vahidyadegari	Vahid Yadegari
2452360539	BahriMasoud	masoudbr
753277962594680832	beny_online	beny
162289791	Takavarp	
158013661	pascalraszyk	pascal
1156615940	AmirKhoshnoud	Amir KHoshnoud
729983632778113024	akbarbikar868	Mostafa
375935537	obartra	Oscar Bartra
3188055504	sttigg	sttigg
96410275	shah_shahi84	Shahryar
730066906984681472	VavMusic	VavMusic
368269590	bkhezry	Behrouz Khezry
2534577938	philosopher_owl	MOSN
748697068701560832	farshadafx	fermentation
4231658296	companynashenas	
723285978278825984	lshgr8	  
3252519672	amiroo_r	amir reZaei
2442381762	GRRM	George RR Martin
493645535	JavadBahoosh	Javad Bahoosh
219937890	hossien2005	
227634052	Arch_Raziel	Mass
461320226	amir_habibzadeh	Amir Habibzadeh
1885667851	BHR_RHA	BaHaR.H
4454607515	marmar3320	  
123181488	H___CR7	 
1673092908	Ebrahimjabbary	
1156721059	zoveilzhiri	 
1374737449	HangFar	far hang
2162249209	javadsoltani7	javad soltani
34364331	PD90	Parham Doustdar
722254142744485888	nodegurujobs	nodegurus
154983874	drshojaee777	
249626088	Mehrdad_Naeimi	Mehrdad Naeimi
2237844794	mm580486	
1525700558	hamed_2005	Hamed
4781113012	78zx6ca31	Saman Aran 
755957509	RezaSaadat1	 
31261028	esttorhe	Esteban Torres
3382084816	Mostafa1594	Mostafa9415
47421258	Golshifteh	Golshifteh Farahani
2656854650	magila_sd	
4645076849	kahkeshanOnline	Kahkeshan
300242761	Inkbotdesign	Inkbot Design
3028206635	haqaliz	Ali Alizade Haqiqi
87989820	rmenegazzo	Rodrigo Menegazzo
484921502	un00sha	
713808708950745089	tajikhanoom	
726649175010623488	Ast_Studio	Ast. Studio
2909807976	Geodesian_1989	
4782551	Vahid	Vahid Online
28066831	sinavaliollah	Sina Valiollah
707117315431776260	Germinal_Group	Germinal
443854025	hatefmdn	Muradin
4126388668	FogholHuman	
1053116118	Arashbyl	rash
209811713	TheHackersNews	The Hacker News
478913170	Amini141	 
2395123376	zeini0	Ahmad Zeini 
3374231	mxcl	Max Howell
2820523394	nazliazadnejad	
1617526993	radiochehrazi	 
1259582209	Yaser_Amiri	Yaser Amiri
407757236	AmirMajzoub	Amir Majzoub
1655985392	saeedgnu	Saeed Rasooli
2337994746	TheDemoVersion	DemoVersion
2337994746	TheDemoVersion	DemoVersion
2267072581	khashaya_r	/bin/khashayar
3400772458	aordibehesht	Ahmad Ordibehesht
1518923052	nainemom	 Amir
2813223643	bwilloch	Bjrn-Erik Willoch
2750196420	Hedayat1330	 
17447154	saeedhbi	Saeed
1668461551	Fusionmadness	90s Throwback
372457786	unholytr1n1ty	Alireza
1931115193	behrouzta	Behrouz
4639216160	n_warren	Nick Warren
712670426980360192	MaMaLoO1997	Mr Majhool
192475472	Dejavu_rm	Reza.M
4776185721	ProgrammingWrld	ProgrammingWorld
704092940034056194	mprlred	
37658597	aabedarjmand	Aabed Arjmand
2638950678	JavaScriptKicks	JavaScriptKicks
4620140002	meysampg	  
3450628452	TVDesignZ	Timmy
714185458549436420	linmanlinman	linman
