1946196584	navid_bhz	Navid Borhanzehi
836574312337387520	shimaostadi	   
2416257290	roshannorouzi	Roshan Norouzi
833511079	KiaPanahiRad	  
2410118058	Majedej	Majedeh
870789974077177856	arghorbani51	Alireza Ghorbani
2575440769	AbdolrezaKahani	Abdolreza Kahani
3052657133	SamirBinTuta	  
865732314529181697	abolsal	Abolsal
43975673	siavash_a	
733403202	alisabzevari	Ali Sabzevari
973490311	BacheGorbe	Adagio
3298497218	AmmarMaleki	Ammar Maleki
2534794172	Epicurqazvini	 
825065930757541888	milaniabbas	Abbas Milani
849887955527368707	jebhejavanan	 
801272664333647872	YekRay	
858394645885313024	IPPOGroup	IPPO
855488685931999232	abmomeni	 
27955781	Firouz_Naderi	Firouz M. Naderi
739543268359307265	na_be_zobale	#_
1836766068	TavakoliEhsan	Ehsan Tavakoli
809743447246733312	alimotahari_ir	Ali Motahari
50587590	hana_nico	Hana Nasim
3121372283	shahkoohi	Steve Shahkoohi
244232732	yasharsoltani	yashar soltani
705360003184644096	saghetalayii	 
701433380345356288	k_norouzii	Kian Norouzi
2830168940	ntabari8221	Narges Tabari
753849121	sdmohajer	Saeed Mohajeryami
777261986790924288	sorenaahmad	sorenaahmadi
513478434	SamanMovahed	SamanMovahedirad
15637198	Khalaj	mamareza
989182734	officialfawiki	 
707386656035381252	Arian_FaWiki	Arianism
250509012	khayyam_robaee	 
712203671258451968	Gavrch	
3360339562	mfarahy	Mohammad R. Farahy
252131613	Fahimehkhezr	Fahimeh KhezrHeidari
24855062	nimadehghani	nima dehghani
753148583570997248	Mahipub	 
749551939483004928	bahmandaroshafa	 
2291122518	atbox	Atbox
224976523	MehdiKeikha	Mehdi
744382114733268993	LetsAvoidGhalat	 
2214869083	BehnoudMasoud	masoud behnoud
1583717040	alioth_pnh	Eli
14498809	smto	Somayeh Tohidlou
753570561842970624	iamalirezanouri	Alireza nouri
748992272272941057	ElhamPavehnejad	Elham Pavehnejad
2180633748	MehdiAHM	
504767598	1mohitban	  
49185660	Ebihamedi	Ebi Hamedi
1717951670	mehdiberneti	mehdi berneti
700958460620492800	Takdaneh	Takdaneh
4362483021	SMART_ANDI_	taha ghassemi
47421258	Golshifteh	Golshifteh Farahani
2644197410	Snapp_Team	Snapp 
6579092	Ardeshir	Ardeshir
44697698	Mehrvash	 
15402347	behdadesfahbod	Behdad Esfahbod
716634362071134208	mohmogh65	mohsen
55579958	MostafaFarahani	Mostafa Farahani
404186516	misterbex	Bex
334161563	mamadpori	 
1266997788	LaaaFayette	LaFayette
1588420616	Jedaaal	Aliz  
1547899596	MRafigh	majid
613399134	SadeqSaba	Sadeq Saba
37413528	Parpanchi	Mehdi Parpanchi
3956138122	Olympic_ir	Iran Olympic
1215472928	icinema_ir	icinema
63068768	Sam1Kia	Sam Kia
183072836	BahramRadan	Bahram Radan
1726305288	AfsharMahnaz	Mahnaz Afshar
2916305152	Snowden	Edward Snowden
232814544	Hossein_Aghaa	 
3727936577	_kebrit	 
4624773153	t_alidoosti	Taraneh Alidoosti
1180588441	GholianH	  
2958304667	gorjico	 
421740311	zed_ek	
2565063066	meidaandotcom	
14873102	ArashBahmani	Arash Bahmani
50259717	Ehsanism	Ehsan Norouzi
5943122	LevaZand	Leva Zand
479981193	divisionbyzero_	$ sudo su
302666251	Raspberry_Pi	Raspberry Pi
853290625	TwitteeTod	
33478393	elhammoin	elimin
19919875	kambizhosseini	Kambiz Hosseini
894875454	AghBahman	Agh Bahman
114165346	tehraner	Tehraner
764537	AminSabeti	Amin Sabeti
9313772	onlymehdi	Mehdi Saharkhiz
24375268	india40	
242231518	roozbehk86	roozbeh
920317916	bbckalbasi	 
2945599269	siamakansarii	Siamak Ansari
563858135	UTACM1	UT ACM
508072896	milanifard	Amin Milani Fard
49012340	ahmad_tav	Ahmad Tavakoli
28088832	ptoreini	 
47950048	shakibapour	Navid Shakibapour
47351409	lord_aragon1987	Alireza
103926108	msa110288	Ali Zarei
634031864	Nvd_Z	Navid
2373744715	Doniro86	Doniro
2556606733	chamoosh2014	akram
2699032664	SepidehAfkhami	Sepideh Afkhami
95692773	vaheeds	Vaheed Sadeghi
2370636170	KazemCH	Kazem
18424473	_Cafe	Cafe
2951731	Behrang	Behrang Tajdin
123577879	aazaad__	Merkwrdigeliebe
2209081	Kamangir	Arash Kamangir
238330325	zirwanz	zirwan
195224039	Mimabedi	 
14690170	PhillipOfAjam	P
2446077384	Aftab_Naghashi	Narges Moosavi
15015672	Raaadin	
9826872	ashkan_g	Ashkan
2233134438	SadraMohaqeq	Sadra Mohaghegh
534286075	hbanaee	Hadi Banaee
480737104	HamedTabaar	HamedTabaar
42865904	etoreini	Ehsan
2303142614	idinsayyar1	 
434442640	shaakhtaar	Shakhtar
97901285	mmoeeni	MHMD Moeini
47813521	JZarif	Javad Zarif
15167848	JimboNzr	Ali Nzr
417244077	damazud	
2721296281	JalalSamiee	Jalal Samiee
2228762088	1hoseim	Hosein Norouzi
760437030	HamediEbrahim	Ebi
87653387	zekipedia	
293681367	marzie_r	Marzie
2255375036	LUMPY_54	LUMPY
2273148817	emam_sd	 
237442146	SirKipax	KiPaX
478378224	TiredDragon	
151349203	Kutlas_e_Kabir	Kutlas
255038870	1masochist	
1364631038	armanparian	 
1929758677	radiojadi	RadioGeek
4782551	Vahid	Vahid Online
17738399	sallar	Sallar
6029522	jadi	jadi
240648236	maziarmdd	Maziar
2671711217	moimeme_s	Sepideh Hashemi
15192708	tavakkoli	Behnam Tavakkoli
