1634854514	khatami_ir	Mohammad Khatami
875682745753665536	haadiheidari	Hadi Heidari
2214869083	BehnoudMasoud	masoud behnoud
211269614	e_asgharzadeh	ebrahim Asgharzadeh
47295414	Banisadr	Abolhasan Banisadr
2870467090	MJalaeipour	 
816023346345345024	FaezeDolati	Faeze Dolati
37413528	Parpanchi	Mehdi Parpanchi
1614950090	yaminpour	  
806536108788109312	Maghatehrani	  
813759811246493696	vahidjalili_ir	 
770076813557104640	azizjafari_ir	  
3044877227	Khatamimedia	Khatami Media
3131466466	abdollahram	AbdollahRamezanzadeh
856226431738818561	ali_shokoohi27	 
856573236661932033	jamshid_ansari	Jamshid Ansari
765515105576550400	Zarghami_ez	   
813749727170793473	Dastjerdi_ir	  
831519910463434752	mostafatajzade	 
724924108400672769	TavakoliDr	 
789497569890013184	S_A_Salehi	Seyyed Abbas Salehi
797311077998559232	ZahraAhmadipour	 
3418181543	shariatmadari_m	ShariatmadariMohamad
773042524994826240	mazaniahmad	Ahmad Mazani
757667003092140032	kavakebian_ir	 
2269066730	DrAboutalebi	Hamid Aboutalebi
1421528167	DrSaeedJalili	Saeed Jalili
758679740005945344	Dr_vakilii	 
2894114580	Nahavandian_ir	 
3437747915	ir_rezaee	Mohsen Rezaee
4830585628	HaddadAdel_ir	 
994511047	hesamodin1	hesam ashena
751721055031586816	mah_sadeghi	 
2605074703	Majlis_ir	  
2164583325	ebtekarm	Massoumeh Ebtekar
4708866923	MohajeraniSayed	 
4897803268	h0d3r_fa	 
3380173685	majazestan	 
2458304413	EQfard	Erfan Q.Fard
46870594	mehrlran	
3352430272	arghavaaan_	 
98446090	BenAliSamba	Ben Ali S.
1201045933	BBCBastani	Hossein Bastani
920855820	BBCSamFarzaneh	Sam Farzaneh
2899064288	salam111111111	 
2213635794	MasiYahyaee	masi.yahyaee
920061487	javidfa	Javid Fakhrian
22480106	behzadmortezavi	Behzad Mortezavi
47913460	navid472	N@D
57779998	kadivarj	Jamileh Kadivar
1600742850	mowlaverdi	 
2164626723	ebtekarm_ir	 
282077865	Chivas_Regall8	Shiva-Aba
15007149	JohnKerry	John Kerry
297884368	AlanEyre1	Alan Eyre
1715871774	parichehr20	Parich
1397462120	BBCKhashayar	Khashayar Joneidi
2438498226	EtemadDaily	  
920317916	bbckalbasi	 
1485757075	ManaNeyestani	Mana Neyestani
1588420616	Jedaaal	Aliz  
2206855260	D_Yeganeh	Delaram
1371618385	Rouhani_ir	 
1932851846	araghchi	Seyed Abbas Araghchi
332416176	paryngroup	Paryn Art Group
38150651	FarshadPix	FarshadPix
1850273407	khvatan	khatereh vatankhah
157408251	alireza94	Alireza Ahmadi
2363365850	KooroshTaha	Koorosh
52304663	rauljustelores	Raul Juste Lores
15084757	saeedt	saeed
816761983	shoeibabhn	 
1512881538	mekarami	mehran karami
61724051	arashbh	Arash
2751480045	AhmadAhmazizi	Ahmad Azizi
152241649	parsafatehi	parsafatehi
253229302	m00rche	MoOrChE
290050085	at_aa	Ata Jabbarzadeh
2998573028	ammarname_ir	Ammarname.ir
2771095906	NobateMane	 
2998573028	ammarname_ir	Ammarname.ir
65137338	arsallanbaghdad	arsallanbahdadi
152241649	parsafatehi	parsafatehi
1729709569	shafieian1355	  
1584066241	alibozorgian	Ali Bozorgian
3237367769	Bikerzonemotorc	Aziz.Haghighat
2705759414	RuthOgetay3	Ruth Ogetay
494247906	MRYAZDAN	MR YAZDANPANAH
101318105	mahdie_rm	mahdie
2716882537	KiarangR	Kiarash Anvari
594411646	SiavoshGHAZI	Siavosh GHAZI
28539552	Mehrdxd	Mehrdxd
53855123	sadegh940	SADEGH
136288132	lindseyhilsum	Lindsey Hilsum
41787366	siraninejad	Shahin Iraninejad
1946012353	ranjipour	Ali Ranjipour
2303421201	Fa_Kalantari	 
2638822474	amirarani68	amirarani 
2335123849	shneissari	shahla
1970356591	hamidgh1365	hamid
1603748780	rezasajjadineja	reza sajjadi
57440281	nazilafathi	nazila fathi
100459607	Danialowji	Danial Owji
743259325	zamani_53	hamedzamani
15180542	eghlima	eghlima
2301024374	FunfareOffers	FunFare.ir -  
2229049841	Javaddalirii	Javad daliri
1931679415	ZeinabTabrizy	Zeinab Tabrizy
37021494	ozilhan	Hans Ucko
58142884	kaareez	Hamed Gh
49574394	mtashackori	 
408389558	mhsadeq1414	 
1012989462	MAshjaee	mohsen ashjaee
736639184	DonKavexo	
4135311	ehsan957	E-Sh
49601434	DonMohsen	Mo
2221730194	JavdanOrg	Eternal Culture
1732198322	Atefeh_Sadeghi	Atefeh Sadeghi
61696778	aram73	Aram Pakravan
2781836982	piazcheh	piazcheh
139525580	CameliaFard	CameliaEntekhabifard
2929122676	amirhjami	Amirhossein Jami
370886311	soodabehasadi	Soodabeh
2324011491	HKhalifesoltani	Hafez Khalifesoltani
465046953	JNelsonJennings	Nelson Jennings
56620361	nikoonahad	majid ghadamali
67589345	81844	ali sadry
46061625	NewshaSaremi	Niusha Saremi
2301124573	na_mo_11	Naghmeh.Mstv
3065859705	DayDawnRooster	Day Dawn Rooster
588310772	ehsanghalamchi	ehsan ghalamchi
89673026	saeidghasemi	Saeid Ghasemi
2434644426	Karimimajdroya	Roya Karimi Majd
18549624	mehdimeskin	Mahdi Meskin
298346574	ParsisWeb	VahidAzimi
151799332	sonananoo	Sabaa
446869683	MohdAbdullaMohd	  
216678114	komeilmoradis	Komeil Moradi
224636056	Reyho0n	
1905165914	1988_sina	sina saeedi
216678114	komeilmoradis	Komeil Moradi
538008444	ManiLotfizade	Mani Lotfizadeh
1905165914	1988_sina	sina saeedi
212204666	mehdi_gholami	Mehdi Gholami
709313	cfarivar	Cyrus Farivar
302860174	chapdast	Aka Lefthanded
375212163	cmajid_com	Majid Shahmohammadi
285535124	albabtainprize	 
3044895350	R_Najarbashi	Ramin Najarbashi
1518670375	mohammadhadiara	Mohammad Hadi Aarabi
252128446	ashkanghandi	Ashkan Ghandi
2386360768	c847b47906cb4cb	Mehdi Salari
1209221732	javad_b_s	javad.b.s
20621869	hajebian	Amirhossein
7745932	maryam1987	Maryam
368392924	alirezaa96	Alirezaa
247328789	carney_iam	Carney
3122485994	87f94247cdb64b6	Masoud Ghanbari
24855062	nimadehghani	nima dehghani
183535747	Zarghalami	Behnam Zarghalami
736923133	MellatMohsen	mohsen mellat
17709404	inadram	Amir Mardani
2285600400	Taajeraan	
22194135	alich110	Ali
2186440225	NafisehZare	nafiseh zarekohan
409187106	arashborzooei	arash borzooei
2308058394	fr4ct4	Vahid Khodabakhshi
43481077	Macromehdia	Mehdi
2731583284	SaeidiNasrin	NAsrin Saeidi
716057899	ruthogetay1	Ruth Ogetay
455924692	alialdabbagh1	Ali Aldabbagh
24154138	chrisshayan	Chris Shayan
14407077	yazdanpour	Esmail Yazdanpour
3127067057	EjlaliBabak	 
701200701	aminusvobiscum	Amin Ghaffari
35671382	raheazadii	 
2890773990	comixial	comixial
183321991	alirezahatami	alireza hatami
226132804	alimaytv	Ali May
170641109	JHaddadOfficial	Joumana Haddad
2220798751	shimashahrabi	shima shahrabi
2622456300	hobnobworld	Hobnob
2185658538	MehdiHasani7	Mehdi Hasani
41554004	fazelmondani	Fazel Mondani
337614804	hash_ben	Behnam
2798765707	IdeaCAC	IdeaCAC
841832342	mhmehrzad	Hossein mehrzad
788373978	ali_tabataba	Ali Tabatabaei
53852909	MosiMC	MOSIMC
3022207548	BishopAtallah	Bishop Atallah Hanna
44834701	RasoulMajidi	Rasoul Majidi
736520100	amirmalekt	malekamir
1196864822	Nasrinrose1	Nasrin
98078899	hamedzaker	Hamed
47895314	Resasade	Dr. Hadi Resasade
2882629869	mirmahdi	Mir Mahdi ()
1912362031	KhojastehReza	reza.khojasteh
1456189735	IravaniAhmad	Ahmad Iravani
280014720	Ghazalibanoo	Ghazal
930821286	avazzade	Ziggurat.Persian
