171107331	4RASH	  
112046680	myrepub	 
870788406	fatemehshahbaz1	fatishaah
56319902	MasoudFatemi	Masoud Fatemi
479981193	divisionbyzero_	$ sudo su
2780215928	historyinmoment	History in Moments
1023096199	HouseofCards	House of Cards
3044877227	Khatamimedia	Khatami Media
2819481665	minimalism_jpg	M I N I M  L I S M
49360447	catsep	Katayoun Sepehri
1253635922	vagheanke	Shahab Javanmardy
847161818925727745	Miiilik	
846315488120582145	otaghak	Otaghak - 
841508881083838464	alitajernia	 
840955492881039360	RezaMoh62230157	Reza Mohammadi
834172004920127491	tehrannespresso	  
2465816959	TakhayoriNasrin	Nasrin Takhayori
1617526993	radiochehrazi	 
2356833078	kulturtava	Black & White
2804599812	amarissa94	
803542292451721216	Paneveshtcom	
1536791610	POTUS44	President Obama
822028692855672832	amir_khoda	Amir.kh
590750672	are_eskandari	Alireza Eskandari
93712572	Dokhtarhaji	Dokhtarhaji
810134313010417665	alishakourirad	Ali Shakourirad
2200689324	EhsanAhGh	Ehsan Ahmadi Gh
354406949	parniab	
854274296	Freshkaramel	Fereshteh Karamali
1627653294	shadiiranii	shadi
3375442425	TahaKhz	taha-khazaee
788695359585390592	OrgChartToday	Frank Turley
2377325558	durex	Durex Global
707904993811111936	boghche_ir	Boghche | 
4897803268	h0d3r_fa	 
250509012	khayyam_robaee	 
768150664702820352	TehranPodcast	TehranPodcast
558603506	kiawisherman	K!A
752248620427120644	MehdiTohidpour	Mehdi Tohidpour
705638657617633281	sahariiam	 
38487498	pmief	PMI Educ. Foundation
2852941088	AliSoleimani_	Ali Soleimani
731403889631739908	usdimo	Mohsen Ahmadi
3305609316	tehrannsr	Tehran ICT Guild
4277301340	AqdamB	lady El
2644197410	Snapp_Team	Snapp 
494916030	Icemili	Milad Freeman
44731896	rashaj	Rasoul Hajari
1871596320	hazratajal	 
4861239053	dakyaco	Dakya Co.
1229433950	HalfBlood272	Matilda
3172837949	hasoumian	m.hasoumian
3190701948	nedamonem	Neda Monem
1859950441	f_Mehranfar	farnaz mehranfar
198101381	a6oozar	Aboozar Ghafari
2190073021	MBolhassani	Masoud Bolhassani
14517473	Roozbeh_a	Roozbeh Asghari
2958304667	gorjico	 
6762532	cubny	Alireza Eliaderani
359012362	miladkian	Milad Kian
705722482972565505	TordNamaki	  
705360003184644096	saghetalayii	 
1624979592	rassam_hossein	Hossein Rassam
3727936577	_kebrit	 
27967095	panevesht	Payam Moin Afshari
4804924162	NegNeging	
548711512	imkamyarrad	Kamyar Rad
1466551266	elba2020	ELBAM
264142444	SaraKu90	Sara Ku
25731138	fandoq	
1176180264	tranjbaran	Toktam
3768837255	Roshanyyy	Roshanak At
204832963	TheTweetOfGod	God
1015896536	GoosheNet	Gooshe
2286253674	saman0018	 
3974983814	mahshid_fard	Mahshid
540135012	EmilyAmraee	Emily
1161795360	AidaAhadiany	Aida Ahadiany
2205684181	AsalMansi	Asal Rad
2945599269	siamakansarii	Siamak Ansari
2328116461	dashtinejad	Dashtinejad 
46769622	shaahink	Shahin Katebi
2807736560	es_shamim	Sh.Es
14953442	faghihy	Amirhosein
3391156168	zargar1982	masi asghari
781993206	aysanaghili	
317727453	MustafaMoghadam	Mostafa Moghaddam
3279617270	faranak_ku	faranak
1949065910	dr_elijun	 
15448418	roOzhin	!
36402616	PRINCE2_Coach	Frank Turley
57775964	RoozbehMoniri	Roozbeh
139525580	CameliaFard	CameliaEntekhabifard
3008168385	shadisharifi	@
306135730	instrumentalSM	sanaz
16275448	snasihatkon	Samaneh Nasihatkon
838749943	faraz_hu	faraz farhidi
973490311	BacheGorbe	Adagio
715916525	taheri_mohamad	mohamad taheri
121531590	holakouee	   
20834720	theReticent	Ilia Vakili
36924087	javadOftadeh	Javad Oftadeh
14723545	tehran	Shahram Sharif
46879101	kermanpour	Mohammad Kermanpour
2913547533	amirhosseinag	
50444084	sareh_m	sareh mousavi
304544916	guitiabedi	Guit Guit
518527599	meysamdm	
125274562	peyman3d	 
1580884105	hooshmandk	
96410275	shah_shahi84	Shahryar
9313772	onlymehdi	Mehdi Saharkhiz
92212429	elnaaz_s	Ellie
2488815769	AidaAmirahmadi	Aida A2
2237831526	0RareBird	Fateme
17099427	fatemehmaleki	Fatemeh Maleki
63068768	Sam1Kia	Sam Kia
42167004	MinaRF	Minahe
328571787	mahnaz_	mahnaz
2480117071	TheKianoosh	Kianoosh
846853320	Shahr2ad	
2150300630	BehzadianAli	Ali Behzadian Nejad
1354113871	MajidKasiri	Majid Kasiri
2345716104	shahrzad_maz	The.Talented.Ms.Shah
557787621	Meysam_Royasaz	  
242122280	neda1400	Neda
1500491118	imanbrando	DON iman
2680759279	FaezehAtb	 
1446714426	dosevom	
2321143256	MZargarpour	Maisam Zargarpour
2369487664	bitysamiei	Bita
873867872	Teymoursg	
1359446846	NrzNima	Nima Nrz
2356832300	1991zfb	zahra
611737600	BehiraG	Behira
14603775	baaroon	Baaroon
243307338	haniyehh	Haniyehh
2646650904	ApHaddadi	
2234816707	ShabnamRahmati	 
33493951	fardaa88	Fardaa
2769899097	mircomplex	
905555628	lalayifariba	Fariba
896668789	hnrtrust	
2323567080	saeedesadat	saEEde 
2721296281	JalalSamiee	Jalal Samiee
2587055858	Gazorpazorpi	Gazorpazorp
504824664	SMirjahani	Shahrzad Mirjahani
60550928	zamanabadi	meisam zamanabadi
318416179	RVahidian	Reyhaneh Vahidian
1361717432	BVahidian	Bahareh Vahidian
26956739	hnili	Hadi Nili
1070104556	maedeXmokhtari	Maedeh Mokhtari
2698882758	salmanweblog	Salman
619306547	mesmes125	 
539030556	hamtaye_rose	  
2320505144	mohsen_barati	mohsen barati
1955127601	fattahiii	Abolfazl Fattahi
1631171214	Farda_gm	Farhad
1584066241	alibozorgian	Ali Bozorgian
863192576	Mirza6283	 
2215533445	fatishaah	
2599341619	LayaSadra	Laya Sadra
760437030	HamediEbrahim	Ebi
14755862	VahidStar	Vahid
9361372	khorshid	Khorshid Khanoom
2212622112	rana_schams	
2265872522	foroogh18	zemestane
65968730	AanarchistT	Azy
34549184	lilalways	Linda Bayani
16583526	Paknevis	Sadjad Jahangard
184485214	parsaim	Parsa
7424342	milaad	Mild
55016985	parhamb	Parham Baghestani
22943349	salehamini	Saleh
60276219	realArash	Arash.itect
2264028199	SamanehMirshafi	Samaneh Mirshafi
368546930	mohandeath	Alireza G.Kian
2307269690	odises	Reza Ahmadi
6029522	jadi	jadi
313119999	issavejdani	Issa Vejdani
853061413	shabfly	Shabnam Mozafari
61150052	azizo_0	Aziz
710782545	Rosdoost	Reyhaneh
97733783	omidhq	Omid
27263714	rezasaki	 
16063904	hamedb	hamedb
41357609	rohoo	roho
66903666	kodoiin	
365657909	hoseiin	
87653387	zekipedia	
16663834	saffari	saffari
15007149	JohnKerry	John Kerry
2324137058	IranInPics	IranInPics
157267982	asadsafari	 
894875454	AghBahman	Agh Bahman
15842715	manigh	mani
993328021	MasoudNick	Masoud Nikkhah
2279281220	alinshahab	Ali Nemati Shahab
1487126604	imohsenet	Mohsen
12355832	opiums	Opium
