875817031039422469	the_saeednesss	Saeed
2572871180	ArdshiR_	 ()
3196646168	Elhaamiii	Miss.Elhami
866335598461800448	kholivash	
820923739391070208	patrikmde	
258766900	saahmadnejad	Seyed Ali Ahmadnejad
211791214	Yazookh	 
786075139616169984	dchopon	 
3381623343	adibinia1363	  ...
4515935117	_0Unkn0wN0_	UNKN0WN
831383918666461184	hosieni_ali	ali.hosseini
848605478791806976	M_Bahreynian	Mohammad Bahreynian
850329711171338240	badedood	tender(last version)
569898726	QuickSmouse	  
555266356	FatimaLgary	 
1271949146	piper726	Piper
1573501112	pesare_arshad	
770524327972179968	banooye_music	
2201614536	saeidboshehri	
2817673532	yousefemmmm	Yousef
2975187467	Ahmad1Mardi	 
718684616815702016	AfsharLili	 
822625832996864002	_mr_edii__	 
821004383705935872	Giiisha996	
823854644489322496	xishma	Hasan Noori
824625757351800833	mosy_D7	Mosayeb_D7
825956369152909313	badebood1	tenderrr
240150566	sm_rndm_gy	
813863563362181121	Capitanmm	mr.sina
3292475480	imahdiakbari	MAHDI AKBARI
774512402373238785	Shahgrap	 
2400980401	HAMED29976639	
797123847334072320	zahralizaa	
727999962848624641	dooste_aziz	 
46436740	ghseyed	  
2230333220	Sina_mhm	Gheynoos
814632577189478401	miad_karafs	 
1470212269	haamidsaa	Freddie Quell
2523361808	Loca_che	  
755406590660968449	armaghanedoost	 
2969500671	parhamjoker	Joker
807903903916457984	razi_banooo	razibanoo
739831468155899906	marzieam	marzieh
2301576298	bahram_khan__	  
2305152509	meysamaliakbar	
809743447246733312	alimotahari_ir	Ali Motahari
3418866920	agnotism	
415856693	3lebriti	SELEB
967096220	Parham_hn	Parham
2577199032	bab370009	
4824879251	keyhanpe	  
742043481971908608	bidel121121	
759770589586391040	saraaaebrhm	
3385837521	shermin100	  
786579789108969472	hamoonkegoftam	  
2913138258	sarayevo0	 
2304345050	BadameSabz	 
807160149563547648	nemati_zahra	Zahra Nemati
717613766389735424	paiin______	
178652491	1Kveh	
763069247161503744	Lavoisier1794	    
273981740	parvaneh8	
3897500428	irnewsman	 
321519551	Samiira_t	 
789878714490359808	khodraay	 
2453298948	dash_asab	  
253913710	Aliyoooooo	Ali
414674400	SZafarany	Saeed Zafarany
1586645808	vampiregoood	 
708984270551949313	mehrdad_naghibi	 
786892569443786752	iamkhaje	  
719964208578736130	Harrry_am	  :((
759865935226286080	behrouzkiz	
760514347709849601	Mohem_ni	!!!
707577192138608640	boooofey	
4027280712	Kachalof_007	007 
332481831	c_koloft	 
788367831876325376	poorprofessor	 
2186023429	shafizadef	Fatemeh
2902102438	majidiiing	majid
714366826143158272	St_Paradoxical	 
477566968	HSamadZadeh	Hossein SamadZadeh
796731365869895680	Ehsankq	 
717258406038528000	Hamed_anfield	  
421414648	aminfuladi	  
803279681986433025	mehrbanoo96	Miss
2237397852	amirebtehaj	amir ebtehaj
3368076195	MansoureHallaj	Mansour e Hallaj
754732156996423681	no31415	 
796303607578509313	sajjad_hemmat	:)
2955608388	sinark97	Sina Rezakhani
716850768385544192	rezarajabi53	Rezarajabi
798574492889022464	_hemera___	
717478288	PouyaAmir	Cover the face 
3188055504	sttigg	sttigg
3456989597	_drmajid	DrMajid
2206991005	aya_midanestid	 
2857902084	houri_hs	
94433768	amirraamm	amir
1601199482	MohammaMahdiPk	
426958097	mahyaralby	mahyar
2785727192	sz_shaaadi	 
484650196	moh_sdg	Mohamad Sadegh
769260766428008448	ma3oudbazgir	 
4908425248	sepehr_mrz	Grey
4705084356	sheragiim	
516332714	Aliteghteghi	 
437453409	coolvulture	Cl Vulture
729785624866246656	HoseiniDanial	danial hoseini
3543195435	OmiD24KB	 
747538076197601280	zohre_rama_h	:
761210013461340162	mohamaderfaniy	  
784547097173487625	mahhzaaaa	 
2563882749	Rckaad	
738426320745598976	Hosseinhomaa	  
225098867	gh_reza	Reza Ghoochannejhad
265392196	ahmadmerhebi	ahmad
622991045	ferijudoo	Fobel
1667643594	Musician_girl_	
1097842159	ali_ahmadnia	Ali Ahmadnia
752613622690549760	xchernobil	!
2218955048	dash_sami	sam
815012496	AlbusD11	Sepehr
2801586701	tarafdar021	
70104003	sajjaaad	
4850248235	ArashMhdzd	Arash
767432412775100417	amoeesm	
704786285660147716	Full_MHD	Full HD
704996295467896832	Feri_2014	R
734274257384054784	majid_ak8	   
765160520194387968	fjavid63	 
365430365	parisa_ndr	Parisa Ndr
4829432601	souri_ard	Souri ard
2911887836	Corleoneeeeee_	
747817876594245632	Mmd2far	MMDHM
718665157619146752	hellish1204	a zoe
529270958	00soltan00	
768477100441477120	ShAhiN_EbAdy	shahin.ebadi
4882404604	Pinkieshade	Shade
63844639	_nakisa_	
3178328775	AghayePe	 
755368126691287041	CaDu_Halvayy	NilOo
766378134	ReKhosh	
766236447607234560	AbSafoora	*.*
342211946	Saeid_Vaziri	saEd
2230108086	xKourosh	Kourosh 
14190672	mahdijafari	 
115894212	Aphrodite_MF	faezeh am
4913783441	zokaolmolk_	
3308814046	senior_Halo	
497206672	sharabnab	 
2873619837	S_h_a_h_a_b_i	
887597378	FaridRezaei93	McDreamy
707779436	Far500l	Fargol
720338375446626306	manochehr901	
989678850	hrezaliaei	
3036635538	Maajiidoo	
4027226353	good_architectu	  
3246956476	chandlerrMbingg	  
501871657	last_twitt	Mr last -  
407584752	alikhavvaji	 
4902581583	aatashkadeh	
2668335929	SabaKhtm	  
709629527098580992	sobhan45567	 
716679494917033984	AzimShahedi	azim1979
4304630073	V_Philosopher	 
705485333002113028	SadeghHmp	
717027232385003521	mostafa_mcs666	 
580234210	Queen_prsephone	( )
754318431525085184	hast_95	  
3570269957	Dolcevittaaa	 
752613680391553025	Bolgheis	*_*
757332332692905985	_sallva_	  
893531166	bAhman__	
2307319074	Sinaa_says	_
2184949908	_fake___smile_	
741074126878695424	ItsYellowgal	 It's
741212809086836736	faraan1996	
518638596	SomebodyM69	somebody
867629437	kachalkhan6	 
1719186565	keyvanakbari	K1
2265631063	shbfox66	 
2541176702	Artistism1	 
2546244985	mr_kar1	Shezen=
702789578076332032	Mahjino	~jino
747798009459707905	fa_rzad	  ()
757000194978353153	AnaKhalilzadeh	AnaTea
740865867089608704	simple_function	
3689860817	mareza_esf	
712486314701156352	Nilinona	
766733691787894785	sarem_kh	 
2855254975	pegiittaa	pegita
43612921	Khossein	Hossein pasha 
2897014073	ShahriarDadgar	
452431385	1Asemanii	
2984226218	notmajid	
2558125337	kazemjavadi	Kazem Javadi
2334479307	mortza21j	more
736553972950044673	mosi_kh	 
750551453861875712	badebood	tender
