837211475013959680	kimoolche	 
889753929625591808	zhinor1990	Dot
313119999	issavejdani	Issa Vejdani
47135775	hajjehforoosh	
373570156	Pouya_am	Pouya Amirahmadi
244518407	Mahshidkhosravi	Mahshid
908805680	fanapco	Fanap
2239489081	MohamadYaraghi	mohamad yaraghi
723263900448358404	ManamdigeDIVUNE	
1221284846	anNaaawti	Anna
887013181683630080	pajanba	Parsa Janbaz
817994648975245312	Roozarooznews	
3439728191	khatereeeeeeh	
480737104	HamedTabaar	HamedTabaar
704667992	__shaghayegh	haghayegh
1616876894	Cheshmehpub	
1938893718	alireza_elahi	Ali Elahi
796742863912632321	kheradoo	Ali Qanavati
4897803268	h0d3r_fa	 
213444096	isaaeed	 
20562637	businessinsider	Business Insider
822917302169563137	Poetry_farsi	 / 
723924583083053056	kaaqaz	
815246494211182592	afra_elaheh	Afra.eli
873883357863714816	minavandmehrdad	Mehrdad Minavand
1634854514	khatami_ir	Mohammad Khatami
1642223257	mehdi_alipoor	Mehdi
830045911736807430	aliaalei	 
755409622282932224	mpouraliganji	Morteza Pouraliganji
2509665842	TeamMelliIran	Team Melli IRAN
757870866906480640	MehdiTaremi9	Mehdi Taremi
225098867	gh_reza	Reza Ghoochannejhad
392114023	HosseinMahini	Hossein Mahini
250805353	HansZimmerMusic	Hans Zimmer
3044877227	Khatamimedia	Khatami Media
214389133	Multipare	
834395103691210753	Kamfirouzi	 
93473625	mina18aban	Mina
1380971438	ColorsEffect	Cinema Palettes
1545393306	nastaransf	Nastaran Sf
2899279713	farniar	Farnia
864042450419163136	navidmamza	Navid Mohamadzadeh
2228762088	1hoseim	Hosein Norouzi
2309701122	akharinkhabar	 
859022458602614784	BehnoodForoudi	Behnood Foroudi
204967829	Ghenaat	Reza Ghenaat
93706056	aminasoode	Amin Asoode
4576267577	sakharazi	Saeideh Kharazi
302678816	hkazazi	Hosein Kazazi 
90494021	alireza_afkar	Alireza Afkar
548660333	1momas	 
290528246	Mehrenaz	
585833025	khabaronlinee	
1347952501	FCBarcelona_ir	
847161818925727745	Miiilik	
2256186895	Alireza_Moein	 
849887955527368707	jebhejavanan	 
742451244028039168	IranNewspaper	 
2853471434	ehsan_rastgar	 
818993579418849280	EmamiSadra	Sadra Emami
2682820352	Entekhab_News	  
2497089360	elhamhomayoon	Elham Homayoon
831519910463434752	mostafatajzade	 
251763473	imanpaknahad	Iman Paknahad
596438444	AliMMirzaee	Ali M.Mirzaee
849171159585361920	majidzamani021	Majid Zamani
848972666778378241	NavidSedehi	Navid Sedehi
1253635922	vagheanke	Shahab Javanmardy
2380797973	RedQool	 
767092582744633344	shahinmung	Shahin
48448134	marsalijo	lijo + 
837623583748808705	shiva_farjad	Shiva Farjad 
2530535886	SalarMgh	Salar Moghaddam
372756851	freenetman	MHJ
855413785	maysius7	 
160261535	sadaffatemi	Sadaf Fatemi
237235235	Aroomeh_	 
3808605617	Yaser_Bahrami	Yaser Bahrami
845574538217766912	milad5433	Milad Ghasemzadeh
3350617295	ArvanCloud	ArvanCloud
346035013	aloneboy_dhl	Alireza Loraei
2451908592	daryaadaryaa	Darya
2749635438	SaharPakseresht	Sahar Pakseresht
4053125121	HansZimmerLive	Hans Zimmer Live
754073	hamidpl	Hamid
816625461195407360	Ahmadinejad1956	Mahmoud Ahmadinejad
34364331	PD90	Parham Doustdar
1744800464	fcperspolisir	Perspolis F.C.
736556386377572354	tousheh	 
2787911245	EmadSaedi	Emad Saedi
840139878	BavigForough	bavig
127062637	omidkordestani	Omid Kordestani
2571827435	nargesrajabi1	r
153160819	graysnowflake	Raha
771060512515825664	5HAHA3	5HAHA3
2346675920	rahiminazanin	Nazanin Rahimi
2214869083	BehnoudMasoud	masoud behnoud
724711515186585601	MarziQz	Marzie Qazvini Zade
1697415198	BehnamSobhkhiz	Behnam
1339835893	HillaryClinton	Hillary Clinton
776242974	pooriast	Pooria Asteraky
1113698070	gitlabstatus	GitLab.com Status
211109927	shatobery	Shahin A. Tabary
151135725	mohamadRasoul	rasoul m
809743447246733312	alimotahari_ir	Ali Motahari
5839522	itblog	ITblog
17525171	Variety	Variety
767068501320269824	Kiittkaatt22	  
799491317659238400	follow__dream	Royaw
4870548857	sarahhashemii	Sashimi
96394122	abtahi_m	Mohamad Ali Abtahi
211269614	e_asgharzadeh	ebrahim Asgharzadeh
724924108400672769	TavakoliDr	 
1600742850	mowlaverdi	 
774231346285842433	videogeram	Videogeram
821678225491460096	MahyaBana	Mahya Banan
885034002	chertnevice	 
4708866923	MohajeraniSayed	 
757667003092140032	kavakebian_ir	 
751721055031586816	mah_sadeghi	 
785373238964674560	smahmoodrazavi	  
71482204	exavir	Farokh Shahabi
786975798494363648	maysam_keihani	Maysam Keihani
805305432667459584	majedejooybari	majede
2303766024	min00t	min00t
412244933	r_e_za	 
569322736	Madmoisellelot1	
57280720	mshagerdi	  
4853949017	Sadafirz	Sadaf
3380173685	majazestan	 
163433987	bob_johnson	
756116659480342528	lleilly	leila
182803171	navid66	Navid Kashani
189072514	SHEYDV_M	
1443415806	el_nino8912	el Nio
765414632	PahlavanAli	Ali Pahlavan
4882271121	gospotify_	
826888692	raminbarati360	Ramin Barati
302690890	LostlnHistory	History In Pictures
6579092	Ardeshir	Ardeshir
149760844	HistoryToLearn	Lost In History
273981740	parvaneh8	
979230488	santamaria222	santa maria
2279450100	abtcefd	
738410980791701504	Rahanemikonam	  
1595475271	arianmoghbeli	ari
461320226	amir_habibzadeh	Amir Habibzadeh
549478437	Yek_sara	
330244006	amou_milad	 
926382182	fihvl	
704213016712126464	sajad_hi	saj
1278538782	Shhiivaa	
1601898408	mestertired	 
1707662982	ingenue_7	
53746499	jamshid_mohebbi	 
21351713	rastikerdar	Saber Rastikerdar
627673190	ChampionsLeague	Champions League
768746792062111745	dara517	Ahmad Dara
2417205140	MahsaKianii	Mahsa
763778399357792256	commentumir	Commentum
764179147	uglyfloki	flki
1209051313	Fatishmaa	Fateme
20834720	theReticent	Ilia Vakili
187507193	soheila_h	
538316587	Mona_monooli	
2996545571	EmoCheery	
3317633539	MGhorbanali	
2233134438	SadraMohaqeq	Sadra Mohaghegh
757969720909766656	naturebaby25	Alyosha
703017859	al1mz	Ali Moazenzadeh
250509012	khayyam_robaee	 
723169343484256256	sin_shr	 
3956138122	Olympic_ir	Iran Olympic
52422878	Olympics	Olympics
318740230	NazaninRhi	Nazanin
1614847698	Farzaneh_343	Farzaneh
562125675	Niloobb	
713860746795466754	elahetwiiter	  
10036262	1Fathi	
14318395	amintabrizi	Amin Tabrizi
127265450	ahadyekta	Ahad
2322846787	amirmiresmaili	 
35053102	hessamarmandeh	Hessam
753570561842970624	iamalirezanouri	Alireza nouri
14933858	fzerorubigd	 
215950639	_Exception_	Exception
601676983	miladseifoori	iMilad
1565799890	tarafdari_com	   
1339624982	SaaNaaaZz	SaNaZ
2457636655	Gelayool	
156766500	mohammadrashidi	 
3357402496	lia_f_f	Lia
1584066241	alibozorgian	Ali Bozorgian
37916396	amirsedighi	Amir Sedighi
14969980	GiLaSi	 
145978797	NeuroNiMa	 
3447375382	atbox_jobs	Atbox Jobs
4904177908	esiiland	 
3385227526	bigjanr1	
43753223	alibabaie	Ali Babaie
