890689451286036480	lilipezeshk	Leila
2941090939	Shirinnezafati	Shirin nezafati
3708275903	restot50	restot
863683513408774147	ElhamFakhari	 
52391432	sahartolouee	Sahar Tolouee
855488685931999232	abmomeni	 
3091727255	ShahramRafizade	Shahram Rafizadeh
736414496852299779	ZahraAyatollahi	Zahra Ayatollahi
1377921709	kahoopich	 
252192282	delshade	Delshad Emami
854595619	sosha999	Peyman Yazdani
38672631	saeedshariati	Saeed Shariati
1201045933	BBCBastani	Hossein Bastani
871760543656189952	DavoodMahmoodee	
2188200870	GoodarziMohsen	Mohsen Goodarzi
707868708996255744	nabaviatefe11	atefeh nabavi
17272701	habil	Meysam Ramezanali
825065930757541888	milaniabbas	Abbas Milani
6579092	Ardeshir	Ardeshir
852045884	Sam_Farzaneh	Sam Farzaneh
720988496140193792	negin_bagheri	 
860302354821910540	BehrangRajabi	Behrang Rajabi
1512881538	mekarami	mehran karami
857501902636023808	BehradMehrjoo	behrad mehrjoo
857306615485276160	ooomooot	ooomooot
2391375503	SanamHagh	Sanam Haghighi
616225533	farnoosh_a	Farnoosh Amirshahi
4861013172	daroshafaeij	 
2722848061	Keykhoon	
54331769	masoud_rahbari	Masoud Rahbari
2194856745	mehranio	Mehran Ahmadi
849188836387291136	arashhnia	Arash Hasannia
169204084	SamanYKJ	Saman Fara
3262000250	ghoncheh88	ghoncheh ghavami
237235235	Aroomeh_	 
841665113836904448	NMorshedzade	Nafisemorshedzade
113719307	meemfe	Mahmud Farjami
834787471036653569	hanibalkhann2	 
25667195	bozorgmehr	Bozorgmehr Sharafdin
1196602442	faridmod	farid modarresi
2152308301	AriyaEhsan	Ehsan Ariya
1324753417	shinlady17	
800738467453931520	namvarha	 
835876708024729601	Alireza_Akbari_	Alireza Akbari
25159426	mkuhestanie	marziye
14498809	smto	Somayeh Tohidlou
2302362573	ElhamAdimi	 
46460157	Saeed0f	
2285581932	ehsaningg	
727941805405290498	SalehTasbihi	Saleh tasbihi
15900083	Kian242	Kian
751203360058007552	morteza_rohani	Morteza Rohani
831519910463434752	mostafatajzade	 
830045911736807430	aliaalei	 
745712031328788481	baniyaghub	taraneh baniyaghub
3404209331	H_Hajipour60	 
1309878324	behnam_beh	Behnam Behzadi
370808131	KhodNeviss	
701484140206673921	kommunia	communia
2255439168	Abaan_m	Aban
717586885145665536	RoustaZr	zi_raa
2234683381	FaranakArta	Faranak Arta
1946196584	navid_bhz	Navid Borhanzehi
2831602504	KhosroshahiAmin	Amin khosroshahi
472852789	fateme_j	Fateme
63068768	Sam1Kia	Sam Kia
3311871880	ati_ahmadi	Atefeh
13832792	EbrahimHeidari	Ebrahim Heidari
2586087703	hengamehshahid2	 
819211929122127876	Natoor95	
2311732176	Mahdi__Ahmadian	Mahdi Ahmadian
19919875	kambizhosseini	Kambiz Hosseini
232814544	Hossein_Aghaa	 
787963511729184769	SahrasArtDolls	Sahra Rajabi
451705078	jahangard4	
4705895842	SasanianNazanin	Nazanin Sasanian
789497569890013184	S_A_Salehi	Seyyed Abbas Salehi
818131036043350016	Saraehosseini	Sara Hosseini
513478434	SamanMovahed	SamanMovahedirad
44064699	pourostad	vahid pourostad
130549887	BahmanKalbasi	Bahman Kalbasi
1466686669	reyhantabatabai	reyhaneh taba
912005490	ma_ahangaran	  
223372811	Hassanvand	Sobhan Hassanvand
1857556140	amirreiis	 
3236635215	PejmanMousavi	pejman mousavi
814777361354948608	EhsanBodaghi	 
14545668	Kayvan_Hosseini	Kayvan Hosseini
3297594548	masoudkazemi81	Masoud Kazemi
2203231058	felaskechayi	
1229433950	HalfBlood272	Matilda
1624979592	rassam_hossein	Hossein Rassam
254413598	amiralisafa	 
4907934826	atiikey	ati key
752724987203710976	H_Rafatnejad	Hamidreza Rafatnejad
747730879536111616	marjan_saebi	Marjan Saebi
3899218528	Hasodbanoo	
55522999	amirjadidi	Amir Jadidi
724711515186585601	MarziQz	Marzie Qazvini Zade
14737500	pedi	Pedraam
817591922	AphMohammadi	Ali Mohammadi
355151457	Fazlinejad	  
1145806178	mhnajmi64	Mohammad Hasan Najmi
406504775	shahrzad_hemati	shahrzad hemati
3124214812	pmiliii	  
2392433731	MastourehNasiri	Mastoureh Nasiri
1912428248	hediekimiaee	hedie kimiaee
796550683998777344	amirhosseinra13	amirhossein rasael
2889405255	FatemehBeykpour	Fateme Beykpour
1896699619	AtenaDaemi	Atena Daemi
2404087452	matin25388	matin
2233134438	SadraMohaqeq	Sadra Mohaghegh
2731886933	nazaninmatinnia	nazaninmatinnia
3390824524	mhvaghef	Mohammad H. Vaghef
587885385	amiryaghoubali	Amir Yaghoubali
1621198730	SOmatali	Sara Omatali
21655230	alimalihi	 
47299753	GhazalGolshiri	Ghazal Golshiri
732953008062013440	Alibzrg	Ali
1716997568	hanieh1982	Hanieh Bakhtiar
44834701	RasoulMajidi	Rasoul Majidi
965979463	assilmehrdad	 
1883289594	SafariZeinab	zeinab safari
62231770	sahandiranmehr	 
2997940726	sofiamay68	sofia nasrollahi
434442640	shaakhtaar	Shakhtar
3512008875	hasanasadiz	  
760447008167620608	MVashooee	Mohammad Vashooee
770475483658158080	Saayeh_Roshan	
751176025	kevinmiston	Kevin Miston
2196184346	mamadeti	 
2228641	femiran	Leila 
712203671258451968	Gavrch	
1116427544	asysepid	
327054915	SolmazAzhdari	 
778111106191589376	sanaz100tarzade	 
1490525245	pesarack	
1022736788	Nasim_Marashi	  
18424473	_Cafe	Cafe
713025680234127360	rsadrameli	Rasoul sadrameli
107223327	nafisehkBBC	nafiseh kohnavard
886453981	ZahraZch	zahra choopankareh
585944065	SamaneMim	
2663781564	kz_shadi	shadi kz
1428075090	SaharBayati	Sahar Bayati
54480734	hamid_jafari	Hamid Jafari
97617682	Shadibeyzaei	Shadi Beyzaei
2365857397	tachurvan	 
724183313099964416	ZaRaTMorad	Zara Morad
1624951218	manamoon53	
2584369675	Soolmazvatani	Soolmaz Vatani oskoo
18847409	miimshiin	Mohammad Shahhoseini
456964810	sharabefarance	vin franais
217861092	ArashGir	 
398413431	LaK_PaK	DeLaRaM
88484535	aQaGorGe	aQa GorGe
970206680	H0ZEIN	Hozein
2211621374	niloofarpourebr	Niloofar Pourebrahim
2174619216	Zarinhaaa	 
3380173685	majazestan	 
96130616	alborz_z	Al
1681062164	MaryamToosi	Maryam Toosi
723924583083053056	kaaqaz	
1152013915	Fatima__GH	Fatima Ghulami
397951068	schwifterin	
2337222685	davwvod	DavoT
2184991340	mojtabahossein8	Mojtaba Hosseini
286146354	hhadyan	 
704334404848582656	11o_nim	  
800673013	RagNza	N
47298953	goftogu	Ali Honari
81000704	mofiid	negar mofid
750345464218779648	Maryamim1	Maryamim
717428837403983873	somaiyehf	
2899217464	Benzoddin	Benaaz
3879133462	AliBayayii	
873867872	Teymoursg	
753148583570997248	Mahipub	 
750310766620733440	Sannaz_All	Sanaz Allahbedashti
14755862	VahidStar	Vahid
9361372	khorshid	Khorshid Khanoom
15306499	aliajafari	 
357541884	Sogol84	 
4697911333	TaraKh5	
118000786	Redenci0n	Golboo Fiuzi
344126052	bvvafakhah	behzad vafakhah
2431531934	marjjaaa	pointless
2925194589	sunazarab	
742451244028039168	IranNewspaper	 
2611680212	sobhansarir	Sobhan Sarir
1590869623	KarimkhanF	Fateme Karimkhan
979042861	behzad_bh	shex
17872536	maryamin	maryamin
83819295	Aroooom	
95157497	minashehni	mina.shehni
1886515254	30pideh	 
4511756054	Saraghazanfari1	Saraghazanfari
236349116	kasra_nouri	kasra nouri
580800656	FatemehAliasgha	Fatomeh
40231853	SaeedBarabadi	Saeed Barabadi
