15915542	P3DRAM_	
2853471434	ehsan_rastgar	 
2255375036	LUMPY_54	LUMPY
718488102109585408	Ziaowsky	Amin Zia
712937522142248961	mohammadrsdz	MohammadReza
774712770105339904	TheKiaannoosh	The Kianoosh 
362390390	HassanZanjani	Hassan Zanjani
112507479	arastuq	Touhid Arastu
3307469111	_armaghan_	
4156826357	masoudnikoomnsh	Masoud Nikoomanesh
738410980791701504	Rahanemikonam	  
1620551006	HastamDelbar	   
850746764	Emad_mhn	Emad
741212809086836736	faraan1996	
3344052519	Arashdma	Arash
777250116738617344	amsashia	 
717613766389735424	paiin______	
4524415101	3_ndipity	
3086976830	maryamooo999	
3036635538	Maajiidoo	
2830604795	blondie_aban	
1620130892	raz__mari	
1623258601	Pourghannad	
765816732	a_moosavi	Ali Moosavi
279123488	ameybod	AliReza
536586198	Gri_ffinn	
1707662982	ingenue_7	
463687959	AliAzG_	Ali A.z.G.
230507750	hamedbd	Hamed Bidi
712398822295650310	hesamkeramati	Hesam.Keramati
192366441	Tohid_sa	Tohid
370388487	ali_haddadkar	Ali Haddad
89132222	bellamessa_	() 
69080841	Ed96win	Edwin
526680676	samcarletto	 M.D
37627036	MehdiXr	Skobelev 
350235930	SaeedEsmaili	Saeed Esmaili
857166582438662144	entekhabat12	 
14436623	modir	modir
1236346208	MasMohammadi	Masood Mohammadi
37386791	farzadian	Farzad Najarian
736647032547348481	barisae7	
3060871638	mahosseini	Mohammad Hosseini
16087875	Mehrshadr	Mehrshad
123003790	mhabedinpour	M.Hossein Abedinpour
617551272	farzadme	Farzad Mohsenvand
2253899550	Pietro_mx	Shahriyar
3188612724	sahomayoon	Homayoon Saeidfar
2156923266	tiyooter	naser
1335813198	samirashirazi	Sami Shirazi
1880963114	movahednejad90	
2897464399	4lliin	She
2773652011	mrareff	A R  F
2580105296	OmidFarhangFa	 
2427864091	MoslemEbrahimi	Moslem Ebrahimi
748831273670496257	behradj92	Behrad
421743697	_Mar_YaM__	maryam
4897803268	h0d3r_fa	 
1689960384	Cenobar	Cenobar
94789918	samanoqo	Saman Sadeghi
2752230613	elahe______t	
280397212	HosseinMahmoodi	Hossein Mahmoodi
1957350590	Mehrtash_	
236880505	reshadman	./Reza\ Shadman
1285528111	hamedsky2	Hamed Sky 
402572866	D_activ	 
795610584	NimaDgr	NIM :]
262598789	dibagram	Diba
322863149	ms_ms_sm_sm	  official
479981193	divisionbyzero_	$ sudo su
223772767	khoshbavar0	naele
2200689324	EhsanAhGh	Ehsan Ahmadi Gh
4191144861	sina_mo	
2164850889	aminkhss	Amin Khalighi
86039811	moallemi	Reza Moallemi
2469590892	iShelbyBoy	Mohamad Reza
707779436	Far500l	Fargol
542118369	Ashitaaka	 
191020125	Ralinger	Ali Fakhar
1183548871	Mr_e230	Mohammad
32840163	AzizkhaniSaman	Saman Azizkhani
352510356	PariaSabet	P@r!A
270375773	0ff_again	us
2730748071	Frauparisa	
843656478	hakunamatatamr	
42416011	ghassemi_s	
1536471014	aramejaan	aram
563763121	_cyanogen	
801141612	aliahmadi_96	Cast Away
1733035928	sh_tanhaa	sheyda
312524212	macromediax	Hossein Sharafi
307938082	mimvaw	MohammadReza
168457323	ArashManteghi	Arash
603493190	icerose75	..
555900388	AliAskariH	Ali Askari
1864169970	usitunescard	MyGiftCardSupply
2331584635	Digiato	Digiato
36370774	B3RSAM	Bersam
1230103860	ifarmad	Ali Farmad
2958304667	gorjico	 
470443622	Mastinqe	Saied Dadashian
947645323	Memaariaan	Memariaan
157408251	alireza94	Alireza Ahmadi
2464318718	erbesharat	Erfan Besharat
861318920	farzanaaa90	farzanaaaa
414674400	SZafarany	Saeed Zafarany
4479641	ehsanix	Ehsan
229021972	Ara4Sh	AraaX
241469710	emadgh_06	Emad
239913653	ahmadalli	ahmadali shafiee
2913547533	amirhosseinag	
302164644	MasoudGarousian	Masoud Garousian
2311451474	farzadpro	Farzad
561720365	SoheilSvs	Soheil Saadati
295243260	KhashyGhorbani	Khashayar Ghorbani
2323814297	s601019	
248843645	EhsanSays	Ehsan
20043995	mFat	Mehdi Fattahi
447260336	srgtps2	N kh
754073	hamidpl	Hamid
29242038	alixrezax	Alireza
42176166	tparsi	Trita Parsi
2574953946	SurenaSaghi	 
2238585003	khodatoon	MOHAMMADRZA ;)
173068832	nikaein_72	Nikaein
499145681	alireza_attari	Alireza
233943656	VahidSEO	VahidSeo
2471344166	maryamAfsharr	
190751645	_Miss_Nil_	
2517165559	HamitQasemi	Hamid Qasemi
1430344646	hrahmadi8	Hamidreza Ahmadi
1329707335	Sen0bar	 
1064927287	TheCamazotz	Death Bat
1390239624	MaedehHp	maedeh
191921921	soheilr7	Soheil Gonzalez
1962558661	_rezZza_	reZa
16674128	nouripour	Omid Nouripour
1722642961	alicmp	Ali cmp
311360872	Nardoon	
2282006784	MissMiiiim	
2264033186	mamal0007	
2202047257	rezvanehmahdavi	Rezvaneh
571964518	TrollFootball	Troll Football
481932464	GerdoOoo_N	na hhid
1219440812	moinob	Mandana B
52493033	ali_hsh	Ali
189545795	Khani	 Mohamadreza Khani
411355924	_Royaa_	Roya
1632851953	AmirManthgi	 
70916533	Abedi_saeid	Sad AB
52000195	Sam_SM_	_Sam
250784864	milad_d3	
317191592	ArianTashakkor	Arian Tashakkor
20533840	majidalavizadeh	Majid Alavizadeh
461320226	amir_habibzadeh	Amir Habibzadeh
1205865860	khan_amoo	   
1307358956	iMohamadreza	Mohammdreza
2202723554	ha_k00	h@@di$
970777603	miss_gooloo	
14304591	jaiiali	Ali Jazayeri
101158634	SinaSaid_	
1323181650	SignoraMaryam	
21847653	HAM3D	Hamed Pourhosseini
1862792863	Ok_30_jen	
558074965	Technifista	Reza Atlaschi
607004755	_920627	MARYAM
846853320	Shahr2ad	
208952016	sooziisazii	 
428459796	gisSoOo_o	
2220393402	mistinfinite	farnoosh
17516114	hallaji	Vahid Hallaji
2184356376	aminboloorchi	 
315178519	black_m75	MamadReza
14490500	Dora_kula	A Dreaming Robot 
207031770	alaki_	Pourya Sharifi
215999839	KeyvanMns	Keyvan M
1013022626	moniredor	
13580122	behnamkashani	Behnam Kashani
15315517	Fl2izzle	F@E
1245355056	ZandSaman	A Clockwork Orange
209512605	hamedbot	HAMD
580819279	jooje_memar	 
277568858	iDownloadBlog	iDownloadBlog
14104498	iClarified	iClarified
2365094755	AppGetIR	AppGet
171001767	immersivio	
896668789	hnrtrust	
258629415	moe69696969	moe
238212113	Samanta_gol	
571614220	mrdanaei	Mreza Danaei
177087369	9to5Google	9to5Google
581077260	AmirAkhgar	Amir Akhgar
2187392948	ali2ndaccount	Ali
802164380	leberman12	Mohammad Shahbazi
341366669	TrinaxFam	Trinax Fam
15086405	iMore	iMore
14372486	engadget	Engadget
722675582	JavadMehrpour	Javad
13873432	yar00001	Hooman
97301096	daniyvr	Daniel Yavari
