883022765535645696	shahrzaadmir	shahrzadow
882278555526279168	Mahdokhtttttt	Mahdokht
711633566367674368	the_shemsu	Shemsu
696424262308126725	sogand_ghafari	Sogand ghafari
852056086668562432	golnazsoltani	GOLNAZ
821885828	hastaloo	Hastaloo
767092582744633344	shahinmung	Shahin
856219854109650946	Rouhani96ir	 
189545795	Khani	 Mohamadreza Khani
4624773153	t_alidoosti	Taraneh Alidoosti
2575440769	AbdolrezaKahani	Abdolreza Kahani
96394122	abtahi_m	Mohamad Ali Abtahi
326707918	PedoOoL	 
855488685931999232	abmomeni	 
3230118602	Earth2News	Reporter
849887955527368707	jebhejavanan	 
37004229	_Nightwatcher_	Arash 
57107167	twibbon	Twibbon
848230489806831616	RezaPahlavi60	 
838376226989441025	liptontea1396	Lipton Tea
1495951248	hosseintanha89	 (UNESCO)
2907774137	archillect	Archillect
4920011412	kalantari_mr	MrK
752713	Abnoos	 
135679428	danimoh	
226973327	GhzJabb	 
2416257290	roshannorouzi	Roshan Norouzi
229624448	Farkhideh	Nase
2576238121	Thelnteresting	Recipes GIFs
2196627649	shaboonmI	
285640165	ArianHimself	El Duderino
4897803268	h0d3r_fa	 
749952350	TheGoogleFactz	Learn Everyday
212687187	Tofangbazi	
833662788	iRaj214	iRaj MehrAvid
141864252	SurvivaIGuide	Tips & Tricks
9829962	flappoflappy	Flapjack
730321960920584192	moo1366	
727687744223363073	Asdoulamirza	 
749010130839240704	ramtinroohipour	 
16450214	gerdbad	Hamidreza Alaqeband
721591029321887744	Saeed_Sadeghi_	
751721055031586816	mah_sadeghi	 
747941303984394241	BadMoodKermit	
743532384516190208	Son_Of_The_BEEH	J
2883837808	charshanbeh	 
20454941	invalid	psycho
470857299	AuHasardBalth	
743424003608559617	MS5710109	Unknown User
2362474561	_Taaher	TaHer
93204434	mehdi4361	Mehdi
479981193	divisionbyzero_	$ sudo su
420396906	BizTrending	Karl Fulton
14755862	VahidStar	Vahid
179990848	GameHive	Game Hive
578568954	tanuchkaa	
1047381535	jaan_daar	Jaandaar
264309749	z85510	
704418973220278272	you3efg	Yousef
2599275228	mohammad33_75	
80556837	dsahba	sahba
713313773038223361	soshiio	Baphomet
46421054	Ara9h	Arash
4620140002	meysampg	  
552252520	engmahyar	
3900937816	_zirwan_	zirwanz
311955214	uesaran	
279522990	naghmezz	
21847653	HAM3D	Hamed Pourhosseini
1180588441	GholianH	  
18134829	Great_Dark_Lord	Lord Farhad
2945599269	siamakansarii	Siamak Ansari
843112550	EarnKnowledge	Learn Something
1772473231	keyvanmohammadi	
251741154	___ARMIN	
624031683	mooshtebol	
22024691	siavashh	Siavash
3276597846	TMoheidin	
47813521	JZarif	Javad Zarif
15448418	roOzhin	!
70907968	HosseinMO_	
70338768	AminLotf	Amin.Lam
1726305288	AfsharMahnaz	Mahnaz Afshar
8943	jesus	Jesus Christ
229745214	HCHRIR	HumanRightsIran
3326513697	TMohiedin	
3023835104	ARRINKINKIN	
1517729538	_agnosticism_	
97251203	behnam2k	Behnam2k
1318375603	__SeeMore	
14969980	GiLaSi	 
110972781	trumangray	Truman
202505441	ZaRneVesht_M	Zarzar
76172541	MilaDnu	Milad
32840163	AzizkhaniSaman	Saman Azizkhani
235680174	hamid_karimii	
146793905	saman_soltani	Saman
42365683	amirx	
2932856324	eynmim_	
927276392	zafmaaar	Zafmar.jpg
3080762480	Sleimoni	M-hdi 
202254595	AphroditeEmpire	
21977719	AmiiiirHassan	AmirHassan
152241649	parsafatehi	parsafatehi
1511480538	__Bernard_	
293681367	marzie_r	Marzie
12688062	SepehrLajevardi	Sepehr Lajevardi
2917588598	HotelAmeriha	Saraye Ameriha Hotel
242807567	_aTaha	taha
2963943623	nmuseaoe	
601234471	colonelaorliano	colonel
302860174	chapdast	Aka Lefthanded
464225105	arashpahlavoon	 
2721296281	JalalSamiee	Jalal Samiee
1626537782	Farhoodks	Farhood KarimiSaber
203678193	shomare29	29
2894773663	_Anitova_	Anitova
18424473	_Cafe	Cafe
871311672	aliheshmatii	AliHeshmatic
64027339	Graybeardcodger	 
2185082806	AmeliReza	Shadow Follower
602629562	Ferinaando	
47148877	ShahinSyz	
824895530	ffar_shad	
156605463	mirzaadamjan	 
7424342	milaad	Mild
407315593	_sheved_	
48538079	Shaamorti	
519773434	SaharDery	
323127279	stere_kh	
216133918	Xlibaba	Professional
729169908	Mehranche	Mehran S
1620130892	raz__mari	
14897852	MAS_	MAS
64643056	RT_com	RT
204832963	TheTweetOfGod	God
238229483	kuffmode	Kayson
373003141	__Kasra	Kasra M.
287088046	ReviverOrator	
1646009659	_vey__	
2297085861	GeshniZnews	 
873867872	Teymoursg	
9313772	onlymehdi	Mehdi Saharkhiz
1691574356	SharghDaily	 
2255375036	LUMPY_54	LUMPY
181078043	Errfands	
2221671150	mc4930	49
255038870	1masochist	
381361654	mahsaee	mahsaee
1110143388	Sany___	Sanar
155582335	davodm	Davod
212861860	ComiserJacobs	Nikbakht
297081530	Kaafffff	
894875454	AghBahman	Agh Bahman
714164389	shalvarfroosh	arash
20235694	Conformist77	Conformist
806080675	mowtion	
400062723	57muel	
1234768950	neb_____	stephen
446148324	MddMim	Chawan
50259717	Ehsanism	Ehsan Norouzi
257663647	khiaremomtane	   !
411483717	K1sadri	
1129577743	Aliajami0	Ali Ajami
635248544	Vahid_77	V-77
89673662	Xerxes_II	Masoud
429281083	Nattaliiieee	
445771095	Sepideh_N	3pd
979042861	behzad_bh	shex
1329018038	culaan_	Dra
933027068	Nperma	epoch
1234045368	_greege	greg
335385925	behnamche	
832939634	HamiNaki	
228037535	Tafaghod	
102989740	EistgaheAkhar	Hossein
403686789	mm__amin	
403668878	Abestanioooos	Abestanioos
388620346	JavidGod	Godi
24375268	india40	
131322424	moh3een	
53804216	Ferihelper	Ferihelper
14648025	rezaxiii	Reza XIV
302460645	Yeahbanbalas	rad
844238743	camvAEun	 
853290625	TwitteeTod	
511883965	Mosht_aba	Moshtaba
250009609	Ehsaan__	
14690170	PhillipOfAjam	P
547552143	h44med	
213444096	isaaeed	 
507022891	waysapp	EB
122126968	Oppodeldoc666	Nilufer Seyed Dashti
480737104	HamedTabaar	HamedTabaar
15015672	Raaadin	
18340088	hadsern	 
187139551	_MehryarS_	MEHRYR.S 
198324192	Rol3erto	
332571316	The_Pandalium	The Semite Communist
270960311	DemeroI	Demerol
