738405821068025857	Foroogh_y	
1090132640	OhamGraffiti	Roham Soleimani
889436241632124929	LeilaPartovi	Leila Partovi
2834506236	Bartholomew_kia	Mr. Ketamine
57276671	elllegreen	Eli
883022765535645696	shahrzaadmir	shahrzadow
781993206	aysanaghili	
352510356	PariaSabet	P@r!A
24375268	india40	
360006756	negooni	negloot
2607361068	SkyKaveh	Kaveh Solhekol
711633566367674368	the_shemsu	Shemsu
779024223809437696	7sobhh	7sobh
735611150314799104	aparmiida	Parmida
88433268	sibzaminikhorha	
836671709222559744	frau_ghazzz	  
264164886	elnazefard	Elnaz
721615669792546816	partshm	Partosh
2809141976	_nemoooo	Nemo
833792334	Mar__Naz	
1147401	hasbeenleft	Afshin
165030165	HBFarahani	HBFarahani
1341615601	BashirAslanian	Bashir Aslanian
429560383	AydaPour	Ayda Pourasad
880562404916174848	AlirezaieMeysam	Meysam Alirezaie
860798018739740672	J_J_club	.
769496883672682497	divarian	
879242166907928576	Usurpers_League	Usurpers' League
621786437	_a_k_i_n	
2622824865	the_big_Johnny	
67444327	saman_hf	
857948300112220161	derMondschein_	
880196644033052674	yasaman_katebi	yasyasi
408701339	kickmehr	
875484312862380034	dorsa_nf	Dorsa Naghian
870672835634765825	arsenal_iranuf	
1872820130	soormeh	soormeh
876782858748256257	farzadazimbeik	Farzad Azimbeik
854458849927065601	Sultan_Shahrokh	Sultan Shahrokh
600062562	rotanik	rotanik
242947263	S_Ziii	sahar'Z
875652667611033600	Alitlb2424	Ali talebi
862315976909574144	khal_dorogo	 
2279281220	alinshahab	Ali Nemati Shahab
749551939483004928	bahmandaroshafa	 
873883357863714816	minavandmehrdad	Mehrdad Minavand
1946196584	navid_bhz	Navid Borhanzehi
768529186956779521	mahtabeh	
76606594	paulkalkbrenner	Paul Kalkbrenner
183206087	hadiahmadii	
96130616	alborz_z	Al
865353222952583168	moazabam	Nani
370136866	yoxmir	Amir
496844507	iamirathan	amirthan
350872955	RamtinTaherian	Raamt
754743955950972932	TayebehSiavash	 
793355091600371713	elza2103	Elham zahedian
2210511956	negarhosseini80	Negar Hosseini
35201190	digaran	Meitham
434413333	Moje2100	
14664926	shalakhteh	nader jadidi
214389133	Multipare	
4457694141	90sgirl___	o
754260306575159296	reyhiii_	Reyhaneh Rajabi
864831372812103680	abluebluemo	minoo
827551433792876546	kati1100	 
833955281436549120	ShahreDigar	 
819967655008468996	sahkhkh	And so on
51583892	mooni_mah	mooni mah
739879709434126340	visage212	Visage
754222840380030977	tinakharazi	tinakharazi
799222599381229568	neoriian	Negin
44857900	pooyashaahsiaah	Pooya Shahsiah
1061515795	nasimb2_	Nasim 
948476688	mimrasouli	Mim Rasouli
14084270	parsun_	
53830530	phouzhan	phouzhan
4860448904	FarNazZzZz1988	__FarNaz__
181078043	Errfands	
797452476056117248	_Lesarah	
4909962844	Sheqiii	Shaqayeq
51659555	zahrakeshvari	 
754389311865311233	cometiee	comet
4757975307	nazanin_bdki	
4407959859	Maryam886488	Maryam Mohammadi
3996135615	shamim_ap	
2416257290	roshannorouzi	Roshan Norouzi
841004725155819521	FajrFest	FajrInt FilmFestival
1119575718	iNavidE	Navid Ertefa
1867973773	_Negarrr_	Neg.
2303138299	YassamanAz	
1016893826	GSMwebsite	  
843208978834362368	Zarrafestudio	Zarrafe Studio
2537583027	Sh1tIraniansSay	Shit iranians say
4462624581	m_arja_n	marjan
16149671	farzaneh21	F   z  n e  
2991610095	nada_saboori	Nada_Saboori
3311871880	ati_ahmadi	Atefeh
493843317	chiichiilas	CHiiCHiilas
2519680534	MoradiTiti	Mrs.user
2604076680	ziz_mangooli	ziz
1221284846	anNaaawti	Anna
822885465913180166	Ghazzall	
14053889	fatik	fatik
3190701948	nedamonem	Neda Monem
828367048019410946	myredallstar	
48448134	marsalijo	lijo + 
1158191167	NasrinMk	nasrin
132085630	nasreenshahi	nasrineh
274682033	Bonito_O	Bonito
718373637431128064	__chocolate18__	
769217633950597121	Mercana94	Mercana
3719765956	imearas	
268958654	OstadAssadi	OstadAsadi
908805680	fanapco	Fanap
78245808	theafcdotcom	The-AFC.com
215950639	_Exception_	Exception
838693232276082688	HeliaJafarzadeh	Helia Jafarzadeh
1253635922	vagheanke	Shahab Javanmardy
20834720	theReticent	Ilia Vakili
332907128	l2eza	Mohammadreza
715971786677088256	rorrettaaa	Rrretta
3394900941	mzlive23	Memollisa
827138840250966017	NaseriShirin	Shirin Naseri
715413	mehrdad	Mehrdad Rajabi
2323945699	TheDIYideas	Recipes GIFs
798992449129488385	cherryrary	Cherie
490384120	MarziyeRaf	marzie
3216807521	betsabehrazani	Bets
831953323444076556	rezaarabahmadi	Reza aa
472852789	fateme_j	Fateme
46769622	shaahink	Shahin Katebi
834492153300672512	___nish	Dmt
4428730935	ArashKhosravian	Arash Khosravian
741074126878695424	ItsYellowgal	 It's
3253587868	pariisam	
830036856209338368	tooopchiha	 
981278653	g0lg0l	
242807567	_aTaha	taha
366225283	LindseyPelas	Lindsey Pelas
582887565	PerspolisFCIran	 
806788615049093120	maryamshaahabi	maryam
772824584311668737	saaliinaa_	
2617559527	bluenbruise	Mhyouu
483316347	sanaamm__	sanam
750028664310464512	m4t4p	Mhtb
213616519	Samanehd4	samaneh
15842715	manigh	mani
824173927433994240	ashkan_akbary	Ashkan
705877018420846593	siyamakafsh	Siyamakafsh
14170710	ehsandiary	Ehsan Diary
811160662365929472	bahar_hhh	
972651386	shabNamvalizade	shabNam valizade
402559499	MammadBi	Mammad Duman
775816886282051584	efatglass	Efat Motalebi
4098159809	zarzar77	zarzar
723443428457992192	mirasnama	
4073941822	__HanR	
2211663841	_snowflake_____	snowflake
3410125379	mynamesne	therealne
33478393	elhammoin	elimin
2842154235	Shukullle	
3258228709	_Solale	Solale
812746584190492672	_serendipiiti_	
4524415101	3_ndipity	
2881789665	EscapeTheRoom_M	Escape The Room - MA
4527292276	IranEscaperoom	Escaperoom.ir
1851750517	elllak	
754735104	Ahalf_moonaway	  
2809155525	ALilaas	Lila
1698894774	hedhed10	 
397951068	schwifterin	
2904195838	CrazyinRussia	Only In Russia
759189736170856449	ForoqFth	
20235694	Conformist77	Conformist
2958304667	gorjico	 
754234918901874688	helooshkaom	Helooshka
2684615938	SamlSamsam	BanaFsheh
4442818752	pskshz	
3248547018	sab_sab_saba	 
51826663	Mahsa_Qbn	Mahsa
569322736	Madmoisellelot1	
313119999	issavejdani	Issa Vejdani
309064867	ArashBarahmand	Arash Barahmand
979499306	NewspaperDickz	Newspaper Dicks
797567053095993344	sherikkhhh	Sheri
724945796278411266	aminpharma	
791030636773453825	choamnomski	blank
7160202	symkx	Syamak 
854595619	sosha999	Peyman Yazdani
1657188882	_talebi	@rash t
3405249253	arenesmaili	Aren
1250797752	singharinas	Arina Singh
331161725	lacrima91	niloofar
790659917107568640	mermaalad	Ellie Zahedi 
2885302458	leylikarimova	Leyli Karimova
1190697170	masoud_yp	masoud yazdan
3934186875	doreccaee	Dorsa
751756261465677824	negoolche	
569383584	PariSa__	parisa
