36315171	TheLogicBender	Tala
713670756178268160	She_elle_sie	Elin
4863457508	AaWwZzIiNn	AZz jan
1912428248	hediekimiaee	hedie kimiaee
2662249976	pooryasoori	poorya soori
842666900962402304	safarnazsahari	 
352510356	PariaSabet	P@r!A
703889386849570816	sinarahimpour	Sina Rahimpour
94954307	safaharatian	Safa Haratian
41077870	hassankhosseini	Hassan Hosseini
613632562	Sharareh_Sh	Sharareh Shahrabi
540135012	EmilyAmraee	Emily
2300349499	mjafar_mash	MJafar
114989696	mortezadalil	mortezadalil
46859013	sarzadeh58	
14897852	MAS_	MAS
863192576	Mirza6283	 
248536103	baraary	Hootan Baraary
121725258	Mesoltan	M.Soltan
3091461910	amirootw	Amiroo
363313619	Sasha8il1	Sasha
156686434	greenitb	
249841135	B_Mania	Mania
196315471	donbehnam1	 
53369178	hssn67	
989039408	davvang	
1912225453	ghadamkheir	
53830530	phouzhan	phouzhan
15099853	noo0nii	
91830854	sepidakkk	SipiDe
14084270	parsun_	
284209695	zrlou	zlou
867098758072479746	leakindrop	Mohammad Zanganeh
350235930	SaeedEsmaili	Saeed Esmaili
1235554400	mahsa_jannaty	mahsa.jnt
879117046176501760	HaniyeAliasghar	Haniye&Aliasghar
801868766	sadra_amlashi	Sadra Amlashi
326018007	azadbahrami	Azad Bahrami
1285261646	M_Shahbandi	mohammad Shahbandi
2223782827	mojtaba_mjt	mojtaba
2392433731	MastourehNasiri	Mastoureh Nasiri
814777361354948608	EhsanBodaghi	 
320647176	JavadLV	
1623258601	Pourghannad	
317191592	ArianTashakkor	Arian Tashakkor
48278551	exshinigami	Shervin Gharib
18426098	memohi	mohi
15154636	S3micolon	 
524085004	javadheydarian	javad heydarian
2571188893	RezaDehaki	RezaDehaki
3014418428	mortezagolpoor	 
331587474	miraghorbanifar	Mira Ghorbanifar
52391432	sahartolouee	Sahar Tolouee
253971447	Omid6887	Omid Rezaee
2233223557	RashelAramyan	Rashel Aramyan
1034649864	bentely_hoda	hoda hashemi
40231853	SaeedBarabadi	Saeed Barabadi
2234683381	FaranakArta	Faranak Arta
2239283850	MarjanLaghaee	Marjan Laghaee
406504775	shahrzad_hemati	shahrzad hemati
2210511956	negarhosseini80	Negar Hosseini
2591180040	MarjanTohidi	Marjan Tohidi
2591257160	SudabehRakhsh	Sudabeh Rakhsh
51659555	zahrakeshvari	 
3297594548	masoudkazemi81	Masoud Kazemi
2663611812	SasanAghaei	Sasan Aghaei
1850273407	khvatan	khatereh vatankhah
3091727255	ShahramRafizade	Shahram Rafizadeh
438291937	Mindful_boy	Shayan Ziaei
1123536030	P_Qewami	Anarchist
2778605605	bandarabbascity	BandarAbbas 
2744505942	SaamehGolzadeh	Saameh Golzadeh
2218955048	dash_sami	sam
2267404705	0sefr	
145978797	NeuroNiMa	 
109539713	Elnaz_Elz	Chaysig
3112094744	ReyhaniReyhan	Reyhan R
46506188	azadtwit	Azadtwit
57204216	Emaadb	Emad
1891924392	Maryam__Momeni	 
1000496233	alicheh93	Ali Choopan
2749635438	SaharPakseresht	Sahar Pakseresht
727227590709268480	GhassemiN	Nasrin Ghassemi
800360100804182016	_mooli_	mooli
42602634	homa72	Homa
4855205435	hasti___	
20306748	roshanak1	roshanak
26956739	hnili	Hadi Nili
94789918	samanoqo	Saman Sadeghi
2902571843	m_yousefpour	Masoud Yousefpour
203843716	sushyant	Sushyant Zavarzadeh
2435590746	ATahmasebizadeh	Abbas Tahmasebizadeh
203456795	SHoBBar_MZ	  
8920142	mimnoon	Masoumeh Naseri
628139384	HosseinRonaghi	Hossein Ronaghi
4909103187	payamsh6162	payam shaabani
2890925255	SEslamie	Saeide Eslamie
248388737	arghandehpour	Karim Arghandehpour
36370774	B3RSAM	Bersam
4620140002	meysampg	  
1104378170	nimabrn	Nima
3987879454	hypermit	hypermit
341305895	MJavadSF	Mohammad Javad
18134829	Great_Dark_Lord	Lord Farhad
101454268	k_sara	Sara K
69097723	vahdania	Ali Vahdani
225089537	eghlimam	Dr. Eqlima
2307269690	odises	Reza Ahmadi
14183091	miladopiez	Milad
48624593	aliadineh	Ali Adineh
368269590	bkhezry	Behrouz Khezry
740141341070483456	Pariaaah	paria
215950639	_Exception_	Exception
785720312	FatemehTarashi	q.e.d
1946196584	navid_bhz	Navid Borhanzehi
143373762	MehdiMMJ	Mehdi MMJ
519409411	parmidavnia	
255038870	1masochist	
1955127601	fattahiii	Abolfazl Fattahi
247061792	hasangilak	Mohammad Hasan Gilak
180038801	FarnOoSh_	FarnOoSh
2301576298	bahram_khan__	  
304289713	Farzad_YZ	Farzad YZ
45293223	newseijiro	newseijiro
970777591	E_Y_E_S_U_N	E.Y.E..U.N
30008264	uidmehdi	  
245975098	neutrinok	Kayvan Neutrino
90494021	alireza_afkar	Alireza Afkar
38851967	AidinZolghadr	Aidin 
24144559	amirsaharkhiz	Amir Saharkhiz
13513582	alijmlzd	A.J
701484140206673921	kommunia	communia
2511871525	zenomek	zeno
3181646490	aliseidabadi	Ali Seidabadi
619441647	khabgard	
2536462023	amirseyedin	 
55796372	ashourinia	Arash Ashourinia
1655985392	saeedgnu	Saeed Rasooli
2304581796	rajabzz	
1183009873	holyhamid	Hamid Moghaddasi
3140629640	inazkam	 
3808605617	Yaser_Bahrami	Yaser Bahrami
776242974	pooriast	Pooria Asteraky
178646340	Sharareh_	Sharareh
409103921	NangilaA	naziii
622579618	VahidMaani	Vahit
135882072	mirmousaviii	Mostafa Mirmousavi
1697126023	ArminSoleimany	 /
3149012837	AlaviHamidreza	Hamidreza
2572605858	srsssh	Fullmetal Geek
719125992	lVlahtabi	 
2570871	martianboy	Abbas
305570207	MahdiGp	MahdiGp
3080120083	NaghipourM	M.Naghipour
1474085502	_imasoud	
818676647939477504	cyclamineae	Raha 
295251803	Fardinak	Fardin Koochaki
1351144316	kalpase	mahdi
308722991	intuxicated	Danial
16829914	alooche	Alooche
3273182473	dibausefizad	
15162270	aminbz	
14493664	spidermard	Spidermard
3239971	shahvar	Hamed Safa
15810103	tabibzadeh	Ali Tabibzadeh
556584811	HazhirDabiri	Hazhir Dabiri
2590876380	AsmaKaroobi	Asma Karoobi
587885385	amiryaghoubali	Amir Yaghoubali
403703840	TahmineD	Princess Consuela
152241649	parsafatehi	parsafatehi
539146306	jmosawy	Jeff Mosawy
314026964	smbeiragh	Sajjad M.Beiraghdar
792804600868986880	MirzBozorg	saeid.mirza
572051429	Serpicoo3	Serpico
354406949	parniab	
41357609	rohoo	roho
189462386	dutyMessIr	Taha
14389004	TheArashM	ArashM
14197519	alihejvani	alihejvani
14200801	shandiz	shandiz
14355043	GeneralFarhad	 
263627409	sojodyan	maziar sojodyan
2615173525	SGhanbarpour	Sina GHanbarpour
16432278	ImanDavoodian	Iman Davoodian
522655054	vah7id	Vahid Taghizadeh
614574504	navidbehrangi	Navid Behrangi
2239743889	miladbruce	Milad
16716834	Ammir	AmiR Rashidi
14170710	ehsandiary	Ehsan Diary
11153652	sunnybashi	Be Sunny
2287381	Farzad	Farzad
16087875	Mehrshadr	Mehrshad
381351265	mostafa_pgs	Mostafa Pourgharib
16129833	everplays	Behrooz
844879898	shervinmashayek	shervin mashayekh
504824664	SMirjahani	Shahrzad Mirjahani
1577747094	mahdi_sadoughi	 
20533840	majidalavizadeh	Majid Alavizadeh
2254608426	gerdoo_	Samane 
91142785	_arashasghari	Arash
