97225858	Booty	iLikeBootyDaily
48751996	KhodkareBik	 
180038801	FarnOoSh_	FarnOoSh
255038870	1masochist	
16673552	az_koala	
45986108	HouseofMatriarc	House of Matriarch
18760301	ahwaztaxi	Dr. Waver
1555211383	ParfumdEmpire	Parfum d'Empire
3152463206	MaryamMazloom	Namanaa
17066033	Boushveg	
2323650924	lllMarrylll	  
14249936	Horizon1983	Horizon
453961208	iShahabiii	Shahabeddin
941958018	ZahraRahimi49	zahra.R
550401982	Kamehmsqt	Mahkameh
83647097	mohammadmojrian	Mohammad
2285621	snhasani	Naser \_()_/
107660727	MohammadMsft	MohammadMSFT
1733035928	sh_tanhaa	sheyda
51583892	mooni_mah	mooni mah
2413774754	Joan__of__Arc	
542309891	Naimi82	Mehdi Naimi
778975982	gildaone	Gilda K.J (Khalaj)
2876691	21aban	Parham
1577623176	SharareMishavam	   
1830110070	aahhvv	 Amir
75231946	kilidz	M Hussain
2317387754	pixelvisualize	Mohammad Amiri
36913679	lasttanzania	
3018223999	farshadatis	Farshad
2508260623	fatemehaminn	fatemeh a.y
11951272	sharh	MohammadAli
190190166	bzd63	behzad alibeigi
549334341	Asal19881366	
591684221	omidkavehrad	Omid Rad
22144790	mousavian	
748528938	bobyartspirit	Babak Dowlati
271296506	bahare7775	BaHaRe
753150535	ghazalll1	ghazalll
550699088	ameneh_reza	ameneh reza
219666666	bahmansh	Bahman Shamshirsaz
493847173	MohhsenK	Mohsen Karimi
39211550	Saadeghi	 
193345959	Saeed_Dn	Saeed DN
1131944886	ZeitounYinn	*Martha du Birobijan
60111905	leilabanoo	
877889136	NasserHadjloo	Nasser Hadjloo
14555495	hadjloo	Nasser Hadjloo
1699160605	farnazamini448	farnaz
1949102228	Reyhaneh_nt	Reyhaneh
839199582	SaeedNajaran	Saeed Najaran
2290440114	HaNieH_75	HaNieH
2172195253	MaaaKaan	.. 
389956017	_Karamii	Hossein Karami
219551188	arianismmm	Arian
63191935	nasserrafie	Nomad
86527199	gelofen	
277340079	SheytanRajim	  
322448978	ml3m	MojtabaBeikMohammadi
2707312075	naziii4360	nazanin kia
2976118190	fatimamasih	fatima
17653447	2hamed	Hamed
997965319	f_moOolan	faride
57929261	baranepak	
16275448	snasihatkon	Samaneh Nasihatkon
321280458	soroushjavdan	soroush javdan
788943494	m3hdi3	mEhd!.J
905555628	lalayifariba	Fariba
1266316370	samaneh_nazari	Sama
43753223	alibabaie	Ali Babaie
2784542311	semiyearly	 
2833912094	saharwsp	sahar
12355832	opiums	Opium
187139551	_MehryarS_	MEHRYR.S 
287168695	alialavimusic	Ali
495012781	apgiti	
15862060	1irani	 
2320505144	mohsen_barati	mohsen barati
16341288	jalalazimi	Jalal Azimi
2713941398	KimiaHeydary	 
2645286608	shshin_shshin	
17289451	Amin007110	Amin007110
2608466244	zarzari_	 
241003253	masoudgolchin	Masoud Golchin
42365683	amirx	
34549184	lilalways	Linda Bayani
2279281220	alinshahab	Ali Nemati Shahab
537353620	Amir_Abbass	Abbas_agha
515747804	hunniegi	
253420850	nimeshab	||  ||
2546589456	bastanikim	K!M!A
2542067514	M_bovari	 
571964518	TrollFootball	Troll Football
359838444	Akbaritabar	Aliakbar Akbaritabar
39998138	baback_	Baback
303612950	Catrickaa	
19758530	elsereturn	
525711105	Missy90_	Missy Elliot
2379918667	ShayanPR	PlayeR
138372303	FIFAWorldCup	FIFA World Cup
607004755	_920627	MARYAM
1034227560	pichaknevis	
2260618468	ifateme_1	  :|
29188023	MRyMAMD	maryam
2264028199	SamanehMirshafi	Samaneh Mirshafi
2219511804	ma_arja_an	
2254608426	gerdoo_	Samane 
2159778234	Marjanjanan	
165030165	HBFarahani	HBFarahani
2383511927	AlamiSahra	Loading ... 
798106885	NegaI2	negar
176344554	hoo2too	 
319502307	comeandaskme	What ever
2255529871	AySagol	aysa
2157002858	gis_tala7	
1151383694	7remedois	
1425267918	a_lo198989	leili
1445602202	HamedPouya	 
2221084525	noshad22	noshad
2176663380	taloogirl	foroOgh
2266601	Alizandi	Aliz ( '')
2215325653	z_biii	 mahboubeh
372469537	NarinTwitt	Narin
2177922985	alialbertino	
252034954	amirfc2	Mr Amir
167723839	1shahrivari	__
1207625670	ironlady920401	   ^.^
2169273245	B2012Be	    
1946577637	pirsaleh	ayda pirsaleh 
552492629	aidix2	aydin
1684208124	Artark1	Arta .rk
317873140	deadbymoonlight	Dead By Moonlight
1904442588	kaveh8766	 
1856320106	hooshmand_k	
480277671	Mi_ni_li	  
597172535	namerfan	
1929444296	dr_daisyy	 ! 
412898988	AiiyiidA	
1658336790	golnarin	nasrin
1547738384	MohiiiiiRF	Novel
1026049927	yadayvv	
609215158	Arm1nE	Armin Ebrahimi
519761943	misamplus	Misam
1861502012	khanoomane	khanoomane
477566968	HSamadZadeh	Hossein SamadZadeh
1620294530	Sareh_Yasaman	Yasaman & Sareh
268797210	MiisSs_N	 
1582322460	RE_JL	rezvan
1637605830	asmajoojoo	  asma    
1566024356	elhamsahafi	elei
1631154242	sllry	Parisa
1890765606	ArezooBorzoee	Arezoo Borzoee
1404590618	HassanRouhani	Hassan Rouhani
20295076	Masoud_Zamani	Masoud Zamani
1658499690	kathymahmoodin	Katayoon
487569809	maryamnayebyazd	Maryam Nayeb Yazdi
1850877026	HNsOme23	H
62000174	hamsadeh	 
1386713726	Sahar_E88	Sahar
792119354	DmagedBrain	Amir
50321689	Nacmi	Nasim
17861281	imankarimi	Iman K
1694183600	hoseinthree	
706611104	namnamkiani	Nam Nam
1114097330	zaya2itter	
22024691	siavashh	Siavash
1735730358	Hossein_u	
200463608	zontiom	
195734378	Nasimbeyg	  
1588496004	lvlaryy	
371746231	Me_The_Sun	.
229961456	shhhhammmm55	
908693390	mehrinazbanoo	mehRnaz
1336002565	ipara3	   :):
1677703561	NazzyStyles	nazzydirectioner 
1256879930	aylin91_m	aylin
1269763051	melika7667	
1465448533	Shiweed	
585753243	shaaaghayeeegh	
1023852499	parmangin	V-i-o-L-e-T
41421206	blankmaji	blankiii
17562196	Mahtob_M	Mahtob
499145681	alireza_attari	Alireza
46772186	Parithe66	Parithe66
1490644988	mahjan_khatoon	 _
337035584	shabi_uf	 __
1208263232	tm_rosha	rosha
1339426891	mohammadghkh	Mohammad Ghasemzadeh
707615792	pangoo1	mary pangoolian
999094380	_Mozhgan_	Mozhgan
305693406	the_bahareh	  
1157164224	HMahshid	Mahshid H
803786935	__F_a_T_i__	8888
1639946276	Dawnaslight	
1556249413	saba_td	seba
1721894622	zazazahrazaza	zaza
1597601798	parshantafti	parshan
47813521	JZarif	Javad Zarif
80901872	Selma1982	Selma
1660324868	Brazzz_7	 
