1336454796	Pelyme	
35369214	lovegwendoline	Gwendoline Christie
4490290217	mikhchak	Marie
2604076680	ziz_mangooli	ziz
37413528	Parpanchi	Mehdi Parpanchi
731133	sinaevil	Sina Arzany
804395597721726976	baharramani	bahar
447346332	favajan	favajan
2228762088	1hoseim	Hosein Norouzi
1624898773	AfsaranIr	
25283065	AnnStreetStudio	Ann Street Studio
1161795360	AidaAhadiany	Aida Ahadiany
4070890694	Ctrl_STD	Ctrl+S
3898795155	niouschaR	Niousha Hashemi
3242084244	sina_azin	Sina Azin
2245244857	armin7az	  
35031708	GalGadot	Gal Gadot
815961112063733760	3arvoz	sarvenazmiri
2789292090	EvandHQ	Evand 
3358421015	abarsaber	saber abar
202505441	ZaRneVesht_M	Zarzar
202334258	atmirr	Amir Attari
17230018	Spotify	Spotify
775712002199187456	Masoudvand	Masoud Ahmadvand
864952866137661440	ZizMou	Ziz Mou
76425792	GretschUSA	Gretsch Guitars
180720955	londongrammar	London Grammar
2263991125	HannahfmreidLG	Hannah Reid
863030972844875776	mehr18550	Mehrnoosh Arzaghi
28391536	strymon	Strymon
2462747940	roozbeh_shakiba	  .
36437296	AlirezaBanijani	Alireza Banijani
33949973	kscopemusic	kscope
27417018	anathemamusic	anathema
24715731	archiveofficial	Archive
46777365	CurtisTaha	Curtis
868446865355927552	arefe_shamsaei	
704177576978219008	asieh_bakeri	asieh bakeri
2224597867	snobbishredhead	Aurora
4382567835	VaghayeDaily	 
2904195838	CrazyinRussia	Only In Russia
2233134438	SadraMohaqeq	Sadra Mohaghegh
825673455861432320	farvartishr	FarvartishRezvaniyeh
730292088068313088	hosseinnasiri00	Hossein Nasiri
807003567605227520	realamberheard	Amber Heard
852736940	mutilma	HombreKeVenderMundo
787963511729184769	SahrasArtDolls	Sahra Rajabi
735611150314799104	aparmiida	Parmida
752724987203710976	H_Rafatnejad	Hamidreza Rafatnejad
47172102	marrrak	Marak
2518120868	NooraDast	.
381297094	yaasbaa	Yasba
58441672	arghaOne	Arghavan
2495920369	minimalismar	M I N I M A L I S M
2234640481	OmidMohaddes	Omid Mohaddes
2938742001	bahmanbabazade	bahman babazadeh
335163791	shazdeahad	shazde
3556885452	kingpoto	Photos
20106852	starwars	Star Wars
3708275903	restot50	restot
108088143	shanolahampton	Shanola Hampton
707904993811111936	boghche_ir	Boghche | 
3938108840	IsidoraGore	Isidora Goreshter
557258081	RubyModine	Ruby Modine
705318288138616832	mrdizi	Mr Dizi
138333290	taherbagheri	Taher Bagheri
474457553	msihusi	msh
732649152807469056	sovietvisuals	Soviet Visuals
1172330334	lsucrerie	LESUCRERIE
1027398788	Ghezelche	
24855062	nimadehghani	nima dehghani
1490525245	pesarack	
380749300	Apple	Apple
3147309777	tajijoon	 
906562009	mohsenbeh	mohsen beheshtian
600318686	hamidrezada	Hamid Amlashi
180463340	GameOfThrones	Game Of Thrones
100322679	SophieT	Sophie Turner
765414632	PahlavanAli	Ali Pahlavan
2412846020	PejmanRahbar	Pejman Rahbar
2491000489	Eranico_com	Eranico News
602823189	Sameera_Kh	
158462986	SunazZ	
558074965	Technifista	Reza Atlaschi
16279339	i3argi	
465363827	Masooti	
243585687	shadnazshaddy	
43051330	Sativa888	Sativa
2439882552	MiloMoire	Milo Moir
299483511	MalenaMorgan	Malena Morgan
2356833078	kulturtava	Black & White
1469402426	UEFAEURO	UEFA EURO
6029522	jadi	jadi
127062637	omidkordestani	Omid Kordestani
727450921	melaniepavola	Melanie Pavola
496833424	_helixn	Helix
399614856	Remymeow	Remy LaCroix
4824735543	eglantine_570	Eglantine
2825852714	firstfanny	mim
461443162	shadiahmadzade	shadi
2907774137	archillect	Archillect
249150179	OxfordWords	Oxford Dictionaries
2722649295	raminmazaheri	Ramin Mazaheri
709334735080787968	MinamirStudio	Minamir Studio
22024691	siavashh	Siavash
18393192	2littleprince2	NargesAzad
115390156	Hypogrif	Hypogrif
20235694	Conformist77	Conformist
270960311	DemeroI	Demerol
701885618477993984	tahdeegfood	 
33933259	UNICEF	UNICEF
1954979244	mosaferkesh	
178646340	Sharareh_	Sharareh
107556834	arielwinter1	Ariel Winter
4430504843	timcookfarsi	 
1542533869	thereaIbanksy	banksy
1305940272	SlackHQ	Slack
46506188	azadtwit	Azadtwit
2416257290	roshannorouzi	Roshan Norouzi
94100925	Lockenlock	
3727936577	_kebrit	 
205114994	axprintcom	 
3949628193	nenavonflow_	nenavonflow
284441324	TheWorldStories	Travel Scenes 
67683993	elhartista	elhartista
4624773153	t_alidoosti	Taraneh Alidoosti
262598789	dibagram	Diba
4348237453	Matt_LeBlanc	Matt LeBlanc
2225583661	BehroozPaygan	Behrooz Paygan
479981193	divisionbyzero_	$ sudo su
249841135	B_Mania	Mania
14320844	ArmanMohseni	Arman
2313634610	Newshaphoto	Newsha Tavakolian
2444556654	Inter_en	F.C. Internazionale
761997847	Erfanjamalzadeh	Erfan Jamalzadeh
1130580666	Digikido	Digikido
3739682116	SheTweeting	Shahrzad Beheshtian
360006756	negooni	negloot
1015389096	Bhadaf94	Hadiis
2945599269	siamakansarii	Siamak Ansari
146026726	bbcpersiansport	BBC Persian Sport
17738399	sallar	Sallar
3408632349	converseshopir	 
21847653	HAM3D	Hamed Pourhosseini
972651	mashable	Mashable
2858196679	Mahdokht88	Mahdokht
703852566	nilsfrahm	nils frahm
219551188	arianismmm	Arian
2279450100	abtcefd	
46859106	HRMirzadeh	Hamid Reza Mirzadeh
320103101	vishoou	
3341218996	allDigitallir	
3332548552	FaranakMaq	 
1580536260	7sobh	  
145157151	omid_keshtkar	Omid Keshtkar
2172922045	OnePerfectShot	One Perfect Shot
42804157	S090L	
1520108017	stefania_model	Stefania Ferrario
93937651	iMoh3n	
2565063066	meidaandotcom	
307427212	thisismynext	This Is My Next
49295564	tinoushnazmjou	Tinoush Nazmjou
3161155365	__divi__	
367100919	darwishiiiat	 
841783050	CinemaTicket	CinemaTicket
736417956	MelissaBenoist	Melissa Benoist
12273252	tomwarren	Tom Warren
2333517996	PoemPorns	Poems Porn
47813521	JZarif	Javad Zarif
20416077	panos_panay	Panos Panay
2422495002	Escapekit_	Escape Kit
413164836	koken	Koken
2888791140	microsoftband	Microsoft Band
145160803	longvoid	longvoid
2445807229	ArtPicsChannel	Art Pics Channel
471287735	GaryLineker	Gary Lineker
3018223999	farshadatis	Farshad
2160183911	KitchenerPhoto	The Kitcheners
232637500	hvnrlh	Hiwa Nourollahi
20196258	ElizabethBanks	Elizabeth Banks
607004755	_920627	MARYAM
22321602	emmyrossum	Emmy Rossum
238456744	stevehowey	Steve Howey
176895950	SHO_Shameless	Shameless
831770186	HeyFlywheel	Flywheel
374804608	raptorstruthers	michael
2979430185	HoloLens	Microsoft HoloLens
17471979	NatGeo	National Geographic
36184220	NatGeoTravel	NatGeoTravel
40297195	GettyImages	Getty Images
117662694	NatGeoPhotos	Nat Geo Photography
36943525	panospictures	Panos Pictures
16928541	1854	BJPhoto - 1854
265249312	vsco	VSCO
2431363645	afcasiancup_ir	   
78185470	afcasiancup	AFC Asian Cup
6978642	mostlylisa	Lisa Bettany
1884366962	exposure	Exposure.co
1689053928	telegram	Telegram Messenger
549808548	TravisBand	Travis
