874897683936411648	my_bright_side	 
51964398	emtized	Emtized
88484535	aQaGorGe	aQa GorGe
86527199	gelofen	
14341131	roozbehdotnet	
14198508	ma50ud	Msud
813286	BarackObama	Barack Obama
409486555	MichelleObama	Michelle Obama
2492763193	mascarpone	
14897852	MAS_	MAS
16829914	alooche	Alooche
60103862	arashsamimi	 
47180527	ladanooo	ladanooo 
3080762480	Sleimoni	M-hdi 
14053889	fatik	fatik
43857522	LilyNikfar	Lily Nikfar
142709902	1goli	Goli
14425706	unpharmacien	Ehzan
14200801	shandiz	shandiz
764136645700489216	undefinedfloor	 
304591477	amirsaam	
750707250612858880	Ronakism	ronak
765414632	PahlavanAli	Ali Pahlavan
479809444	FlTNESS	Fitness & Nutrition
2434821	ehsan	Ehsanislav
2466612457	PrimaveraBahar	Bahar
225120372	MaxShadd	Max Sh
3505303997	Pdaaawg	PD
2281771	Gonahkar	
53364786	simaaym	Sin
4624773153	t_alidoosti	Taraneh Alidoosti
46835790	doopi	
14047622	parastoooo	  
1289658361	MiniTattoos	Mini Tattoos
25354833	mrkavousi	MohammadReza
3314253930	shadiyannn1	 Shadi
153160819	graysnowflake	Raha
15178945	ghazaaleH	ghazaaleH
287974139	Niuosha	Newsha.Bulsara
414498534	Haji_Washington	 
2581136989	daaryaai	daaryaai
398413431	LaK_PaK	DeLaRaM
110972781	trumangray	Truman
739251613	pirate37b	
542309891	Naimi82	Mehdi Naimi
2190106878	NazaniNKZM	 
519313666	AnahitaA65	anahita ameri
2220154030	roosemaryya	 
518681801	fhinese	Hamed
407315593	_sheved_	
45293223	newseijiro	newseijiro
2228762088	1hoseim	Hosein Norouzi
2890507286	Eathealthyp	Eathealthy
15015672	Raaadin	
2932856324	eynmim_	
2303142614	idinsayyar1	 
2227017131	_NORMANDi9	ARMEN
66970278	AzadehJoun	Azadeh
3008168385	shadisharifi	@
50383066	Hichi60	
14516781	3tareh	3tareh
209600335	Nimavf	Nima vf
14517156	donyarad	Donya
15846407	TheEllenShow	Ellen DeGeneres
308955873	Motelllo	
854512956	HeaIthTips	Health & Fitness
1093363586	FlT_MOTIVATION	Fitness Motivation
487843424	BeFitMotivation	Fitness Motivation
87284779	FitspirationaI	Fitness Motivation
2902125325	goorbati	goorbati
62634095	amirassan	AmirHassan
243307338	haniyehh	Haniyehh
505501475	AzadeTehrani	 
982209684	Panj26	
191169937	saeidzizo	
183072836	BahramRadan	Bahram Radan
20306748	roshanak1	roshanak
16548023	9GAG	9GAG
15915542	P3DRAM_	
159581241	aliinba	Ali Taheri
403192903	hebrown7	Hebrown
54505369	aminakk	Amin
2255375036	LUMPY_54	LUMPY
222754364	mezmariz	
46880590	Havangz	Havang
46421054	Ara9h	Arash
9222412	mhrnb	Mehran Bolhasani
2370842576	et0ilefille	 
16279339	i3argi	
2604076680	ziz_mangooli	ziz
86900370	kalaantari	Ali Kalantari
16280233	Vaahid_A	Gamaj
873936122	Khesroo	
141640305	darvag_ca	
123863001	sepide1982	
2543959800	tarfandsade	 
156783533	bahramrahbar	
162089858	geologyst	AniS
14314883	mmasoudshahi	Mohammad
322662305	Sshaghayegh	
1462818511	ozirice	Ozee
141325398	nazli1982	Nazli M
97251203	behnam2k	Behnam2k
14755862	VahidStar	Vahid
2721296281	JalalSamiee	Jalal Samiee
182310776	naCtaran	Nastaran
163433987	bob_johnson	
2133921	MaziarDaniali	Maziar Daniali
2483374285	MasterNimZ	
782715727	__memim	
520509702	_Anonymous0	
2516171059	rfi_y	 
65968730	AanarchistT	Azy
76172541	MilaDnu	Milad
381797777	mam_mad	mohamad.masoumian
632302318	Aquariane	
203678193	shomare29	29
1161795360	AidaAhadiany	Aida Ahadiany
16456557	Makhmal	Makhmal
252862130	ammarhzr	Ammar Vaezi
14320844	ArmanMohseni	Arman
18378093	blind_owl	
249841135	B_Mania	Mania
94789918	samanoqo	Saman Sadeghi
37004229	_Nightwatcher_	Arash 
14396842	babakonline	Babak Online
1679741827	amoomame	  
18525592	rooziroozegari	MaryaM
20235694	Conformist77	Conformist
14084270	parsun_	
215950639	_Exception_	Exception
16449146	nargestv	Narges tv
14994504	IvIahsa	lvIahsa
16686027	arezoo_	
16192143	don_wp	hysteria
42365683	amirx	
57360803	MiMjan	
382562759	faraakh	 
144200480	mairyland	mairyland
21788517	javidrocker	javid
93712572	Dokhtarhaji	Dokhtarhaji
425985598	notoall	Sraan
554534768	shaghaaa	sha
541870466	adagio35	  
2175174169	NewshaNo1	NewshaNo1
18393192	2littleprince2	NargesAzad
1034265818	elahe89	el la he
210473384	tjkmrz90	 
115390156	Hypogrif	Hypogrif
30640023	khashayar7	khashayar
25305831	mehradoo	Mehrad
213694762	torgheh	  
104416075	pirate37bx	Pirate B
67768118	Behzad_sh	
93473625	mina18aban	Mina
14969980	GiLaSi	 
255038870	1masochist	
195224039	Mimabedi	 
12355832	opiums	Opium
22024691	siavashh	Siavash
138422490	nimsede	
931835258	ehsanjiim	 
281899717	itsbordbar	Mohammad
14183091	miladopiez	Milad
21847653	HAM3D	Hamed Pourhosseini
