2884717841	MaterialUp	MaterialUp 
318416179	RVahidian	Reyhaneh Vahidian
269941857	mozhgoun	
3309376191	Roya_Asd	   
2183972714	Arshami_ir	
53746499	jamshid_mohebbi	 
3055386285	twitt_bazar	 
574654481	foadi65	foad
3300518307	aanesherli241	
1701629071	clockworkcigar	clockworkcigar
2678173099	Iocaldrug	princess 
1548409490	t_tehranian	    
1573859414	bobraando	
3437818557	fahimekoohsari	Fahime
739251613	pirate37b	
2365857397	tachurvan	 
248660077	khajeh_joftaki	 
497383599	aannaahitaa	anahita
9595022	AT5	AT5
3297613612	saelozahra	saelozahra
1687907162	hTadayoni	Hamid Tadayoni
2367041426	clickyab	Clickyab
932194417	Pejminister	Pejman Mohammadi
2341618034	ShatelGroup	Shatel
78554488	pooya1366	Pooya
255038870	1masochist	
561936058	azkala2015	azkala
2669893616	Amberkhatoon	
3737501	hadifarnoud	Hadi Farnoud
2549658636	Golbon_Conf	Golbon
1718930268	MohKermani	Mohammad Kermani
44326631	CecileNarinx	Ccile Narinx
