805550820	RealKharmagas	
1490525245	pesarack	
1401347208	mahlagha_hs	  
204630086	Japan_fine_arts	JAPAN ARTS
937470950	Taniix_	Taniix
1266734438	lolita_mn91	lolita
2172087566	misssagh	Misagh 
2940473780	Goraz_23	 
2172778037	Rasputin8569	
830045911736807430	aliaalei	 
823004498260062208	elrs1010	
1640362993	Faranak__	
882674855036022784	Vaghih	 
736556386377572354	tousheh	 
54133469	alireza_rezaei	Alireza Rezaei
1371618385	Rouhani_ir	 
859739103293820928	sanbad_bahri	 
3143094618	shahrvand_paper	 
2431468272	FibiBoufey	
4838577929	wishnovka	 
1404590618	HassanRouhani	Hassan Rouhani
599637777	velgard100	   
324217352	pourzakaria	ArashP
183206087	hadiahmadii	
875803216742674432	699ynwa	 
864952866137661440	ZizMou	Ziz Mou
821068574592794624	Amateur_____	
4721310968	apfffffffffff	
396405629	maryami3	maryam
508809710	BBCHoseinSharif	Hossein Sharif
330841130	aghayecarlito	
2257947682	bazizitehrany	  
800738467453931520	namvarha	 
825065930757541888	milaniabbas	Abbas Milani
239687838	4shaahin4	  
710719111605530624	goorbachof1	
847539535	yas2i	  
3246920395	Mr___HQ	 
1043632808	AbdolFakher	 
2683632479	mammadsein	
848991293971857408	shoultzone	Shohab
1100552395	Andante___rit	
3224411070	Meeka6th	Mika
723176299615948800	ORTANJIL	  
3369245271	mou_seer	
4821216310	_WinSmith_	 
834529261918642176	falgir_e_baqdad	 
817062684919234561	na_sadegh	  
3351255682	jemappelleamir	. 
831519910463434752	mostafatajzade	 
2889405255	FatemehBeykpour	Fateme Beykpour
809743447246733312	alimotahari_ir	Ali Motahari
4794985346	M4ro0on	
1201045933	BBCBastani	Hossein Bastani
799242587471278080	Wyroczniaa	Wyrocznia
751721055031586816	mah_sadeghi	 
309863890	ahamid1989y	
3857006780	haUl_patU	  
894875454	AghBahman	Agh Bahman
3380173685	majazestan	 
59627487	boredpanda	Bored Panda
1100641922	Mrqauf	
1299173072	mizhamed	
770347338342731777	ssamanam	
1495951248	hosseintanha89	 (UNESCO)
2249057784	eshghi15	
1566806484	tehranibird	
2214869083	BehnoudMasoud	masoud behnoud
1584066241	alibozorgian	Ali Bozorgian
752054452165586946	Norra____	SHE
471022109	9GAGTweets	9GAG Tweets
334603001	Narjo0o0	 
2997328272	DoGaulle	
471287735	GaryLineker	Gary Lineker
2834221989	roshtolah	  
2233134438	SadraMohaqeq	Sadra Mohaghegh
1474390170	Negar_CI	NeGar
3780415212	lesgiigg	
1867193580	Yokhda	 
2576013013	misled_1991	
1891629559	Mah_m_ood	
3293853610	AAmo4841	A
2684568350	Shazdeh747	
295706865	Meysam7092	 
62231770	sahandiranmehr	 
2785684154	mr__forrest	
3029882540	Travis_Bickle9	 
554670178	pupkin8192	 
1629887622	si_rish	
2452403935	appendiiXxX	
1231362091	Haameedam	 
88433268	sibzaminikhorha	
2285581932	ehsaningg	
1711145732	ahmad_ovski	
43865592	vahidlp	
3422770163	hamash110	
2249564136	Teradiator	
210719582	asadgharighi	
2829490734	hfs90	
353739343	oliverteeut	 
883292221	Aghaye123	   
2292848544	Messiah_93	
323127279	stere_kh	
806453748	danydanyfa	
2208981517	Geor9eAli	
2570607454	KTBFFH1992	
2754330819	Ashkan_hn	 
2205167191	donya_meinhof	
4782551	Vahid	Vahid Online
873867872	Teymoursg	
1184510671	stascapando	
3310530965	Valeriiianaaa	 
602629562	Ferinaando	
451705078	jahangard4	
2180633748	MehdiAHM	
588039170	sara80ma	
24855062	nimadehghani	nima dehghani
1423188918	M_Asmmm	
3233549131	RSubutai	 
2849287974	M_A_Tbn	
2164854674	Esshaghia	
1342391221	shahinprs	 
169179541	mamlekate	
195224039	Mimabedi	 
2923843697	zaghtweet1	
387166467	hoseinlfc	Hosein
979042861	behzad_bh	shex
2622824865	the_big_Johnny	
533118771	amiirbr	amiirbr
1118826511	pishio1	  
2667388215	Mntkien	
2415675831	boob_ii	Boohama
14690170	PhillipOfAjam	P
552252520	engmahyar	
510074074	aalset_	
2228762088	1hoseim	Hosein Norouzi
2286253674	saman0018	 
130549887	BahmanKalbasi	Bahman Kalbasi
1667371002	plaque9	
255038870	1masochist	
45537951	SattarSaeedi	Sattar Saeedi
18424473	_Cafe	Cafe
2255375036	LUMPY_54	LUMPY
547552143	h44med	
534981371	zaferoon	
181198159	HichkasOfficial	Hichkas
1691574356	SharghDaily	 
4921131	nima	Nima Akbarpour 
20165058	persianclick	Persian Click | 
790728	bbcpersian	BBC Persian
