1401347208	mahlagha_hs	  
14743763	slt_fa	
888643327876366336	elaheh_koolaee	 
850873441	Odeele	Odeele
1577623176	SharareMishavam	   
864952866137661440	ZizMou	Ziz Mou
1541324378	NaghleGhol	 
855377602449743873	khaanesh	Khaanesh
14353392	Bourdain	Anthony Bourdain
886851477599379456	synusi	
930223086	PartsUnknownCNN	Parts Unknown
711633566367674368	the_shemsu	Shemsu
765127934512336896	BanietemadR	Rakhshan Banietemad
2218919041	AneCrabtree	ane crabtree
15165559	HSetareh	Setareh
704660984883863552	ir_aref	 
994511047	hesamodin1	hesam ashena
814063344541978624	obalaghati	Omid Balaghati
834395103691210753	Kamfirouzi	 
848980398386417665	Namaasanj	
906562009	mohsenbeh	mohsen beheshtian
880674046731485184	Ghheidari	gholamrezaheidari
860424006851231744	wwbookclub	WW Book Club
540754851	deraxt	
2558330833	Saralouee	Sara Louee
876782858748256257	farzadazimbeik	Farzad Azimbeik
17057271	metmuseum	The Met
856573236661932033	jamshid_ansari	Jamshid Ansari
2237397852	amirebtehaj	amir ebtehaj
704177576978219008	asieh_bakeri	asieh bakeri
452638282	IvanShatov	Arman Selahvarzi
749560776118136832	MjHaghshenas	   
860302354821910540	BehrangRajabi	Behrang Rajabi
87365357	ermiayenabi	  
2363677027	kayla_itsines	Kayla Itsines
489648170	_alirezas	Alireza 
37373131	jealouscurator	the jealous curator
117777690	jeremycorbyn	Jeremy Corbyn
14550980	injafourstar	Roya Fourstar
1521752815	dadaist20	Dadaist
863683513408774147	ElhamFakhari	 
2850594323	MJ_Akbarin	AKBARIN
2357719944	MGhorbany	Mohammad Ghorbani
814777361354948608	EhsanBodaghi	 
297021138	2eld4	
4907934826	atiikey	ati key
2682820352	Entekhab_News	  
472852789	fateme_j	Fateme
606577053	Sasanfar_ir	Hamid Reza Sasanfar
819981807689039872	najafi_tehrani	 
27712022	JoseArcadioXVI	Erfan Mojib
603579824	deghtesad	 
714954521294802945	kordaelham	Elhamkorda
2313634610	Newshaphoto	Newsha Tavakolian
619441647	khabgard	
16326063	samousavia	
853326023836020736	MortezaAlviri	 
4502669597	fatemeekhtesari	Fatemeh Ekhtesari
93473625	mina18aban	Mina
862093905453608960	N_Khodakarami	Nahid Khodakarami
786933549651886080	_Ali_Eta_	 
1628317633	faridmousaviard	farid mousavi
865887985199448067	stolzam	saber
854595619	sosha999	Peyman Yazdani
1872820130	soormeh	soormeh
86992259	MahboobKhansari	Mahboobeh
1931667091	FrankUnderwocd	Frank Underwood
825065930757541888	milaniabbas	Abbas Milani
2228762088	1hoseim	Hosein Norouzi
378815279	cherknevesht	Alireza
864042450419163136	navidmamza	Navid Mohamadzadeh
3131466466	abdollahram	AbdollahRamezanzadeh
3044877227	Khatamimedia	Khatami Media
749551939483004928	bahmandaroshafa	 
858394645885313024	IPPOGroup	IPPO
811815062843355139	AMasjedjamei	  
14367829	saman77	saman77
800494468310761472	KaroubiMT	Mohammad Karoubi
2196533387	Homadokht_	Homadokht
751203360058007552	morteza_rohani	Morteza Rohani
858953370102640642	Alirabiei_ir	Alirabiei
2567596670	yassamaan	yassamaan
2594655152	PadDolat	
844988714052796416	tessieovskie	 
4698301597	Parodo3	shad4b
3278295470	VeriteCinema	Cinema Verite
814231264765026305	Eshaq_jahangiri	 
480737104	HamedTabaar	HamedTabaar
948305972	abedrend	abed
1330953236	d_raghadm2	raghad 
858619959316013056	p3d7am	pd
162374596	ArashSoleimaani	ArashSoleimaani
856219854109650946	Rouhani96ir	 
2164626723	ebtekarm_ir	 
856497684521373697	Hashemi_Taba	 
145160803	longvoid	longvoid
820322052846579713	emad_bahavar	emad bahavar
236697038	EbrahimTabar	  
837184336675889152	nasimbahary	Nasim Bahari
779887069757706242	__shouka	
127245578	wordstionary	Quotes
812401235164884993	shabzadehhh	 
3556885452	kingpoto	Photos
779357551087452160	drhafezi	dr.hafezi
4861013172	daroshafaeij	 
4020532937	tasty	Tasty
801272664333647872	YekRay	
169204084	SamanYKJ	Saman Fara
2615655384	leymm_	Ley
836072960519700484	adsom_birds	ADSOM as birds
821995795243270145	sherminnaderi	Shermin Naderi
14613056	sayehd	Sayeh
2282006784	MissMiiiim	
2716942388	parsiyak	Pardis
320195081	MiidnightBlue	  z 
736556386377572354	tousheh	 
4823705386	womensart1	#WOMENSART
1925890202	moazezinia	hosein moazezinia
510455186	Limerick1914	Liam Hogan
818676647939477504	cyclamineae	Raha 
11951272	sharh	MohammadAli
813286	BarackObama	Barack Obama
831519910463434752	mostafatajzade	 
366585100	SaeedKD	Saeed Kamali Dehghan
2172922045	OnePerfectShot	One Perfect Shot
727941805405290498	SalehTasbihi	Saleh tasbihi
830391032	MaryamMohtadi	Maryam Mohtadi
1349187420	fkeshavarz	Forough Keshavarz
130314799	CreatorsProject	Creators
727453680690032640	VazhehViraf	VazhehViraf
22296977	chalist	
54480734	hamid_jafari	Hamid Jafari
4191780545	s_wartz	s_wartz
1332127904	M0rpheu3	 ()
173391424	delnaha	
15624805	veschwab	Victoria/V.E. Schwab
781013829064990720	DirinCartoon	 
587885385	amiryaghoubali	Amir Yaghoubali
3309679060	beporsim	 Beporsim
254217543	MaryamKarimie	Maryam Karimi
409486555	MichelleObama	Michelle Obama
2416257290	roshannorouzi	Roshan Norouzi
1093090866	FLOTUS44	First Lady- Archived
1536791610	POTUS44	President Obama
3311871880	ati_ahmadi	Atefeh
57779998	kadivarj	Jamileh Kadivar
406504775	shahrzad_hemati	shahrzad hemati
3172908592	9sshhss9	h.sara.h
2335175053	NahidMolavi	nahid molavi
788457715177758720	PoupehMissaghi	Poupeh Missaghi
818408371854409728	boktanbulut	benam
50611541	roozshah	Roozbeh Shahrestani
786991480258854912	tzeta_	zeta
17446621	THR	Hollywood Reporter
711920564386988032	karimbeigi	  
143896671	Kaleme	
2938597834	Raahak	Raahak
37350044	Kurt_Vonnegut	Kurt Vonnegut
273480819	DrunkRemnick	Drunk David Remnick
82097756	JamesBlunt	James Blunt
809743447246733312	alimotahari_ir	Ali Motahari
512700138	Madonna	Madonna
2420991090	learnenglish121	English121
786314131569639424	MiriFahimeh	Fahimeh Miri
738442376	trajectoryuk	trajectory unknown
1225477956	TehranMunicipal	Tehran Municipality
46835790	doopi	
17872536	maryamin	maryamin
4070890694	Ctrl_STD	Ctrl+S
244232732	yasharsoltani	yashar soltani
2234816707	ShabnamRahmati	 
3708275903	restot50	restot
752713	Abnoos	 
152976925	sarathemegamind	Sara the Megamind
799985566590922757	haafezeh	
1201045933	BBCBastani	Hossein Bastani
371148661	niloofarghadiri	niloofar ghadiri
750345464218779648	Maryamim1	Maryamim
5225991	Tate	Tate
239313282	saatchi_gallery	Saatchi Gallery
52729038	nemo__am	Nemo
974196661	Shindokht	 
797165571800526848	DezurickSean	Sean M. Dezurick
14432250	aaye	aye
742451244028039168	IranNewspaper	 
3245988709	Mohamadvalii	Esmaeel
758249049191514112	Digistylecom	DigiStyle
255038870	1masochist	
2229049841	Javaddalirii	Javad daliri
46880590	Havangz	Havang
1580884105	hooshmandk	
46844100	Stalag17_	
3390824524	mhvaghef	Mohammad H. Vaghef
88433268	sibzaminikhorha	
51378977	paypermache	Ieada
3674038456	MaliheRiazi	malihe riazi
284938912	shabaneha1	Marlboro
1050270810	olgatuleninova	Olga Tuleninova
1215472928	icinema_ir	icinema
723924583083053056	kaaqaz	
