552252520	engmahyar	
37413528	Parpanchi	Mehdi Parpanchi
734312483356344320	footfuniran	
967767402	NilNavaei	Nil Navaei
174230488	Masterrianni	deVrij
33030256	Neil_Druckmann	Neil Druckmann
32460469	Leemou	Neda
2754786920	Arian__sa	Arian
831219234491482114	_chercha_	  
711633566367674368	the_shemsu	Shemsu
236697038	EbrahimTabar	  
835910997986656256	sadeghi___amir	
4124310809	kasra_mak	Kasra
818408371854409728	boktanbulut	benam
894875454	AghBahman	Agh Bahman
550888131	Sed__Ali	Sed Ali
1420148670	ham1367	Hamed
1160106757	El_Hypnos	
7759232	olysseusjourney	
1349187420	fkeshavarz	Forough Keshavarz
866382409876590592	Maashaallaa	
479981193	divisionbyzero_	$ sudo su
628276440	SaraKmz	
425985598	notoall	Sraan
88433268	sibzaminikhorha	
803169003632033792	_poorya_na_	
22296977	chalist	
6029522	jadi	jadi
1345320942	_mamaan_	
1632179005	MadieTwitt	Madie
614340303	astranger27	 
58441672	arghaOne	Arghavan
860302354821910540	BehrangRajabi	Behrang Rajabi
739239236	Mahsaa_b	
1190054473	goosfandofgod	 
418951760	PandaArshi	Pasionaria
1561123663	brfootball	B/R Football
773817048728207360	kakmaki09	 
927276392	zafmaaar	Zafmar.jpg
1024692500	rezashojaei7	Reza Shojaei
852981644420161537	chawtaar	Mr BigHand 
803545652135362561	xakesque	xak
804474150	hermandovo	Amir
737723080970276864	arminarde	
3131466466	abdollahram	AbdollahRamezanzadeh
70302126	amiisen	
3284433818	ShirinNr	Shirin
831519910463434752	mostafatajzade	 
2572605858	srsssh	Fullmetal Geek
852832992913313793	AmirIsfehani	Amir Hosein Isfehani
841665113836904448	NMorshedzade	Nafisemorshedzade
2537583027	Sh1tIraniansSay	Shit iranians say
14341131	roozbehdotnet	
710906348804780032	Or_bital_	Orbital [Ne] 3s^2
2182792642	kootllas	
14490065	azoli	azooli
38492873	navidazimi	Navid
946418576	AlmaSign	Alma
1272279127	Footballcast1	
406625692	phoenix0k	Phoenix
751176025	kevinmiston	Kevin Miston
133237155	Nix_Nikooo	Nix
65865392	pemiphilo	Pemi  o
810637651963482112	ftu01	  
240714255	delpieroale	Alessandro Del Piero
886426412	ClaMarchisio8	Claudio Marchisio
606211203	gianluigibuffon	Gianluigi Buffon
107223327	nafisehkBBC	nafiseh kohnavard
429560383	AydaPour	Ayda Pourasad
788073670124179457	_memento__	 
701484140206673921	kommunia	communia
3204018261	baharanegh	beghball
320195081	MiidnightBlue	  z 
705273636190621696	_SerJaime_	
27712022	JoseArcadioXVI	Erfan Mojib
3674038456	MaliheRiazi	malihe riazi
2657696780	Golnea	Goln
4867091386	channelBpodcast	 
2949948754	Ali_malekk	Ali Malek
2724965099	maskandartabbat	
344126052	bvvafakhah	behzad vafakhah
2156923266	tiyooter	naser
768897169	giso0	giso0
818676647939477504	cyclamineae	Raha 
253707215	DonDiegodeZama	 
396405629	maryami3	maryam
212687187	Tofangbazi	
1524694567	Reyhanejavadi	Reyhaneh Javadi
536250646	2na2nz	
1964664444	paartizzann	
868800500	mneiw	
14873102	ArashBahmani	Arash Bahmani
37004229	_Nightwatcher_	Arash 
821451700649263104	mahan823	
233111030	alip24j	FreeAdam
273478225	xentrixus	 
179442813	Mamadsadegh	Mamad Sadegh
35201190	digaran	Meitham
1580884105	hooshmandk	
226973327	GhzJabb	 
14851948	Katayoon	 
792775445167083520	soberEule	Shire.D.dead
3305613461	hadie_k	Hadie K
2442617371	Sesheh	 
857605388	Fidibobooks	Fidibo
803470078880743424	pooya_dh	pooya dh
751721055031586816	mah_sadeghi	 
1201045933	BBCBastani	Hossein Bastani
216840450	Zimcoe	
173391424	delnaha	
1422957211	3pnood	UFOBB
43865592	vahidlp	
713810570705653760	ManiFarsaie	Manifes
2711956260	Sel1z	Sel
125139828	nazaninroghaye	Nazi
348498840	m0hagh	
183206087	hadiahmadii	
43680503	aydeen	Aydin Salehi
1931356045	AminBozorgian	Amin Bozorgian
744050672224600064	Prrecioussss	TheAcatalectiSmeagle
1234768950	neb_____	stephen
4710261842	AdasiShakie	
4223383694	ClemKruczynsky	Clementine
1673735821	SShahsiah	 
601234471	colonelaorliano	colonel
3257715884	Orpheos	
2431531934	marjjaaa	pointless
156605463	mirzaadamjan	 
2855439952	pantheach	pnthe
1530332280	ArezooA_	
1031010596	_Minaa_p	Minaa.p
1225513884	hosseinhamdieh	 
2439920990	Salavovich	Fundide
1391562487	jimbeltarin	jimbel
1721519870	Saoshy	Amir A.
542922194	hunebt	(-)neeee
43873088	hamid_raf	 ()
821885828	hastaloo	Hastaloo
4099326514	Cna14kia	Sina
621928115	astrogirl1998	Hapworth
2203231058	felaskechayi	
769174615193182208	mehdi_rjbl	Unforgiven IV
429108484	PanicZoey	
470857299	AuHasardBalth	
3405249253	arenesmaili	Aren
387184098	siamakka	 
2214869083	BehnoudMasoud	masoud behnoud
14170710	ehsandiary	Ehsan Diary
483994106	gandomsin	gandomgoon
491513894	SamirGolashan	SamirG
946338937	hid__	Nah
719125992	lVlahtabi	 
64027339	Graybeardcodger	 
410856472	gheziii	
2234816707	ShabnamRahmati	 
752054452165586946	Norra____	SHE
217861092	ArashGir	 
306801715	szamanzadeh	SZaman
744148302174818304	Mirzamoo	
332954705	v1d__v1d	Nveed
2304581796	rajabzz	
1522028761	musaesmaili	
3271605907	AleeSoumi	AleeS
2205167191	donya_meinhof	
132898764	mohz67	
2883837808	charshanbeh	 
1584066241	alibozorgian	Ali Bozorgian
540135012	EmilyAmraee	Emily
2285581932	ehsaningg	
705396492559785984	MMD_Ei97	 
181078043	Errfands	
3313382326	Mimozim	MimoZ
365657909	hoseiin	
210719582	asadgharighi	
179404703	Nasim____	ns
99999538	Mirzadeee	
472852789	fateme_j	Fateme
2577471638	pouyabedini	
287088046	ReviverOrator	
717620740640612352	dashAmrol	Amirhossein
353739343	oliverteeut	 
713313773038223361	soshiio	Baphomet
45118805	ADALISH	DALI
18134829	Great_Dark_Lord	Lord Farhad
2228762088	1hoseim	Hosein Norouzi
403999527	Coffeeelizard	Coffee Stark 
16914220	baharnarenj	
302860174	chapdast	Aka Lefthanded
4565124497	YouTdii	 
2889896601	Hombilious	 
2476916143	bbayounsa	 
4624773153	t_alidoosti	Taraneh Alidoosti
2958304667	gorjico	 
2433953761	ghooloom	Siavash
404218200	ahooel	Ahoo
438732924	frwololo	Wololo
181150629	Shimuszm	
67444327	saman_hf	
1656200701	MEHTII_	 
3848862313	__ft_	 
