956072970	FardisZ	
215950639	_Exception_	Exception
728984256672829440	ghazooleee	Ghazal***
875398623781060608	SetareArani	SetareArani
867028340099690496	minooooch	
202334258	atmirr	Amir Attari
47978091	ex7r3me	eX7r3me
519396874	Zed_Moon	
2604076680	ziz_mangooli	ziz
825656676837638144	khalaldandoon	Khalaldandoon
90494021	alireza_afkar	Alireza Afkar
146793905	saman_soltani	Saman
419711595	hadiyalin	Hadi.Yalin
14969980	GiLaSi	 
110972781	trumangray	Truman
4620140002	meysampg	  
569383584	PariSa__	parisa
963224328	DreamerSheba	 
757997501681111041	marrjjj	
711121549	Emyjamalian	Emy Jamalian 
195110824	sooroor88	sooroor
753570561842970624	iamalirezanouri	Alireza nouri
807488670	YasamanMatin1	Yas Matin
18847409	miimshiin	Mohammad Shahhoseini
180038801	FarnOoSh_	FarnOoSh
970777591	E_Y_E_S_U_N	E.Y.E..U.N
308955873	Motelllo	
51583892	mooni_mah	mooni mah
518681801	fhinese	Hamed
436885350	zahra_rahimii	zahra rahimi
2255375036	LUMPY_54	LUMPY
2835785199	avaaaaaan	
126689674	spotlight251	MsMasi
843112550	EarnKnowledge	Learn Something
1435994318	LawsOfSex	Laws of Sex
2818573757	anisbidar	anis ab
225118508	Polocutal	Polocutal
264730636	f0ro0gh	
3034714976	ghazale_saadii	
86199258	amirorima	amiRo
2258825948	hodao_o_	
158462986	SunazZ	
58961589	vattandoost	Iran   
3231986070	shoyoot	
1058107008	Sanazz_h	SaaNaaZ
440916381	Saaber7	
542309891	Naimi82	Mehdi Naimi
739251613	pirate37b	
432585696	serendibibi	Sadeh
2419502588	Hortensia_anna	 
254959798	JustHiddenFacts	Hidden Facts
2220393402	mistinfinite	farnoosh
90387210	Rezaaam_	iRza 
3080418754	1001BooM	1001BooM  
238212113	Samanta_gol	
202254595	AphroditeEmpire	
42365683	amirx	
7759232	olysseusjourney	
380369476	SexTaIk	Sex Talk
1927993998	afsaaaneh	afsaaaneh
83001733	farzaane	Farzaaneh
143757150	gharibvand	
46848945	marYy_a	
2473302408	Flameswine	
145160803	longvoid	longvoid
353676620	_soro0r_	sooloo
193256278	looleh	
241205228	Parhamso	Parham
278174042	Gio_oia	
8493702	Shinings	Setareh
2887763604	sabaa_td	seba
2233143506	FJamalpour	Fatemeh Jamalpour
2840926587	_SaintMary_	Saint Mary
562739443	Nil0ofari	NiLoOKan
607004755	_920627	MARYAM
12355832	opiums	Opium
994185613	Sou_Hait	
16279339	i3argi	
94789918	samanoqo	Saman Sadeghi
162089858	geologyst	AniS
67997253	l3oyc0tt	A
279522990	naghmezz	
347083638	falt_a	' falta
14603775	baaroon	Baaroon
867187434	feriinoosh	Feriinoosh
2576045061	selene_shirazi	
264257750	SexFactsOfLife	Sex Facts Of Life
1632179005	MadieTwitt	Madie
1551032172	HOTEL_KAFKA	 
840696344	paapion	.
2282006784	MissMiiiim	
189545795	Khani	 Mohamadreza Khani
718757852	laydiot	laydiot
615543771	_Homapm	Homa
255038870	1masochist	
579187083	taataa_h	.
21977719	AmiiiirHassan	AmirHassan
420445173	MissGooji	 
2258754506	monaesf	
76172541	MilaDnu	Milad
254046996	Sahar_hdr	  
17447154	saeedhbi	Saeed
332270894	MaaliiHee	
360006756	negooni	negloot
1556249413	saba_td	seba
47180527	ladanooo	ladanooo 
1059775404	Rezaabb	Reza
428994232	naWa53	
371746231	Me_The_Sun	.
327226140	Amin_Karim	
223122702	islamizad	Milad Islamizad
851186784	sanjaaab	
633005262	Etiiiii	Arash
482234152	ShimDashJim	
305215049	Negggar	NeGaR
701786274	Aasma__	
506196703	leiiili	leiiili
394227387	HaRdcLam	
540824037	DokhtAban	zohaw
22024691	siavashh	Siavash
61989448	Armin1370	
439389860	Mimna_kh	mina
190751645	_Miss_Nil_	
628324933	maahssa1	mahssa
1303205743	Shaaaaghaa	Shaghayegh
72019475	niloofarrrr	.
705670231	nargesSsSs	nargesSs
1221284846	anNaaawti	Anna
21094941	alireza__	
493843317	chiichiilas	CHiiCHiilas
1011907550	PichakCharity	Pichak Charity
617551272	farzadme	Farzad Mohsenvand
15324404	mmo1983	mmo1983
15515208	Arrgha1z	Arghavan
46825623	kghahremani	kobra ghahremani
330424049	yegmal	
575709466	ArmanTaherian	Arman Taherian
144277669	dehqaniann	Alireza
46769622	shaahink	Shahin Katebi
213444096	isaaeed	 
390000960	niimpaar	
246740019	NaaZaaNiN	
189212142	FeeReeSHTeeH	fresh.azd
779783	aqfery	aqfery
58271532	persianbanoo	Persian Banoo
4782551	Vahid	Vahid Online
10036262	1Fathi	
282507132	LalehD	Laleh Davarpanah
305200970	Silver194	No-One
66718608	sinadotnet	Sinadotnet
129146787	M0_ona	MoNa~
297929344	Ferediiii	farnaz
398413431	LaK_PaK	DeLaRaM
348725925	_sherzzz_	
13058922	amirabbas	
15746591	pilevar	Omid Pilevar 
114747079	muvezveziii	sanaz
292443693	ferferiiii	FerFeri
83819295	Aroooom	
233284715	ManGoOole	
295653629	asemandokht	
264142444	SaraKu90	Sara Ku
229164525	PeeJameh	
2214511	daanial	Danial K
409148087	parasttowwwo	parastoo
14100640	nazaninpo	nina
168457323	ArashManteghi	Arash
32622564	_nnoble	noble
13058682	amir_abbas	Amir-abbas A.
70353908	3raah	
216798913	esfanj	
191039765	ErFUN_KH	ErFUN
293789869	Gagi_B	saghi
91142785	_arashasghari	Arash
240630212	AzZyAsbOurne	AZzy
276730207	MrB_eng	Behzad
363730243	fiiingiiiliii	somebody else
228043668	Spring_encore	Bahar
15175090	Sooriiiii_e	Sooriii
195391302	javadolmamalek	JaVaD
65865392	pemiphilo	Pemi  o
327898359	1Farish	Fari.sh
251489671	Hena_Tena	
104416075	pirate37bx	Pirate B
332571316	The_Pandalium	The Semite Communist
45075167	AzinRh	AziN
137492261	vahidmali	Vahid
274447194	Mahshaad	
97913215	taraneh23	forough
245625556	MamadAce	Eagle
221450300	Gentelmang	
74977774	bahareh_barbi	bahareh
55511555	MaaloOX	Delaram
129882328	joojetighii	
248660077	khajeh_joftaki	 
96830432	DaaDooD	david
25859067	Hendoonh	Hendoonh
15306499	aliajafari	 
89673662	Xerxes_II	Masoud
39706356	Tahiiram	Tahir
