3020500828	sallymcbright	
894875454	AghBahman	Agh Bahman
3401364256	hastibo	hasibo
750240706514550784	Shakhyaw	Shoana
2551163102	itssaaar	
84238900	Narges_mni	
804474150	hermandovo	Amir
549366445	AidinPourziaee	Aidin Pourziaee
3124214812	pmiliii	  
242153833	efgech	ef.g.ech
4907934826	atiikey	ati key
848494036839256064	dudeng_nadeng	  
2809141976	_nemoooo	Nemo
133237155	Nix_Nikooo	Nix
587885385	amiryaghoubali	Amir Yaghoubali
1713415592	anitaair	
1403886157	RFatemeh	Fati
814231264765026305	Eshaq_jahangiri	 
707592870	eaghay	
1944220188	MaryPoory	 
814960950432464897	haydiii_88	
1640362993	Faranak__	
2657696780	Golnea	Goln
4821438778	TalaShad	
15297968	sheem_seen	Sheema
2387078268	_sahar____	  
2519680534	MoradiTiti	Mrs.user
2716942388	parsiyak	Pardis
14600723	qorashi	Yasser
415435124	BanafshehB1	Banafsheh B
619441647	khabgard	
1110143388	Sany___	Sanar
858582165898088448	dukshi1	
821885828	hastaloo	Hastaloo
3617236215	hanifmazrooei	Hanif Mazrooei
1529808247	RosterChin	Nahid
46870569	Schurbaa	Shirin
2890529268	Sin_Dokht	
712203671258451968	Gavrch	
410931201	aida_aina	Aida
2829209788	hichohooch	  
150592136	HamzeGhalebi	 Hamze Ghalebi
395426042	manhamed33	 
2335175053	NahidMolavi	nahid molavi
172654673	1alpr	 
852056086668562432	golnazsoltani	GOLNAZ
716373736383971328	__Star_Gazer	
4353047415	fatoohe_m	
2348185561	_abo_abo	abo-abo
225120372	MaxShadd	Max Sh
4877087189	Zahraadibb	zahraadib
238330325	zirwanz	zirwan
838179284980215808	heterotopien	Samira
92921497	KOUSHAAA	KOOSHA
828292841147351040	z_mousavikhamne	Zahra Mousavi Khamne
1872442620	anahid_lana	AnaLana
465363827	Masooti	
45309135	alivahidd	Alivahid
434413333	Moje2100	
3131466466	abdollahram	AbdollahRamezanzadeh
3351255682	jemappelleamir	. 
2228762088	1hoseim	Hosein Norouzi
2517118753	Ghrzmj	 
3124352347	ataasadeghi	Ata Sadeghi
2442617371	Sesheh	 
2684615938	SamlSamsam	BanaFsheh
313764078	latimorato	Vagabond
946338937	hid__	Nah
3319250897	potanciel	
827385711259103232	sepideh_ms	 
338968305	steve_sps	Pink Floyd - Steve
728845881965957120	EstenBaT	MsEstenBaT
2536462023	amirseyedin	 
717428837403983873	somaiyehf	
814063344541978624	obalaghati	Omid Balaghati
4861013172	daroshafaeij	 
440270645	oRRMo	
946283900	Baastaardo	Aida
831519910463434752	mostafatajzade	 
792775445167083520	soberEule	Shire.D.dead
97617682	Shadibeyzaei	Shadi Beyzaei
200060005	Ghzl64	Ghzl
2761328116	Candoooou	
1332127904	M0rpheu3	 ()
807082968124715008	Btawakoli	Gray Wolf
2973235137	elhamns	Elham Nazari
3311871880	ati_ahmadi	Atefeh
80556837	dsahba	sahba
264730636	f0ro0gh	
543947957	miraa67	Zahra
852045884	Sam_Farzaneh	Sam Farzaneh
1256706829	zat_ara	
752713	Abnoos	 
783512178506760192	mafghood	
606066557	cav_iar	Payman
2270005728	BookThief___	Nill
4897803268	h0d3r_fa	 
4462624581	m_arja_n	marjan
32460469	Leemou	Neda
414637818	Sepid00k	
3292866378	LeilayeLeili	Leilaye Leili
4474681	parastoo	Parastoo
275509500	Mansoure_P	
54339262	mojdesabz	Mojdeh
832754216	Aazzz77	Arzu
714363474382557185	bbbbb_274	sayan
701484140206673921	kommunia	communia
948305972	abedrend	abed
2684698310	PejmanSpitman	 
297081530	Kaafffff	
349090479	Sabasib	Saba
2492665027	neginazzz	Negin
45118805	ADALISH	DALI
405394309	vajgon	zi
348498840	m0hagh	
1527271645	tinoktinok	Tinok
3204018261	baharanegh	beghball
403668878	Abestanioooos	Abestanioos
2180633748	MehdiAHM	
1038996313	ma_ahii	
123577879	aazaad__	Merkwrdigeliebe
968061396	BaharehFaris	Bahar Faris
511883965	Mosht_aba	Moshtaba
14747932	zzgraph	
3674038456	MaliheRiazi	malihe riazi
4817126715	SafeFate	Fate
727184171915993089	1shekastani	blank
410632639	pharshid	Pharshid
62634095	amirassan	AmirHassan
2896790808	petrkabir	 
179404703	Nasim____	ns
15181930	10naz	Tannaz
353739343	oliverteeut	 
2179821316	soodehh	Rita
64472681	parisjoon	parzan
801819307	alvi_singer	 
45604639	Naznoush	Nazanin
2282006784	MissMiiiim	
763168984204279809	ZeddeKaaf	
472852789	fateme_j	Fateme
183206087	hadiahmadii	
212687187	Tofangbazi	
169179541	mamlekate	
2902902580	Azarestaaan	
752918679877259265	SemiMalool	Malool
979042861	behzad_bh	shex
3226731	hadis	hadiss
3343826925	__Saa_13	
4223383694	ClemKruczynsky	Clementine
2203231058	felaskechayi	
1542912613	rahelehr	raheleh.r
1689288810	zaaqoo	
480737104	HamedTabaar	HamedTabaar
1349187420	fkeshavarz	Forough Keshavarz
3384908114	NajmeEsmaili	Najme Esmaili
47000864	payam_f	
2899217464	Benzoddin	Benaaz
871380631	Tarsa56	
253971447	Omid6887	Omid Rezaee
24627132	camilleguaty	Camille Guaty
315364944	daghianus	
22296977	chalist	
297021138	2eld4	
2190106878	NazaniNKZM	 
3993602968	Nasttaran	Nastaran
307806424	farnooshmoayeri	farn00sh
747320835728277504	Parnassus1871	ParNassus
2440323248	sobhezood	 
200012444	b3hroozam	Behroozam
62231770	sahandiranmehr	 
1008575125	HosseinRmz	Hossein rmz
4717726395	AzarMaaliNasab	. 
711789200077676544	Bbirdwomann	
2617132201	imanh	O2
3184984952	Attefeh	Attefeh Falah
701020487971901441	AliBayayi	
371875071	khers69	KHERS
727116732641333248	alimatlabs	ali matlab
1422957211	3pnood	UFOBB
400062723	57muel	
3258228709	_Solale	Solale
293681367	marzie_r	Marzie
2883837808	charshanbeh	 
15057400	amelism	amelism
46421054	Ara9h	Arash
2380382132	_sarbandi	
403999527	Coffeeelizard	Coffee Stark 
757892550	franny_ftm	franny
1329018038	culaan_	Dra
522878221	shaataqi	
4859337176	hafez_hakami	Hafez Hakami
429560383	AydaPour	Ayda Pourasad
1076891778	sajjadsat	
1420148670	ham1367	Hamed
132898764	mohz67	
2431531934	marjjaaa	pointless
381032633	un_cons_cious	
109707441	albarezzahedi	Alborz Zahedi
404268423	SarviSad	
4872916392	Izanamimyth	
