887013181683630080	pajanba	Parsa Janbaz
415121318	RashaShidmaher	Rasha Shidmaher
1926642008	jamilireza	Reza Jamili
883963102622101504	ElecomStars	Elecom Stars
3299668729	mansooroola	mansouroola
43062242	pooyazarei	Pooya
1518808303	Shahgame1	Mehdi Shahbazi
3282859598	TwitterVideo	Twitter Video
3808605617	Yaser_Bahrami	Yaser Bahrami
4152744618	jahandarpour	Ehsan Jahandarpour
1150917534	taghiniam	mohammad taghiniam
819981807689039872	najafi_tehrani	 
302678816	hkazazi	Hosein Kazazi 
112507479	arastuq	Touhid Arastu
822791988298674176	Farshad1973	Farshad
504824664	SMirjahani	Shahrzad Mirjahani
2740698111	AgahiMe	Malihe Agahi
831519910463434752	mostafatajzade	 
758182858716348416	SalimKLnr	Salim||
180038801	FarnOoSh_	FarnOoSh
822067004844732416	reza_ayazi	Reza Ayazi
834810539662594050	farhadprime	Farhad
846315488120582145	otaghak	Otaghak - 
835573735243513856	FarzinFardiss	Farzin Fardiss
844831936619036672	jatinjacom	JatInja
1946196584	navid_bhz	Navid Borhanzehi
227997658	FarzadKarkhani	FarzadK
2454489385	AnnaAlikhani	Anna Alikhani
1253635922	vagheanke	Shahab Javanmardy
230507750	hamedbd	Hamed Bidi
3248904409	ManTaraham	  
91559378	AmirMostakin	Amir Mostakin
2868703088	AminBeigzade	Amin Beigzadeh
2526742226	mreza_azali	Mohammadreza azali
3305466789	TechRasaCom	TechRasa
142772512	Tavaana	Tavaana 
2352231708	mo_zahedi	mohammad zahedi
2413347738	Meidoon	Meidoon
15316428	kavehjamali2	 
719049910	SinaShafiezadeh	Sina Shafiezadeh
807160149563547648	nemati_zahra	Zahra Nemati
47135775	hajjehforoosh	
256900512	farbodsaraf	Farbod Saraf
1379552558	Srasoulof	 
714841019800547328	sbcFoodTech	Sbootcamp FoodTech
11585552	pwk	Peter W. Kruger
71482204	exavir	Farokh Shahabi
2358501061	_niiiix_	Sadegh
14588785	Kevin_Granger	Kevin Granger
45297280	dzello	Josh Dzielak 
315122180	D_MLG	DENYS MALENGREAU
18973454	farhad_hf	Farhad Hedayatifard
1599545828	joeharshamshiri	Bahram Shamshiri
319721647	Azazadeh	Azadeh
1315026194	onatfarzad	Farzad
73345649	Hivasharifi	Hiva sharifi
1156721059	zoveilzhiri	 
15099853	noo0nii	
3739682116	SheTweeting	Shahrzad Beheshtian
2958304667	gorjico	 
1045827732	dreammmmmmmer	Hatef
2787911245	EmadSaedi	Emad Saedi
14954395	nejatt	nejatt
952974044	aliizzzzz	aliiz
2328116461	dashtinejad	Dashtinejad 
6579092	Ardeshir	Ardeshir
3956138122	Olympic_ir	Iran Olympic
11951272	sharh	MohammadAli
14355043	GeneralFarhad	 
751721055031586816	mah_sadeghi	 
56768981	babahri	bagher bahri
1125768883	aafarhoodi	Ahmad Ali Farhoodi
1905047714	AliTehraninasr	Ali Tehraninasr
37916396	amirsedighi	Amir Sedighi
4897803268	h0d3r_fa	 
14321566	hamednaraghi	Hamed Naraghi
2311732176	Mahdi__Ahmadian	Mahdi Ahmadian
743424003608559617	MS5710109	Unknown User
736618759092342784	hamzezadehm	 
721601083756396544	toolgram	Toolgram - 
107657933	metirahmani	Mehdi Rahmani
86199258	amirorima	amiRo
1061020795	Kashefipour	Ali Kashefipour
990489740	NimaQazi	Nima Qazi
267122304	salijafari	Ali Jafari
5783122	mkargar	M.M.Kargar
2395123376	zeini0	Ahmad Zeini 
705158622	oroujzadeh	Mahmoud Oroujzadeh
72950443	MimYusof	. 
14798257	moniirre	uo
91830854	sepidakkk	SipiDe
2991875766	lahootian9257	 
103341080	drrezatavakoli	MohammadRezaTavakoli
407683574	MahmoodFeiz	Mahmood Feiz
198301814	mshahamirian	Mehdi Shahamirian
2749635438	SaharPakseresht	Sahar Pakseresht
636335981	golrokhbahri	Golrokh.Btf
3028168109	alian_reza	reza alian
893096209	alishahla13	Ali Shahla
1069203397	imanbaik1	iman baik
39730984	soleymany	Saeed Soleymany
15192708	tavakkoli	Behnam Tavakkoli
2883784472	hamidrezasarma1	Hamidreza Sarmadi
96394122	abtahi_m	Mohamad Ali Abtahi
321280458	soroushjavdan	soroush javdan
795610584	NimaDgr	NIM :]
3175080853	kardan_ib	KardanInvestmentBank
706436316364476416	rezabahramivii	Reza Bahrami
55796372	ashourinia	Arash Ashourinia
701689033311715328	Alireza_Jafar	Alireza Jafar
4825217957	shahramneda7	Shahram Ebrahimi
14517156	donyarad	Donya
2865256088	smhhamidi	S. M. Hossein Hamidi
88030941	Miladsob	Milad Sobhkhiz 
3768837255	Roshanyyy	Roshanak At
2281044080	GoogleForEntrep	Google4Entrepreneurs
168857946	500Startups	500 Startups
108698830	StartupGrind	Startup Grind
15218288	mimnajafi	Mohammad Najafi
3434638907	DelionFoods	Delion
97251203	behnam2k	Behnam2k
885130994	MasoodBarzi	Masood Barzi
4464280392	21Elecomp	Elecomp2015
477566968	HSamadZadeh	Hossein SamadZadeh
46918361	ghasrfakhri	Iman Ghasrfakhri
2945599269	siamakansarii	Siamak Ansari
836411184	Heshzad	Sergeant
67959336	yakhmool	yakhmool
157408251	alireza94	Alireza Ahmadi
2254608426	gerdoo_	Samane 
479981193	divisionbyzero_	$ sudo su
50360952	silvercover	Hamed Takmil
5943622	pmarca	Marc Andreessen
14287769	nuved	  
2239743889	miladbruce	Milad
3345635997	armanhossseini	Arman Hosseini
2423489323	shogaiee	saeed shojaei saadi
23788274	Shelterless	
547509406	sibghermez	
3002624415	mostafaalotfi	Mostafa Lotfi
2244357740	SaraElmi	Sara 
984704396	misaghDroid	Misagh Aghakhani
3970995328	SoroushAdambeik	Soroush 
3138642203	ShahbaziTahoora	Tahoora Shahbazi
1920731322	intheWISH	
181115691	nargesd	Narges
521253979	Af5anehha	Afsaneh
723589039	Pearl6384	
138529583	nickholzherr	Nick Holzherr
30037177	JoshuaRM	Joshua Miller
15120222	iHiD	Jeremy Walker
277141287	kiyanir	Kiyan Shalileh
1862791334	mehrzadnw	Mehrzad Azghandi
549652257	farzanehbadii	Farzaneh Badii
19187116	TheDigitalHub	The Digital Hub
20870264	baheresmat	Baher Esmat
407524793	Elsa_Saade	Elsa Saade
14910744	alireza_kashian	alireza_kashian
3848468113	dowlatshahi_	Shahpour Dowlatshahi
46863210	jalilyonline	somaieh jalily
274144991	mayede	maede
15439643	sajjad_meshki	Shahriar
3192097483	paresh_org	Paresh accelerator
1524764065	Firoozehimany	Firoozeh
3224350632	ictstartups	ICTStartups
3275401921	NaqmeRoohelahi	naqme roohelahi
3491225836	farsi_favorites	Farsi Favorites
4855501	mialomo	Mia Bennett
3288682253	OPPMAKR	Reza Ghiabi
31271265	reyhunak	Reyhan Tavakol
561429308	yazdanpanaha	Abbas Yazdanpanah
3254871104	Bluegrass_Co	Bluegrass companies
8020002	aseemb	Aseem Badshah
3291251	jaavid	
380296105	aref_it	hossein andarkhora
1272784146	FatemehFarokhi	Fatemeh Farokhi
1718930268	MohKermani	Mohammad Kermani
2205684181	AsalMansi	Asal Rad
282786243	srabbaspour	Saeedreza
97388328	ar_masrour	Ahmadreza Masrour
1934224069	SoheilNikzad	Soheil Nikzad
15976335	DamonMag	Damon Maghsoudi
587763910	MariaAfsharian	Maria Afsharian
242797389	smtabatabaie	Mojtaba Tabatabaie
17154772	Nima1980	Nima
451955384	ThreeVentures	Three Ventures
414047606	Hamshahrionline	MIRAN
71318202	Zoouup	Armin ranjbar
1616876894	Cheshmehpub	
20710292	kjstrasser	Kevin Strasser
2152456394	elahakbari	ela
31350724	Raj_Sen_Sharma	Raj SenSharma
40515777	codymclain	Cody McLain
949	pedraum	Pedraum Pardehpoosh
140310105	babakph	Babak Pahlavan
51087520	Sepidehma	Goje!!!
253420850	nimeshab	||  ||
1219440812	moinob	Mandana B
2566975149	Alizadeh_me	Ali Alizadeh
563763121	_cyanogen	
