424576028	AmirpoorMehdi	 
835218686122287106	TrumpsTies	Trump's Ties
40231853	SaeedBarabadi	Saeed Barabadi
737850152174653440	shahrzad_assadi	Shahrzad Assadi
2880094912	azisadeghi	Azadeh Sadeghi
720776750523768832	Twitier7	 
634413847	mehdimahmudi	mehdi mahmoudi
853315909	Twittsport_ir	Twitt Sport IRAN
55796372	ashourinia	Arash Ashourinia
860302354821910540	BehrangRajabi	Behrang Rajabi
781868153211150336	zeinaB7675	  
881118621619163137	Nejlam901	Nezhla
817994648975245312	Roozarooznews	
248844427	mh_nejati	M. Hossein Nejati
4747620262	_Sargashteh_	
251763473	imanpaknahad	Iman Paknahad
2280707911	Aftabnetmag	AftabnetMag&Website
2565063066	meidaandotcom	
1523793998	kerandut	Mustapa Fakir
775704061169369088	lisa_elyaza	Elisa Rahmawati
710719111605530624	goorbachof1	
2228762088	1hoseim	Hosein Norouzi
3078852683	Paxima_Mojavezi	Paxima Mojavezi
849188836387291136	arashhnia	Arash Hasannia
870205328	Nogaambooks	Nogaam - 
736257930	gavaznzard	 
27712022	JoseArcadioXVI	Erfan Mojib
2594204948	alirezamahmodi3	alirezamahmodi
857605388	Fidibobooks	Fidibo
3651422355	SaveVideoBot	Save Video Bot
830045911736807430	aliaalei	 
1578565836	shin_mimm	Shokoofeh Mousavi
1516446170	RouzbehArash	Rouzbeh Arash
2558330833	Saralouee	Sara Louee
6029522	jadi	jadi
16716834	Ammir	AmiR Rashidi
354090847	a_abolfathi	a.bolfath
2221129711	Gonge_bikhaab	 
870273164093403137	Amir_Echo	  
350564903	YoSrA_Bakhakh	Yosra Bakhakh
1926523099	MortezaGhadimi	 
169179541	mamlekate	
3044877227	Khatamimedia	Khatami Media
70667235	namihos	Nami
2337406888	KBehrang	Kamyar Behrang
29385460	paymanmj	Pay/Man
15900083	Kian242	Kian
870053353329393664	one_babak	1Babak
2434644426	Karimimajdroya	Roya Karimi Majd
4794649753	parastoobabaie	Parastoo babaie
710088137796677632	mkmotlagh	with Hope
851777446177234944	mahnaz09005719	 
787790365378109440	Elahe_pur_	-  -
720705504218071040	whiteaphid	Forough K Tarakameh
104676683	adadpay	Ali Dadpay
1490525245	pesarack	
793793795997462528	Mostafaa_Azizi	Mostafa Azizi
243667106	behmash	Maysam Behravesh
1403886157	RFatemeh	Fati
478377028	nima_farzaneh	nima
603579824	deghtesad	 
819981807689039872	najafi_tehrani	 
825065930757541888	milaniabbas	Abbas Milani
169204084	SamanYKJ	Saman Fara
2604020402	saeedshafiei1	shafiei saeed
2231004577	KetabeParseh	Ketabe Parseh
712703632458784769	Karami69Kiana	Kiana
2471392868	mahsamrabadi	Mahsa Amrabadi
776242974	pooriast	Pooria Asteraky
3142561490	baaahaaariii	Bahari
822294996837662720	Asabkosh	  
79707722	noroozpour	M.Reza Noroozpour
14545668	Kayvan_Hosseini	Kayvan Hosseini
2682820352	Entekhab_News	  
253673359	AmirPaivar	Amir Paivar
1652541	Reuters	Reuters Top News
35067843	iranbaan	Fershteh Ghazi
757870866906480640	MehdiTaremi9	Mehdi Taremi
727815531621818372	tnews_ir	   
818676647939477504	cyclamineae	Raha 
8920142	mimnoon	Masoumeh Naseri
1053553206	hodarostami	hoda rostami
142885232	USAENERGYINC	USA Energy, Inc.
249916079	CENTCOMFarsi	  
723606563127234561	crudeOilNow	crude Oil is Now
429560383	AydaPour	Ayda Pourasad
758182858716348416	SalimKLnr	Salim||
1422957211	3pnood	UFOBB
841665113836904448	NMorshedzade	Nafisemorshedzade
815629784789164033	Yasmangoola5	Yasmangoola
779677145014599680	irna1313	 
945479406	SaraMassoumi	Sara Massoumi
4243969032	a_h_khorshidfar	Amir.h Khorshidfar
47633485	ReutersIran	Reuters Iran
46772441	sepehrifar	Tara Sepehri Far
395034289	handsPub	 
817105298590572544	BahmanAmouee	Bahman Amouee
730129892877049857	jilabani	Jila Baniyaghoob
2233143506	FJamalpour	Fatemeh Jamalpour
65805181	Abreshalvarpush	 
3292866378	LeilayeLeili	Leilaye Leili
252192282	delshade	Delshad Emami
2850594323	MJ_Akbarin	AKBARIN
2509360928	FarsNews_Agency	 
62231770	sahandiranmehr	 
4621229295	mohsen_azarm	mohsen.azarm
750345464218779648	Maryamim1	Maryamim
97901285	mmoeeni	MHMD Moeini
2941090939	Shirinnezafati	Shirin nezafati
104931804	xorpex	PJ 
1413974431	ReyMazaheri	Reihaneh Mazaheri
732648540854484992	Victoria_Tahmas	Victoria Tahmasebi
1626294277	spectatorindex	The Spectator Index
3285060343	DigikalaMag	Digikala Mag
2331584635	Digiato	Digiato
197835371	behranginfo	Behrang
392114023	HosseinMahini	Hossein Mahini
1744800464	fcperspolisir	Perspolis F.C.
1946196584	navid_bhz	Navid Borhanzehi
3399124558	Marii_Abdi	 
396519616	ShabavizClub	  
14049955	shabniya	ShahRam BehNiya
2428785294	imamalisociety	  
1580884105	hooshmandk	
1590869623	KarimkhanF	Fateme Karimkhan
581554897	papakoorosh	Koorosh Ranjbar
714246015700897792	Maryamnaz1358	Maryamnaz Mahmoudian
828292841147351040	z_mousavikhamne	Zahra Mousavi Khamne
2718878618	eghtesadnews	 
814777361354948608	EhsanBodaghi	 
2938597834	Raahak	Raahak
47205045	mshirvan	Mojgan Gh-Shirvan
3376286595	KianpourAlireza	Alireza Kianpour
14638577	kargadan	
67959336	yakhmool	yakhmool
33856554	SaraZia	Sara Zia
237235235	Aroomeh_	 
2543813160	HrXIII	Herr 13
4469571327	hezartoopodcast	  
490588477	sputnik_ir	 
854595619	sosha999	Peyman Yazdani
736556386377572354	tousheh	 
2594655152	PadDolat	
723924583083053056	kaaqaz	
1616876894	Cheshmehpub	
1270953186	KayhanKalhor	Kayhan Kalhor
791627749496594432	SanazNikii	Sanaz Nikii
4897803268	h0d3r_fa	 
43680503	aydeen	Aydin Salehi
810905286554910720	radiodeux	
252039020	Rezvani_Saeid	Amoo Saeid
14873102	ArashBahmani	Arash Bahmani
4795661195	IranReportDesk	 
1227164316	hamedasoloot	hamed a.soloot
18657360	madyar	Madyar
794503728724328449	petronnir	
809743447246733312	alimotahari_ir	Ali Motahari
551217090	Rezahoonejani	Reza Hoonejani
2430394890	faeze1219	faeze abbasi
1459001790	tarikhirani	Tarikh Irani
2189931379	R_Zandi	Reza Zandi
803222582434598912	teimourirahele	Rahele.Teimouri
2356833078	kulturtava	Black & White
1146089215	35anj	  
54480734	hamid_jafari	Hamid Jafari
497375544	lametalk	Behnam
3556885452	kingpoto	Photos
334745634	IseleS1	Isele S.
50234036	UNICTehran	UNIC - Tehran
1750830175	sadeghmousivand	
1627653294	shadiiranii	shadi
513478434	SamanMovahed	SamanMovahedirad
3376663109	faatwitt	ShahrzadShams
1905589586	sabaazarpeik	saba azarpeik
2749166090	FarsNewsInt	 
703261616	hamidraze	hamidreza Kazemi
2214869083	BehnoudMasoud	masoud behnoud
2234825958	k_maziar	Maziar Khosravi
813506431	VSamei	vida samei
2343303802	shabani_razieh	razieh shabani
808729490	Iran_Style	Iran Style
1423277510	SaraVs_Sara	   
13832792	EbrahimHeidari	Ebrahim Heidari
2237397852	amirebtehaj	amir ebtehaj
892470386	dastanmag	 
1557315432	HistoryInPix	History In Pictures
3726859395	mimtgov	mimtgov
3425153939	shabnevisblog	 
2994639981	Mdoai	Meysam Doai
2412846020	PejmanRahbar	Pejman Rahbar
1241419070	bbcJamshid	Jamshid Barzegar
740865867089608704	simple_function	
3177061323	PasKoocheh	
504767598	1mohitban	  
742451244028039168	IranNewspaper	 
143373762	MehdiMMJ	Mehdi MMJ
1565799890	tarafdari_com	   
1903668313	oblivionpoision	
4502669597	fatemeekhtesari	Fatemeh Ekhtesari
725775604482711552	ladyatena9	atena
