2622824865	the_big_Johnny	
122360823	shmoro_	Shahab
717420831882747904	_I_Infinity	
864952866137661440	ZizMou	Ziz Mou
288417407	sajjad42	sajjad
756803109997993984	mynameissaye	
810810215092355073	thatshaghayegh	  
721792905497677825	baharmb22	
795211587212742656	mobin_mgp	
733649999683289090	amirh_ameli	AmirHossein Ameli
747841348481462273	mimk4f	
844633944272375815	Nothing_E_M	
392114023	HosseinMahini	Hossein Mahini
775353572460462081	qazaali_	
843555810378731520	Akrin_2	Agrin
714120385021788161	fatemee97	FaHti
717341148952543233	SaeidBeygi	saeid beygi
2875128151	Begamind1	
864042450419163136	navidmamza	Navid Mohamadzadeh
857236398599962624	Hadii_roxas	  
822451956878897152	signalebarax	 
843085247734595586	MaryamArizh	()
717193998557974528	wiiiillllly	 
789467783180357632	mona_mirk	
332827057	ArashMath	Arash Ashrafzadeh
2351438030	TOoOKA111	 :)
757589354613047297	mitratavakoli2	
989767232	AsalEsmaeili	
1380971438	ColorsEffect	Cinema Palettes
853846224797126656	fspolytechnic	   
847886781206941697	infinitycatgirl	   
853224330825785344	EroticArtica	EroticArtica
847161818925727745	Miiilik	
2859633467	yegooneh	
309064867	ArashBarahmand	Arash Barahmand
46848945	marYy_a	
726771738340642816	Bearightside	Mr Bearightside
3340615983	roozbeh_moeini	
754996910516277248	meshkkat	
421554823	AvgSociaIMedia	Average Social Media
786166159838093312	ferismic	
286137139	itsjustrozhiina	 
714183117880303617	ghaandor	
712368649122746370	dokhtarhamsaye	 
3261084875	bella__vita	
2905345601	Miiminor	 
824540899325648897	__hypernova_	
2249057784	eshghi15	
502850925	AmirkabirS	Amirkabir
836074553537400836	Najma6204	Najma
777860697388621825	tootii_fh	 
2891532419	Farri_gh	
803746222855090176	marblevibe	
1336248866	BehinedTheScene	  
765243363754909696	Shervin_R	Shervin Rahimi
780473082712580096	aloneHurricane	Hurricane
1682726306	sarOllferi	
827926089183936512	LiLi_almi	 
798420192795783168	persian_sadegh	Manfered
795922118	Widoo_Faniano	
820369178867757057	M204525	Matt
3311778942	sheidast	
1162915387	zirsigari_1	 
3351919995	sargordtl	
590861929	_glamour__	  
524199268	mamalusa77	    
22317367	djsnake	DJ SNAKE
810065774593314817	mahe_monir	 
788695665752862720	Aquarimaz	  
780777618496819200	Tiina_hk	 
749183994026160128	dictatorjuni	
710751752539099138	kouli_i	
733370956236787712	userwwwwww	 
815087736638107649	itsarianr	
4437835289	deadniggassocia	DNA
798966834032738309	1998_pumpkin	Pumpkin
722815329592709121	h4di6	
705638657617633281	sahariiam	 
817157378705649664	fewzco	Fewz
707941468695089153	shahrRrzaad	
815699872275976193	MAD_ZAND	MAD_ZAND
711900028596580352	sick_person_	
292950567	YasamanBah63	 
3476262372	sohidehghan	sohi the writer
809743447246733312	alimotahari_ir	Ali Motahari
791604179605291012	ArashAnahidi	Arash Anahidi
3556885452	kingpoto	Photos
729668567017398274	Bitamortabet	
710945129297674241	fatimarad1997	
4640235372	hajbahmann	 
710483455344295936	Meykhosh031	 
1325416982	peykar1	peykar021
751187593828577280	SahbaHad	Svhbv
3363309723	mohamad_hamzehh	
2458550538	m_misanthrope	
2842154235	Shukullle	
707779436	Far500l	Fargol
3335912147	fourNItwo	
4776838734	Banannnafish	 
1017888356	Herforher	
235121612	Qiarash	
3285060343	DigikalaMag	Digikala Mag
806115338	Melika_HpH	 
2893043119	PaGHeesa	PaGheesa
2312829753	Maryam_Shbz	  
776752419409715200	shayan_sadeghii	
2511923155	Zhamzhamzh	
748826583255945217	parisaa_kh	
385381046	Hhvmid	Hhvmid
757332332692905985	_sallva_	  
1214777952	MinooParto	 
757494375458934784	Zarajoinedtwitr	
3081666688	rouznaleh	
718373637431128064	__chocolate18__	
3242364151	hichi_khob	
4808507779	the_deniz1	The Niiz
2668335929	SabaKhtm	  
3658332137	Hourtaab	Khashayar | 
720666788145532929	zombe71	
707592940529590272	Mahya_3	
751691558865346560	Minaauiia	 
701343678384754689	melika_hh	
2687297047	mahafarid10	
726481255949295617	Sooofyyyy	
3968651075	butitsnotromina	  
3464174119	Chetowfski	  ()
742794943844995072	_ahadrpn	
716263467364311040	Lostisolated	  
4836726076	tannazZz7	
703905435565301761	paawti	
736081342052503553	Loolyle7	
2644197410	Snapp_Team	Snapp 
2824602254	iaminnajafi	Amin Najafi
1656200701	MEHTII_	 
737953069242146816	maede_o	underline O
746033012106739712	rezaeiiam	
2657074714	Garsardoon	 
2472204811	Monica_pilarous	
948476688	mimrasouli	Mim Rasouli
2734820076	molaei_ali	Ali Molaei
1570575217	kingshalgham	
338872270	Ali92nemesis	
725379922231971840	sq_saba	
707635903376846848	EsienFara	eh_Sun
118096669	Meteor95	
723263900448358404	ManamdigeDIVUNE	
4920971211	noo6nsoly	!
716522026693996544	Mahboob_lonely	 
725369481921462272	ad_Fatemeh_ad	  =)))
627099229	ashi_enkar	
3382425112	idgafauffb	
2303142614	idinsayyar1	 
1926734436	farshadSooltani	 
479981193	divisionbyzero_	$ sudo su
4287534622	Asozusta	
703538806885126144	shasosaaaa	
2307319074	Sinaa_says	_
1227164316	hamedasoloot	hamed a.soloot
721072262	baharak1975	 
1919550686	hodano93	   
715477302621003780	Nofiii13	
4095126860	dontpokemedude	pokerface
2541769082	rezaariamehr420	
751829888	1vahshi	
2316461	zoghal	Saleh Souzanchi
2911655062	ArashBazaz	Arsho
979042861	behzad_bh	shex
2856001896	Emad_dsm	 
3388906929	rozhansteiger	
2604076680	ziz_mangooli	ziz
188011516	MelissaD89	Melissa Debling
519409411	parmidavnia	
3087531707	Miiss_fa	
1577623176	SharareMishavam	   
2245244857	armin7az	  
142839300	DanBilzerian	Dan Bilzerian
3361989797	MrHakels	 
169179541	mamlekate	
2945599269	siamakansarii	Siamak Ansari
1534885964	khodesheh	 
3401741038	pourya	
129279460	petroCna	
772601706	AbiRatchford	Abigail Ratchford
1376091870	shahin_shelby	
20536157	Google	Google
1470268705	MrSoltaniy	 
3087870004	tiz__uk	  
171001767	immersivio	
755489790	anti_blackness	 *___*
912261235	nazanln	
2907137675	arashrash71	
338242569	SaeedDeh	Saeed Dehghan
243585687	shadnazshaddy	
1427001200	meysvm	Meysam Ahmadi
379060945	riizz_elii	 
203678193	shomare29	29
2797405998	safdargholi_	
995677213	mostytoonam	  
751012920	johnameen	Me and Mozee
564844786	mohs5en	
