887918453792931841	Narges_ME	Narges Moshrefpour
2439772098	azhman1	The
113701465	sohrab_salehin	
1089597517	saaamirano	samira
878995409896689664	iMelomanie	
869616473878142976	pegahmadani	 
552225288	SaraAlef	
793404671293583360	tsedgrof	fog
14747932	zzgraph	
733041755814256640	mshah000	kimyagar
1872820130	soormeh	soormeh
818771664284610560	SalehiNaghmeh	Naghmeh Salehi
297034913	FerDokht	
18393192	2littleprince2	NargesAzad
14743763	slt_fa	
1039278480	matrioshkatic	
3367994644	farshadxrii	Farshad T
1324753417	shinlady17	
3311871880	ati_ahmadi	Atefeh
323127279	stere_kh	
764179147	uglyfloki	flki
815644068151754752	Heydoo7	Heydoo
3848862313	__ft_	 
396775293	melzinro	elz
821885828	hastaloo	Hastaloo
800673013	RagNza	N
4837938593	MarMary__	Glsar
20235694	Conformist77	Conformist
16829914	alooche	Alooche
4120696455	MjTaqizade	f.print
946338937	hid__	Nah
3405249253	arenesmaili	Aren
14897852	MAS_	MAS
483994106	gandomsin	gandomgoon
243676426	Mojtabajahan	Mojtaba Jahanshir
723092313891729408	Negarkalameh	 
715971786677088256	rorrettaaa	Rrretta
632817137	Neda7MA	Ne7dA
99999538	Mirzadeee	
1758839185	sepidealy	
624031683	mooshtebol	
744104742	PouyanH	Pouyan
756158037635764224	badi_ishraqi	Badi Ishraqi
2888503524	nimamojiz	Mojiz
27992411	ablomof	
2963943623	nmuseaoe	
367899368	nedsneds	nasoor
3993602968	Nasttaran	Nastaran
3739682116	SheTweeting	Shahrzad Beheshtian
540754851	deraxt	
3344395845	thewow9	onami
2958304667	gorjico	 
252131613	Fahimehkhezr	Fahimeh KhezrHeidari
4755943217	Sabonagooloo	 - Daanieh
315631677	DingDarang	FlirtatiousMosquito
46880590	Havangz	Havang
90388594	sina241389	
436885350	zahra_rahimii	zahra rahimi
86900370	kalaantari	Ali Kalantari
46870569	Schurbaa	Shirin
1522028761	musaesmaili	
353739343	oliverteeut	 
889782678	sanatayulmaz	snz
626624677	_GOLNAZ_	golnaz
585944065	SamaneMim	
37004229	_Nightwatcher_	Arash 
210719582	asadgharighi	
2427624403	srnmhda	
250051030	nomia2011	
755142367	sakene5	 
1715409763	Set_lp	Set List
16149671	farzaneh21	F   z  n e  
2861751	abellz	Mo
3244079402	SaaraaMinor	Sara
1530332280	ArezooA_	
2564931008	Seeeeher	
49295564	tinoushnazmjou	Tinoush Nazmjou
1673357850	MrJoor	
302860174	chapdast	Aka Lefthanded
475664526	taraneh16	
18134829	Great_Dark_Lord	Lord Farhad
119002877	yaldarta	
511883965	Mosht_aba	Moshtaba
3204018261	baharanegh	beghball
2422359110	sardAAk	3
253707215	DonDiegodeZama	 
1511480538	__Bernard_	
83001733	farzaane	Farzaaneh
2604076680	ziz_mangooli	ziz
532110042	Aidinelo	Aidin Sadeghi
1062313886	Mehrshad996	
600137499	amelik__	amelik
403999527	Coffeeelizard	Coffee Stark 
457676025	sepiiidegh	sepide ghh
2657696780	Golnea	Goln
158462986	SunazZ	
18406388	farznh	
2365857397	tachurvan	 
570124666	ms_galile	galile
14705964	makanmehr	Makan Mehrpouya
2466612457	PrimaveraBahar	Bahar
43511146	HolyKiller	Holy Killer
1673735821	SShahsiah	 
216133918	Xlibaba	Professional
226973327	GhzJabb	 
404218200	ahooel	Ahoo
47180527	ladanooo	ladanooo 
2991610095	nada_saboori	Nada_Saboori
927276392	zafmaaar	Zafmar.jpg
337038595	Ghazaal_	Her.
80901872	Selma1982	Selma
255038870	1masochist	
1143054283	shohresh	shohreh_sh
7759232	olysseusjourney	
403668878	Abestanioooos	Abestanioos
195224039	Mimabedi	 
387184098	siamakka	 
1031010596	_Minaa_p	Minaa.p
94789918	samanoqo	Saman Sadeghi
874468992	aghaabozorg	 
390000960	niimpaar	
1329018038	culaan_	Dra
13495722	littlefarbod	
1462818511	ozirice	Ozee
142709902	1goli	Goli
36633634	HamedAfra	Hamed
92493541	AmirVav	Amir
601234471	colonelaorliano	colonel
203678193	shomare29	29
197936483	jo0aAd	
264730636	f0ro0gh	
1070291052	_dahdash	K1
249841135	B_Mania	Mania
22024691	siavashh	Siavash
239683358	SalehRn	Saleh
14320844	ArmanMohseni	Arman
251489671	Hena_Tena	
163433987	bob_johnson	
66970278	AzadehJoun	Azadeh
381797777	mam_mad	mohamad.masoumian
232814544	Hossein_Aghaa	 
222682480	_ZedZed_	
152241649	parsafatehi	parsafatehi
53364786	simaaym	Sin
1283751	se7en	se7en
125139828	nazaninroghaye	Nazi
