4653751463	cool_gif	Cool Gifs
2727202011	Aghae_C	 
882674855036022784	Vaghih	 
2684568350	Shazdeh747	
769241841942269953	Simpsonodole	 
875803216742674432	699ynwa	 
17874544	TwitterSupport	Twitter Support
848991293971857408	shoultzone	Shohab
777815682679508992	mrnassiri2	 
414751846	Maskedduchess	
1689250165	_postdoc	 
2983162793	AlirezaEsmram	Alireza Esmram
533118771	amiirbr	amiirbr
20834720	theReticent	Ilia Vakili
322694106	Maadiian	
191169937	saeidzizo	
1160974406	kazem_gaghi	
813694961216581632	kopololmolook	pate
47847786	Scarecr0_w	
3319335622	niloozzzz	
2237397852	amirebtehaj	amir ebtehaj
717341148952543233	SaeidBeygi	saeid beygi
727085292172267521	saharzare2016	 
786892569443786752	iamkhaje	  
728630569937055746	fandoqsjv	 
2970592697	Taylr_Durden	 
2580716445	dashjorjio	
519773434	SaharDery	
4565124497	YouTdii	 
751769030499917824	zarde_ghanari	   
1076891778	sajjadsat	
1383926161	namrood999	NAMROOD
497383599	aannaahitaa	anahita
973490311	BacheGorbe	Adagio
221056511	MohsenAbi	  :{
385002135	p_la_cebo	(  )
231180234	onlymuratt	
3355536909	rebelstanley	 
2400980401	HAMED29976639	
863667955	aqayehich	 
2534937977	Minipishi	  
768334154291220480	khanoom666	Khanoom
1042209960	MehranBotParast	  
1907491525	aqaye_alefba	
195485006	Miss8elle	 
14190672	mahdijafari	 
1517729538	_agnosticism_	
370002486	XoDsm	
511883965	Mosht_aba	Moshtaba
700230066	m_h963	 
768380839294042113	Bozorgmehr_h	BozorgmehrHoseinpour
250477833	Mahfam_kh	Mahfam
3369369045	Haji_MontaZer	  18  
2218955048	dash_sami	sam
1473973788	nasaqchi	 
2376802099	hadisayad1	  
1474306387	vahidoneal	
3182140459	iFlame__	Zippo
2206437601	mohammadR69	MaVaRa
2500875138	marmolakeferz	
2387078268	_sahar____	  
1060227457	pari3a952	p?
2921246318	esteghlali_sara	 
2745069173	Reetwittgar	
1930828290	_far_in	FariN
718547845641543680	naseredishnah	 
1862792863	Ok_30_jen	
507916377	Arsht4t	WhiteCrow
380416900	arminghias	Armin GHias
3351919995	sargordtl	
1897986138	ms_unforgiven	  
29166751	behnammodern	
3422770163	hamash110	
590254155	_JalaleDin_	 
2299617956	gilgamew	 
746821867	ARMIN_HAQSHENAS	 :
2409386274	Iranian_Archer	
3293853610	AAmo4841	A
2714305984	Miss_AZAD	 
2543813160	HrXIII	Herr 13
728457002	saeed_eskandari	saeed : )
3299484257	kimhoow	  
712203671258451968	Gavrch	
411904461	sarooon_94	
2208981517	Geor9eAli	
714067650385719298	slypants	
1201474164	jol_bak	
1642489854	_NazuA_	
2149613202	262IR	262iran
1542912613	rahelehr	raheleh.r
3054148857	Elina1366	
2560060718	KargadanMirza	 
2894536492	antigone1113	
3420899234	bozmajjje	
3305878367	esterahatga	 +
2489759365	Hamid_wood	 
43865592	vahidlp	
706182612935696384	mahaneto	 
129146787	M0_ona	MoNa~
48648723	kashkull	
2456742346	Shadow__Ir	...
1058459906	raheb_c	
1299173072	mizhamed	
2383030438	M4DG0DD	 
1374579103	PouyanKh	POUYAN
2556457045	far_ana_kam	FRNKM
2810652421	SueKbm	
2159778234	Marjanjanan	
2323814297	s601019	
853290625	TwitteeTod	
53068923	IranBlogger	Nima Chehreh
2886173110	beharhal	
552252520	engmahyar	
1539366252	hamed__p	hamed
1867080126	saeedeh2012	
3327493703	NamarboOt	
47952380	bsalamati	 
33493951	fardaa88	Fardaa
9313772	onlymehdi	Mehdi Saharkhiz
1701825403	hamiid_reza	Hamid
306244136	merkantilisti	  
268447783	hesamism	  11
2285540623	shah_parii	  
14496155	kourosh	
627099229	ashi_enkar	
193453739	homayonii	   
2423695538	amirhoseinba	
1043632808	AbdolFakher	 
3124214812	pmiliii	  
2249564136	Teradiator	
100700637	arash_master	Arash
1954979244	mosaferkesh	
798595604	far_shadd	   
44572728	amirkaz	
1184510671	stascapando	
2680623055	peiymann	 
1180588441	GholianH	  
2258657592	alikd7	 
1655961289	khengekhoda	
1100641922	Mrqauf	
742402098	Namak_1	 
2363901937	mahbu000be	
2856001896	Emad_dsm	 
47421258	Golshifteh	Golshifteh Farahani
2170433920	3OMa_70	
3286500422	Khodadadazizi13	 
172099894	sdrslm	100RA
72504572	IvIE8RDAD	 
2752230613	elahe______t	
2274279960	radical_rango	
1132620468	N3gaar	..
2184046285	kourosh721	 
1423712623	InJoorNegar	 
502850925	AmirkabirS	Amirkabir
2285581932	ehsaningg	
1500491118	imanbrando	DON iman
1488106614	FuegoAT	
3188055504	sttigg	sttigg
1403996844	morphi_n	..
155207636	MahdiSalehpoor	MimSad
170415186	RaminFP	  
3029882540	Travis_Bickle9	 
718551697510031361	JadidMasood	  
534743719	AverageCtizen	 
309863890	ahamid1989y	
1396552554	santiaaagoooo	  
863192576	Mirza6283	 
1640362993	Faranak__	
1361987420	yaran12322	Darin ali
2422805077	eman619rv	 
87653387	zekipedia	
2155675939	hiddeeen	 
61150052	azizo_0	Aziz
439235111	II76III47	
470857299	AuHasardBalth	
806453748	danydanyfa	
1679741827	amoomame	  
3133499244	seymajid	
2240543992	mohsen1618k	 
718023822	_Shiaf	
2841125564	ShGh07	
315178519	black_m75	MamadReza
1159577947	abolfazl47	 
3224411070	Meeka6th	Mika
1184559967	a60na82	
2388785365	shapastooolak	
517911259	_amoookia	 
2543234436	Vahid_Crazy	 
1256706829	zat_ara	
1420848067	MozhdehT	mozhdeh A
2845446877	k031313t	
480737104	HamedTabaar	HamedTabaar
3665582602	1daghonism	_ 
47592111	adissimo	
1303452458	rezaaf69	 
51161456	yasaman60140686	 
2834221989	roshtolah	  
564844786	mohs5en	
1221338972	tosbagha1982	 
1019441606	ffaabbaahh	
