472852789	fateme_j	Fateme
841665113836904448	NMorshedzade	Nafisemorshedzade
712203671258451968	Gavrch	
125139828	nazaninroghaye	Nazi
14490065	azoli	azooli
752207710729465857	_shahraam	.
751721055031586816	mah_sadeghi	 
2420991090	learnenglish121	English121
863712902	mohinnerpeace	 
88433268	sibzaminikhorha	
411483717	K1sadri	
3242368285	Rockkettto	
210719582	asadgharighi	
14341131	roozbehdotnet	
1584066241	alibozorgian	Ali Bozorgian
624031683	mooshtebol	
4717726395	AzarMaaliNasab	. 
1511480538	__Bernard_	
1872820130	soormeh	soormeh
323127279	stere_kh	
1474390170	Negar_CI	NeGar
169179541	mamlekate	
2427624403	srnmhda	
973490311	BacheGorbe	Adagio
713313773038223361	soshiio	Baphomet
2721296281	JalalSamiee	Jalal Samiee
873867872	Teymoursg	
62634095	amirassan	AmirHassan
2991875766	lahootian9257	 
2647609783	_Dogmatist	
846853320	Shahr2ad	
540135012	EmilyAmraee	Emily
2693599770	_alphamin	min
544318453	g0lnar	
2233134438	SadraMohaqeq	Sadra Mohaghegh
518681801	fhinese	Hamed
408701339	kickmehr	
3023835104	ARRINKINKIN	
2320649540	_OhReza	
3080762480	Sleimoni	M-hdi 
37204416	neg_s	negar
602629562	Ferinaando	
1542912613	rahelehr	raheleh.r
46061625	NewshaSaremi	Niusha Saremi
1047381535	jaan_daar	Jaandaar
2774644930	48kilooyi	terrorist
14648025	rezaxiii	Reza XIV
894875454	AghBahman	Agh Bahman
1161795360	AidaAhadiany	Aida Ahadiany
2615612538	Erfan_777	Erfan
1391562487	jimbeltarin	jimbel
1663018050	Juani____	Juani
1110143388	Sany___	Sanar
397537398	callmeyasa	
175807768	asmartkid	Yazdan
1691574356	SharghDaily	 
297081530	Kaafffff	
544584414	hessamsba	HE
2255375036	LUMPY_54	LUMPY
238330325	zirwanz	zirwan
630294980	1st_nafar	
1646009659	_vey__	
1495951248	hosseintanha89	 (UNESCO)
2221671150	mc4930	49
445771095	Sepideh_N	3pd
806080675	mowtion	
203678193	shomare29	29
238229483	kuffmode	Kayson
519412755	ZUntitled	Miss unTiTled
629107318	EyL0t	
24375268	india40	
294014531	GoodbyePaterson	 
853290625	TwitteeTod	
434413333	Moje2100	
951343620	_sad100_	100
933027068	Nperma	epoch
250009609	Ehsaan__	
407278040	alskvrda	
511883965	Mosht_aba	Moshtaba
2623211	alephmim	aleph.mim
14567230	1mahraz	mahraz
1329018038	culaan_	Dra
524893817	elicohaam	
475664526	taraneh16	
1217533536	RanandeTaksi	Khalil M
983006922	PHadi20	Hadi
15086510	pngle	PnGle SeleYeR
381361654	mahsaee	mahsaee
821885828	hastaloo	Hastaloo
434442640	shaakhtaar	Shakhtar
480737104	HamedTabaar	HamedTabaar
14690170	PhillipOfAjam	P
246930577	iran_time	   
856259738	Mohsennsaba	Mohsen
123577879	aazaad__	Merkwrdigeliebe
407315593	_sheved_	
4782551	Vahid	Vahid Online
158315745	maryamterooni	Maryam Terooni
135679428	danimoh	
403745898	Sam_TheRipper	SamTheRipper
403668878	Abestanioooos	Abestanioos
252771727	Taiwanii	
252862130	ammarhzr	Ammar Vaezi
171116097	AliGondo0o	
177746835	sayeh_ro	 
198324192	Rol3erto	
67444327	saman_hf	
232814544	Hossein_Aghaa	 
