3370497073	amirshkt	Amir Shokati
588509385	doorbash	Milad Doorbash
1433206836	estrellaaa_123	-----
740035245769170944	Sepehrity	Sepehr Mohammadi
192639466	PartoPalang	  
181893151	SonOfAHiiitch	!   
15154636	S3micolon	 
471434443	sami_tu5	
2951696717	s3p1deh	Sepideh
4834721307	amin3mej	 
211109927	shatobery	Shahin A. Tabary
435973316	irLinja	 
1160792402	yekvakil	
760884710058983424	congorosays	CONGORO
1664457962	MrZedkay	ZedKay
362390390	HassanZanjani	Hassan Zanjani
3344052519	Arashdma	Arash
704002681	mehrmoudi	Mehran
624619707	behnoosh6	
876707319509377025	cafebazaarlife	Life at Cafe Bazaar
119818676	sinamomken	Sina Momken
15901786	pesarkhobeee	Farid
517437463	amirr3za	Amirreza Gh
864952866137661440	ZizMou	Ziz Mou
815542027987419136	Samanerabiee	Samane
2348409834	mehD_ard	MehD
14723545	tehran	Shahram Sharif
515192228	saharsarlak	sahar sarlak
16673552	az_koala	
621253013	_Nima__	Nima
725097187479166976	Biggg__banggg	
796635781280518145	Tara_Rezapour	Tara
336587828	alirezatehrani4	Alireza Tehrani
4717658005	mortezism	Mory
546506656	gir3pich	  
847449630421827584	trenditter	
1259582209	Yaser_Amiri	Yaser Amiri
595343731	EPLBible	Transfer Talk
204967829	Ghenaat	Reza Ghenaat
178646340	Sharareh_	Sharareh
826306579565834240	mstootfarangi	  
809541926	ItsErfun	    
575709466	ArmanTaherian	Arman Taherian
103052388	Ramin40348784	Ramin
2751626812	aliraam	aLiRaam
612479499	saeidbsn	Saeid
876460173920878592	Maaeden	maede noori
714758475717472256	matin_kaboli	Matin Kaboli
197483174	FarbodArian	O
612668235	Amir_mrj	 
862610075378212864	WarcraftFarsi	 
523557274	mohtada8am	mohtada
14409684	sinasiadat	Sina Siadat
47615372	a_cartoonist	A Cartoonist
2255375036	LUMPY_54	LUMPY
1364631038	armanparian	 
241205228	Parhamso	Parham
888242448	__oma__	Omid Goudarzi
108473250	mahmoud_pow_0	Mahmoud^0
876426749118173184	maryamaminiasl	Maryam
282160168	alidehghanig	Ali Dehghani
4668762913	01sadra	Sadra Aliabadi
283434849	pesarkermooni	Pesar Kermooni
93133101	HasanTBT	Hasan Tabatabaie
798078039431254016	iman_f94	doki
782585724	a1ir3za	Alireza
2228045525	_sarabanoo	
239527374	m_parsaeian	Mohsen
558074965	Technifista	Reza Atlaschi
192526765	weblogz	Natsu!!
828509451720196097	fakelanati	  
754090166633967616	f4rgol	
1628691817	Enymeria	
2529217903	1Khaste	Arman
2562100672	dstjrd	mehsen
704334404848582656	11o_nim	  
841619175089012736	setareh1985	setareh
200012444	b3hroozam	Behroozam
90494021	alireza_afkar	Alireza Afkar
2254608426	gerdoo_	Samane 
2497049886	turkishsajjad	Sajjad Ramezanpour
14603775	baaroon	Baaroon
189483010	ShararehHatami	Sharareh
1732021644	hesmaili95	Hamed Esmaili
2270750432	behdad_k	behdad
111856275	vahidKarimane	vahid karimane 
88668187	Mohaddi90	
318740230	NazaninRhi	Nazanin
2880691828	Ashkan_rmk	Ashkan Rahmani
2660613438	PhilosophyMttrs	Philosophy Matters
329600238	MasoudFirouzi	Masoud Firouzi
806244423961104388	kalbalochi_ir	  
742932873511047168	DevOpsHero	Devops Hero
862232510213869568	Tabasomjoon	(: TaBaSOm :)
4867091386	channelBpodcast	 
418951760	PandaArshi	Pasionaria
606514114	aleasadi	ali asadi
145157151	omid_keshtkar	Omid Keshtkar
142323611	I6_6_6I	devil's advocate
4321059520	DevopsG	DevOps Guy
3696383061	imahmoodz	Mahmood Zamani
47918373	eisensteinlich	
824108051808550913	rahaa_ahm	
3226425562	MahdiTahanian	mahdi tahanian
14947993	amircyber	amircyber
852118124702961664	BoushehriMina	Mina
203843716	sushyant	Sushyant Zavarzadeh
16912915	nikahang	Nik Kowsar
2453333024	bardia_heydari	Mr.Beardia
722449771768582144	MrC0de	MrNull
372457786	unholytr1n1ty	Alireza
712192815837679616	HannahArendt16	   
172706193	ehdi_sh	ehdi
1113100093	SGhasseminejad	Saeed Ghasseminejad
327039781	ibtkm	Pooya
912011617	MahdiMajidzadeh	Mahd! Maj!dzadeh
852120893652434945	AmiriGiso	Giso Amiri
752593	Mesbah	Mesbah
2995822990	morajabi	Mohammad Rajabifard
4859761	remohammadi	Reza Mohammadi
248062460	mehrdad_2000	Mehrdad
2566975149	Alizadeh_me	Ali Alizadeh
95030839	Nick_Craver	Nick Craver
312278816	NH_Reza	Reza VIII
2485938120	CheeseNewsNow	 Cheese News Now! 
832247728285560832	patomoxart	Saint Patrick
734855712	SiNaPahLeVaN	Sina
14374582	moshtaghi	Mehdi Moshtaghi
979042861	behzad_bh	shex
2451908592	daryaadaryaa	Darya
195304669	ahangarha	Mostafa Ahangarha
302417840	vaqei	
758105948728721408	HSN_AMI	hosein amini
849841241152000000	HamzeVakili	Hamze Vakili
17066033	Boushveg	
14075928	TheOnion	The Onion
139160570	allahparast	allahyar
731038649291309056	zolal95	
20900329	amirrasha	Rasha Malek
802934352141283328	Shokooofa	Shokoufa
463687959	AliAzG_	Ali A.z.G.
711679317521113089	karimiifarhad	lin0x
14892890	vakilzadeh	AVEbrahimi
43714875	rezakamalifard	Reza Kamalifard
3124000174	black_swan187	black swan
15143478	RichardDawkins	Richard Dawkins
287953764	rezamahmoudii	RZA
2890987224	sajadcooper	C00p3R
848972666778378241	NavidSedehi	Navid Sedehi
740425193424883712	zaneshoo	  
2155539457	AKhoraman	Amir Ali
626947665	satrobit	Amir Keshavarz
781142056106360832	wantoneo	   
1090141	backlon	Dieter Bohn
23741938	hosein6626	Hossein Mousavi
777079152797188096	Nfatourehchi	 
741218654	MrAlEsk	
843771913231093760	burnedyourtweet	Burned Your Tweet
1633436996	ArtNudesDaily	Artistic Nudes
836106431170560000	homay0on	
70104003	sajjaaad	
754392138629152768	hmrkh0	Ramtin
1246295208	alavi_nik	Morteza Alavi Nik
723914190684082176	SaraEmadi89	SaRa@K
216939636	AndrewYNg	Andrew Ng
48837683	reza_ahmadi	Reza Ahmadi
760939168075751425	hampasho	 Hampa | 
600896707	sinamot7	
842666900962402304	safarnazsahari	 
1520228526	unsplash	Unsplash
487736815	TheWeirdWorld	Shower Thoughts
145160803	longvoid	longvoid
808393603953225728	FaveStar3	
3168860521	terminus_26	Terminus
1396552554	santiaaagoooo	  
15234407	CERN	CERN
42404667	faeezzeh	 -
5488652	erfunn	Erfun Kheirandish
50090898	googledevs	Google Developers
839572190055976960	amirsoleimani01	amir soleimani
2739123764	SociableWitch	Sociable Witch
52000195	Sam_SM_	_Sam
4807817062	Soheil116	so_heil
785546707576717312	moonlight_mah	Mah tab
48825256	ardavaan	Ardavan
2570871	martianboy	Abbas
4445257453	farhad_faghihi	Farhad Faghihi
622991045	ferijudoo	Fobel
307297819	farzadi_farzadi	Farzadi
493645535	JavadBahoosh	Javad Bahoosh
4098243807	sahar_sobhani	Sahar
15810103	tabibzadeh	Ali Tabibzadeh
24974216	necolas	Nicolas
734372898446692352	mibarim_ir	 | Mibarim
17484680	nixcraft	nixCraft
1130356441	FoodPornsx	Food Porn
741532577580863488	temsaa_co	temsaa
66780587	awscloud	Amazon Web Services
3182787381	ilcaffedinotte	 
127062637	omidkordestani	Omid Kordestani
