803492636015362049	mahaya_t	
3374012465	QahveChiii	
1948948182	MoeinSepiany	Mr Sep
870318570613481474	arezoye_morde	:)
873397042768474114	itsmmerii	Meri
48430724	fedra_j	fedra
875803216742674432	699ynwa	 
875627795224735744	violetanarchist	  
1161795360	AidaAhadiany	Aida Ahadiany
751012920	johnameen	Me and Mozee
2684568350	Shazdeh747	
28435235	bigmag	$(whoami)
1047684438	IchBinMohsen	
275221481	xmangamma	HadiRostami
4795041349	thomas_en_	
2427578176	sh_seyedi	
193598520	ParvizBfreak	ParvizBfreak
836574312337387520	shimaostadi	   
780723991778504704	DidbanZanan	 
112029481	Siiibiiilak	S!B!LaK
979042861	behzad_bh	shex
1256706829	zat_ara	
398096961	nima_unforgiven	 
1396552554	santiaaagoooo	  
1690670264	L00biaChiTi	kIaNa
771090250378739714	Fateme65b	Fatemebeykpoor
1359048852	_Reniii_	Reyhan
398611023	hanismackoOo	
3375677536	B_i_na	
2282006784	MissMiiiim	
2253676624	s_mohsen_h	
723021815271055360	_whoRUkidding_	~
765414632	PahlavanAli	Ali Pahlavan
3136930256	Relax_accountan	  
703414475	Leilibazargan	Leili Bazargan
847539535	yas2i	  
2945599269	siamakansarii	Siamak Ansari
510971772	bitellooo	
51161456	yasaman60140686	 
587772242	sayyedsaeid	 
1500491118	imanbrando	DON iman
3780415212	lesgiigg	
2570607454	KTBFFH1992	
2249564136	Teradiator	
2754330819	Ashkan_hn	 
2427624403	srnmhda	
741219816330125312	Dyazpam10	 
2889405255	FatemehBeykpour	Fateme Beykpour
956072970	FardisZ	
309863890	ahamid1989y	
222024225	Khoram_Din	  ...
4624773153	t_alidoosti	Taraneh Alidoosti
731168200725921793	Historyinpic1	  
4697790452	Dardeshab	  Khan Snow
1918493484	SaliiHB	SoleyMan
2400980401	HAMED29976639	
589467785	sayakhorsand	aVa
734848915678371840	vataraghide	
735089568064671744	mahyarjavid	Mahyar Javid
342082277	SemiArsalan	Arsalan
3970736663	Giahyab1	Giahyab
927235386	Monjjee	
501871657	last_twitt	Mr last -  
4003983794	immortal__13	
1731941898	Fight_Club01	 
2350790912	mamazh_	
2510067644	mariiiiilo	
1573859414	bobraando	
1043632808	AbdolFakher	 
4699983089	Amiirse	
4546873995	AfshariBita	
4056301881	The__Lucifer	   
1342391221	shahinprs	 
722039019312431105	smhosseyny	Mohammad
65805181	Abreshalvarpush	 
728238923533651968	GhazaalMgh	 
716639783934623745	haminekehass	 
2408896658	Nazilius	
728567544156655616	___lilyin___	lily
2737200468	Arhaam95	 
14341131	roozbehdotnet	
2909807976	Geodesian_1989	
2656854650	magila_sd	
4733604879	farjam_reza	
723320568121024512	can__on	  
250480784	Amin2plus	I
2819483120	kamharfam	
4147639335	Parsaeist	
269192607	Raaikaaa	
18688617	Caspian_failed	caspian
83694702	clintlicher	 
169179541	mamlekate	
627099229	ashi_enkar	
706852567213408262	m3hrzzad	....
519519263	imMachiavelli	
716923772712972288	Ma69Raha	 
712670426980360192	MaMaLoO1997	Mr Majhool
4838348093	aminsafa9	SAFA
715852867475808266	Hsm_msv	&
716528612485238784	bist20bist	Bist
76980283	Tahmooresss	
95657218	_MOJ1	
4871440209	mamadina205	 
91856206	saiedartin	saied  eldorado
4267893389	quark444	 
722586140692389888	Davood1372	 
2493287928	nima_bhd	
1955348299	poiaan	  
723245586263236609	p_no_q	
157559537	khalil_khoshrou	 
4688268733	Bagherzadah	  
723847488180871168	MersadBourqan	-
714549548916539392	HossinShariati	 
4896452093	I00Ifact	1001facts
51364550	ashkanr65	
374652496	DudeDontDoThat	Cat Shit Band
717399972086419456	ghaaaar	Bona mehrparvar
4684516070	ExTR3ME_Bache	Mahdi
2820523394	nazliazadnejad	
723990333734944768	m_13archi	 
709102675883855872	Idroozzzz	Alireza
1227164316	hamedasoloot	hamed a.soloot
4717726395	AzarMaaliNasab	. 
4088270794	mamasite_ir	
353739343	oliverteeut	 
1721054468	parvizmahdavian	
3242236239	bohluol	
279974420	pouriyaS7	
715464038466076672	Sir_Doxtor	 
4795500379	maryamsdnmaryam	mary
2352922892	MojGhafari	moj
2484251041	sanaz____	sanaz...
540102262	EBiN3M_Madrid	My Repressed Soul
4492545868	alirezazandi62	Alireza Zandi
3540173536	AmirrezaAsadi	Amir Reza Asadi
255038870	1masochist	
4871600229	A_Parsa_Zad	Parsa
2378787962	EmadEngPersian	EmadJafari-Official
2218247647	hoseinTrump	 
2492359679	93_shahab	  
719488594742796288	JavadMosadeghi	Javad Mosadeghi
4635768513	EhsanST	Joker
2843591162	BrightEye89	
4825125742	wtfGizMo	GizMo
721588089769078784	hashtiat	
1930575074	Mashozara	 
874213844	sundancekidd83	SundanceKidd
17410043	imanpad	iMAN
225089537	eghlimam	Dr. Eqlima
880257816	EhsanAlmasi2303	ehsan
2383557238	2damask	
751176025	kevinmiston	Kevin Miston
566175488	wild_sheikh	 
53398247	hamid_kz	
2417053633	amirtey79	A      i   
4782551	Vahid	Vahid Online
4523885423	_kabadayi_	
783275180	Mathaf19	af19af
636350154	Shabekavir	   
1577118648	_parnian	
1542912613	rahelehr	raheleh.r
705360003184644096	saghetalayii	 
3029882540	Travis_Bickle9	 
2604840322	hoseinizm	 
1554405398	mamaly9	  
630361755	leonst7	L0N
2164772066	Amir_Ho3inn	
716777371412656128	badkhat6	 
81637121	y0y0player	
4243969032	a_h_khorshidfar	Amir.h Khorshidfar
718023822	_Shiaf	
94305172	arminoza	Armin
4823867403	Shabgardan	 
2164854674	Esshaghia	
714061698467033088	287day	 
481055461	Mr_Dario0	Dario | 
3377647143	ehsanmomenabadi	Ehsanofficial
852209233	rezachiii	
716977070325235712	saeid_abeedi	Saeid Abeedi
2150648834	conquisadore	
4869701939	Strange0F	
4689858468	shivalove286	
1371618385	Rouhani_ir	 
16556145	raheleh	raheleh
15178945	ghazaaleH	ghazaaleH
3979378569	faaajh	
2215738858	Dokhtarkadkhoda	   
1100641922	Mrqauf	
4170036155	eh3an33	eh3an
155833304	alidzr	Ali Delzendehrooy
710165997559357441	hothatan	__
32538835	Mosi_SP1	MostafaS
22247218	Arbaks	Babak
14493664	spidermard	Spidermard
713606003594375169	____UnderLine	
143373762	MehdiMMJ	Mehdi MMJ
670643	mhmazidi	mhmazidi
713620495078436864	Hajibadoom	Haji
2153313690	8bitsays	 
1907518016	mamad_hector	  
