242153833	efgech	ef.g.ech
103721812	parsapirouzfar	Parsa Pirouzfar
935531287	AbbasAmiri1	Abbas Amiri
563237464	yasinsb	Yasin
310896088	Daynaz7	
2731137937	ParisRezaie	paris
810832516139614208	Tistuma	Tsst
844796528044625920	taraneh_amini	Taraneh Amini
879046581466562560	PestehKhandan	 
1494667153	Caloriefixes	Calorie fixes
58247329	monoasis	Rza
366128775	Ferigis	
4511756054	Saraghazanfari1	Saraghazanfari
18525592	rooziroozegari	MaryaM
2214869083	BehnoudMasoud	masoud behnoud
36370774	B3RSAM	Bersam
15165559	HSetareh	Setareh
27955781	Firouz_Naderi	Firouz M. Naderi
241099107	balvvaa	Ghazal
307422382	ehsan_jazayeri	Sean Jazayeri
414751846	Maskedduchess	
753611568684863488	_amiiiiiir	Amir
46628064	behaak	 
4925921495	iranimages	Iran Images
792053148374433793	hoomanzar	Hooman Zzz
714222411592417282	Ali_lne987	Ali
55570400	HiddenBrain	Hidden Brain
616778806	fatemehkazemi	fatemeh kazemi
2580590426	Amene_Sh	Ameneh Shamekhi
836181796568059904	elyirani	Ely
526892539	farzaneh_412	farzaneh
4907934826	atiikey	ati key
15309804	capitalweather	Capital Weather Gang
16396588	washingtondc	washingtondc
2957610355	faramooshh	
15295015	DCist	DCist
216840450	Zimcoe	
738185048	DarkPasenger10B	Lily Anne
2809141976	_nemoooo	Nemo
17872536	maryamin	maryamin
857988025191682048	esmailifarshad	
837184336675889152	nasimbahary	Nasim Bahari
58467166	RoSaAe	RoSa
19068135	naeemghafari	Naeem
38496530	ElaheIzadi	Elahe Izadi
17030435	khashayarsha	Khashayar Joneidi
701484140206673921	kommunia	communia
189960395	fazonoOl	
7212562	SouthwestAir	Southwest Airlines
49196232	niki888	Niki A   
17408316	amirpdian	A
119166791	Amtrak	Amtrak
804474150	hermandovo	Amir
802106177656147968	GolGoliii	
535238839	miimdal	
732351169	TootFarangie	
29162166	ahmadrezalotfi	Ali
1541886498	psa_parisa	Parissa
15154636	S3micolon	 
9624742	StateDept	Department of State
3635314336	Krasutkin	Kulya
4493348365	TakingFiveHQ	Taking Five
14625398	USCIS	USCIS
3072118878	NilooTorabi	Niloo
150624443	plaque99	Pardis
875627795224735744	violetanarchist	  
787572005503700992	zyxelband	zyxel
862243010070945793	marzeh0	
2905345601	Miiminor	 
84857042	pedrambehroozi	Pedram Behroozi
703451537	filleduprintemp	
708297122	Mahzad___	Mahzad
2373735295	MiddleEastEye	Middle East Eye
20043995	mFat	Mehdi Fattahi
3314253930	shadiyannn1	 Shadi
728657936009015296	MahnazNezarat91	 
16192197	UANI	UANI
20582089	synoptik	
48485920	RL1358	Roozbeh
3311871880	ati_ahmadi	Atefeh
564836506	FarazGhz	
2174141100	Azadeh_pak	azadi paknejad
47967338	noghrabi	
845466164008386560	3pisha	Sepi
844988714052796416	tessieovskie	 
2853471434	ehsan_rastgar	 
2582493654	UGIN3X	 
1023096199	HouseofCards	House of Cards
1673735821	SShahsiah	 
1080370987	MahsaNemat	Mahsa Nemat
2325402652	akhareen	
1458156373	zararast	Zara
512934622	Madmazelmusic	Madmazel
17511291	arashmil	Arash Milani
262856460	rezaaslan	Reza Aslan
966734820	Chakaame	Chakaame
46921646	Nooshan	
1345320942	_mamaan_	
94335638	mondschine	Mahtab Variyani
46772441	sepehrifar	Tara Sepehri Far
3438099731	Najva8	Najvax
795610584	NimaDgr	NIM :]
9826872	ashkan_g	Ashkan
814231264765026305	Eshaq_jahangiri	 
612076511	surface	Microsoft Surface
222754364	mezmariz	
19247525	abbas1367	Abbas
18690913	AvaMuseum	Ava Gardner
2650603803	CoIIegeCampuses	College Campuses
831136180985090048	Marya_Poppins	Mary Poppins
3308063589	__ladyL__	 
2300354767	Zy3na	
211596241	IranRights_org	Boroumand Foundation
833955281436549120	ShahreDigar	 
23090019	binitamshah	Binni Shah
49882280	mohesk	Mohammad Eskandari
29647627	mani_art	Brooklyn Logger 
2239727276	___levis___	  !
852045884	Sam_Farzaneh	Sam Farzaneh
1672522988	antieverythingi	antieverythingism
4821438778	TalaShad	
3568857945	hafdang	
852614949708988416	Fazi00297153	Fazi
39238838	zia_ghiasi	Zia
700043960	IAWFoundation	IAW Foundation
3160462858	mr_amini8	Mr Amini
688583	coachella	Coachella
1380971438	ColorsEffect	Cinema Palettes
386915587	Astro2fish	Jack Fischer
2228641	femiran	Leila 
149760844	HistoryToLearn	Lost In History
563763121	_cyanogen	
169204084	SamanYKJ	Saman Fara
91092088	MrSulley	P.SULLIVAN
2537583027	Sh1tIraniansSay	Shit iranians say
19756969	mansourkaram	Mansour Karam
3146594516	ApstraInc	Apstra
3808605617	Yaser_Bahrami	Yaser Bahrami
223019304	ali_noorani_teh	Ali Noorani
69315680	sevimnezahat	Nezahat Sevim
817493280363606017	4euronewsfarsi	SaveEuronewsPersian
1066690128	1chopogh	   
2356833078	kulturtava	Black & White
46220856	TheRealBuzz	Buzz Aldrin
2164850889	aminkhss	Amin Khalighi
799475065654046720	zahratadayonn	Zey
20834720	theReticent	Ilia Vakili
862075212	dori_msh	Dori
735951431895781376	alllefeh	-.-
30903911	eliafen	Elhami
4861445428	bipolarbear8890	 
45118805	ADALISH	DALI
46976753	MariaSarsalari	Maria Sarsalari
14075928	TheOnion	The Onion
2997940726	sofiamay68	sofia nasrollahi
1670630851	O_RedHair_O	   
491513894	SamirGolashan	SamirG
254217543	MaryamKarimie	Maryam Karimi
2253555151	miimstudio	MiM Studio
14529929	jaketapper	Jake Tapper
86129724	costareports	Robert Costa
2492359679	93_shahab	  
254705397	k5SM465	Truck Rider
2800385073	fmsn711	
758249049191514112	Digistylecom	DigiStyle
226703695	ssahebi	Sherry Sahebi
2941090939	Shirinnezafati	Shirin nezafati
2684615938	SamlSamsam	BanaFsheh
23332846	mattzap	Matt Zapotosky
70837868	CMSGov	CMSGov
3131466466	abdollahram	AbdollahRamezanzadeh
3879133462	AliBayayii	
53186981	RojaAssadi	Roja Assadi
132496568	AGSchneiderman	Eric Schneiderman
1032451255	hosseinshirzad	 
14461133	alleece	alleece
1099302192	cakeVlDS	Cake
2495920369	minimalismar	M I N I M A L I S M
1209081055	khardom	  
2552953676	GoLiii	Solo
826730073785036801	MohadesehKia	kiaaaa
4565124497	YouTdii	 
1626294277	spectatorindex	The Spectator Index
1386000990	NazariMary	Maryam Nazari
14743763	slt_fa	
822332801626218496	pegaloo59	Pegah Fardiar
802581026107224065	MamoolianS	 
717428837403983873	somaiyehf	
2233134438	SadraMohaqeq	Sadra Mohaghegh
224375988	JackHBarnes	Pappy
727941805405290498	SalehTasbihi	Saleh tasbihi
2474772300	harlowandsage	Harlow and Sage
736556386377572354	tousheh	 
722033390208335872	Westerosir	 #
803541422838284288	dastforoosh	  
2391736340	HalseyJoon	Haleh Tavakol
821811651393495040	ocdvids	Satisfying Videos
573591819	negarajayebi	
44079252	dokhtaroo	mahsa vahdat
3556885452	kingpoto	Photos
