4462624581	m_arja_n	marjan
883022765535645696	shahrzaadmir	shahrzadow
544318453	g0lnar	
732649152807469056	sovietvisuals	Soviet Visuals
3319250897	potanciel	
2891940402	ikhooshe	Neda
629107318	EyL0t	
828367048019410946	myredallstar	
250009609	Ehsaan__	
2188999969	BahramArk	bahram ark
812401235164884993	shabzadehhh	 
951343620	_sad100_	100
569322736	Madmoisellelot1	
727040029705560066	gelabellaa	
832946465173622785	abgarmkonn	
14851948	Katayoon	 
522878221	shaataqi	
822175024782123008	Ennzocoli	
2282006784	MissMiiiim	
751485583051071489	MasoudiFatemeh	
3405249253	arenesmaili	Aren
246433181	_migh	Milad
2205167191	donya_meinhof	
49149284	7_________8	
1474390170	Negar_CI	NeGar
1691157427	elnoraaa	el
974196661	Shindokht	 
2908817426	puckethead	
381361654	mahsaee	mahsaee
1011802038	baladtarin	
937116199	parastufd	
4015758021	grzngi	
1574912168	amir_372	  
195295198	guilaneh	saba r
927743544	llleyla_	
407278040	alskvrda	
2804089933	Azizsaltane	
754389311865311233	cometiee	comet
2657696780	Golnea	Goln
1180588441	GholianH	  
727596383222407168	NasriiiiiN	NasriN
712943659096780800	negar_nk	Negar
569358782	DrNegzi	
262117382	SahariAx_x	
752207710729465857	_shahraam	.
1329018038	culaan_	Dra
2693599770	_alphamin	min
381797777	mam_mad	mohamad.masoumian
525233905	almostgaveafck	Gaveafuck
636936027	Seenvaav	.
175807768	asmartkid	Yazdan
62634095	amirassan	AmirHassan
2963943623	nmuseaoe	
2427624403	srnmhda	
751012920	johnameen	Me and Mozee
397537398	callmeyasa	
80556837	dsahba	sahba
2775193089	pouyaaj	
446148324	MddMim	Chawan
215028103	shaape	killua
133237155	Nix_Nikooo	Nix
989039408	davvang	
873867872	Teymoursg	
946338937	hid__	Nah
407315593	_sheved_	
210719582	asadgharighi	
547509406	sibghermez	
258629415	moe69696969	moe
4040993235	sormoshk233	depor
2623211	alephmim	aleph.mim
2573205648	kour20	
3848862313	__ft_	 
313764078	latimorato	Vagabond
92921497	KOUSHAAA	KOOSHA
151349203	Kutlas_e_Kabir	Kutlas
311955214	uesaran	
151823945	arhnm	Amirhossein Mousavi
255038870	1masochist	
806080675	mowtion	
1074608533	dt3pi37	he sum
403686789	mm__amin	
1530332280	ArezooA_	
713313773038223361	soshiio	Baphomet
796586552	Raaz_Es	Raaz
1646009659	_vey__	
1663018050	Juani____	Juani
403668878	Abestanioooos	Abestanioos
524893817	elicohaam	
32460469	Leemou	Neda
630294980	1st_nafar	
2221671150	mc4930	49
14690170	PhillipOfAjam	P
135679428	danimoh	
556776173	meditaran	MEDI
253420850	nimeshab	||  ||
707497585	Nazaniin_	
1110143388	Sany___	Sanar
853290625	TwitteeTod	
821885828	hastaloo	Hastaloo
2255375036	LUMPY_54	LUMPY
464153086	_kiiyan	
475664526	taraneh16	
294014531	GoodbyePaterson	 
1037092932	lusinafer	
238229483	kuffmode	Kayson
