801810452326023168	0uriaa	Everest
367100919	darwishiiiat	 
1879605918	Tarjomaan_com	
2298156722	danial_pfs	
2348465401	re98se	 
775712002199187456	Masoudvand	Masoud Ahmadvand
14341131	roozbehdotnet	
16339883	amirdarafsheh	Amir Darafsheh
869616473878142976	pegahmadani	 
713822027061321729	khabar_fouri	   / 
97617682	Shadibeyzaei	Shadi Beyzaei
1651293074	5haghayegh	
16326063	samousavia	
751764121876475905	MarjaSadeqi	Marj Illustration
837184336675889152	nasimbahary	Nasim Bahari
4871323491	tavakoliha	 
786892569443786752	iamkhaje	  
2416257290	roshannorouzi	Roshan Norouzi
561313466	milad_afshari	 
730805776969805824	whounfmeorg	Who Unfollowed Me
475598270	golrokhiraee	golrokh iraee
364637012	jaabejaa	 
43680503	aydeen	Aydin Salehi
712203671258451968	Gavrch	
232297221	HadisSsbn	  
3382760345	AmirLivingston	Amir
2214869083	BehnoudMasoud	masoud behnoud
15931902	parhiz	 
717341148952543233	SaeidBeygi	saeid beygi
2196184346	mamadeti	 
244232732	yasharsoltani	yashar soltani
2534776597	saba_1367	Taiebeh Heydari
2237397852	amirebtehaj	amir ebtehaj
451705078	jahangard4	
36907875	REZAphotography	REZA
888495822	MiladAmp	Milad Ahmadpour
840696344	paapion	.
138422490	nimsede	
1896699619	AtenaDaemi	Atena Daemi
728918606	rogerwaters	Roger Waters
1546354519	sh_janan	
1521752815	dadaist20	Dadaist
15687154	Elenaz	 
3303335400	SaoshyantPhi	
916031611	SarahCAndersen	Sarah Andersen
1617526993	radiochehrazi	 
964692626	miladmmh1	[ ]
47813521	JZarif	Javad Zarif
28539552	Mehrdxd	Mehrdxd
3236794359	SarePiaz	  
2958304667	gorjico	 
3075474801	IranHistoryPics	Iran History Pics
1422957211	3pnood	UFOBB
4443340336	BashirAgrzie	Bashir Agharezaie
1914057816	Pooya_Sharifi	Pooya Sharifi
475825836	amirSaSa	SaSa
2695722665	natasha1360p	natasha brown
229164525	PeeJameh	
1722397513	SharShariii	
2727202011	Aghae_C	 
1553429401	_soheil_	
2945599269	siamakansarii	Siamak Ansari
2543813160	HrXIII	Herr 13
2622824865	the_big_Johnny	
630028780	Mamlips	 
69602594	Aliireeza	Aliireeza T.
779783	aqfery	aqfery
42385985	halVlid	Ham!d
2441831348	oldpicsarchive	Old Pics Archive
429935650	zeus_dreams	
2218130028	majidmov	KingBee 
774161796	tago_ma	Mustapha
2568749337	Mystrious_13	   
2255375036	LUMPY_54	LUMPY
66491046	hoomanrezvani	Hooman Rezvani
813047244	paiezam	
516534770	Walkinswallow	
465447017	BenyaminNP	Just N.P
566125600	nosferatu08	Nosferatu
1390569890	archi_fekr	amiira
1551032172	HOTEL_KAFKA	 
222024225	Khoram_Din	  ...
4782551	Vahid	Vahid Online
408371089	Meysam_Azad	M$M
20235694	Conformist77	Conformist
163433987	bob_johnson	
16829914	alooche	Alooche
171107331	4RASH	  
1116427544	asysepid	
255038870	1masochist	
45211165	Jamal_Mousavi	Jamal Mousavi
838159992	dbexinr	 (-_-) 
269735790	vatansiz88	Rozhman - 
330424049	yegmal	
256480628	emamnoori	 
396567988	Mehribanooo	 
550962119	MOFTNAMEH	 #
451783052	_velGard	
197936483	jo0aAd	
246930577	iran_time	   
151349203	Kutlas_e_Kabir	Kutlas
270960311	DemeroI	Demerol
262117382	SahariAx_x	
317683379	Saahereh	
73314028	soo3_	 
51087520	Sepidehma	Goje!!!
38492873	navidazimi	Navid
127178635	ghargharak	
191039765	ErFUN_KH	ErFUN
91092088	MrSulley	P.SULLIVAN
240630212	AzZyAsbOurne	AZzy
128979642	Friedrish	Farid
54599032	Sama_Sky	
311550015	iliya_h	  
37390776	M0HAMMAD86	mohammad
16418203	MirzaSpeaker	 
251489671	Hena_Tena	
97913215	taraneh23	forough
