831519910463434752	mostafatajzade	 
751721055031586816	mah_sadeghi	 
2214869083	BehnoudMasoud	masoud behnoud
618068420	khashayargiar	 
1883312953	monodi1988	Mohammad Noroozi
92853220	gorbodin	
504767598	1mohitban	  
803541422838284288	dastforoosh	  
1396552554	santiaaagoooo	  
715566345191030784	J_H_Poincare	 
3071092473	iam_vee	iamvee
42038337	9esfand	 
2255375036	LUMPY_54	LUMPY
716254104746635264	New_folder3	wiran
753570561842970624	iamalirezanouri	Alireza nouri
750048646088028160	sabatavan	saba tavangar
749832805	Period_maghz	  
1100641922	Mrqauf	
475664526	taraneh16	
353739343	oliverteeut	 
17447154	saeedhbi	Saeed
1546354519	sh_janan	
703834911912767489	Roozixol	
4142732774	Beatrixish	Liliya
783214	Twitter	Twitter
3436602363	3epide_2sr	sepid
736438019360710656	maryaaamiiii	Maryam
2260050492	GodBlessPersia	Alone
2433856767	eng_raymon8	
724536256487645184	__katayoon__	kati
538411606	PishMarg	ghOrale
704667992	__shaghayegh	haghayegh
722784674280374272	Gunther_perk	  
728951887190462464	sepsepooli	 
723169343484256256	sin_shr	 
4502669597	fatemeekhtesari	Fatemeh Ekhtesari
2597822586	IreneAdler_____	  
3375506585	nasser_abt	.
2379395802	sinachenzo	
4845697216	HairyPotter___	Hairy Potter
4572805701	i_barneystinson	Barney Stinson
282685135	ShimaDeactive	 
1877467530	Kami_H_sk	
322662305	Sshaghayegh	
455078941	khormalooo	MinooO
357541884	Sogol84	 
2365601443	asemoniii	
2546244985	mr_kar1	Shezen=
14654188	radiozamaneh	Radio Zamaneh
709071627804213248	missarezooo	
717441755293986816	_maripela	
1520148176	rose_ici	Christine 
203456795	SHoBBar_MZ	  
733023920811614208	tAkDAne	
269941857	mozhgoun	
17066033	Boushveg	
19919875	kambizhosseini	Kambiz Hosseini
236510048	pariius	parius
4896452093	I00Ifact	1001facts
1966150070	Imiriya	
717363222219767809	saasara0	
456964810	sharabefarance	vin franais
723163578916687873	Kiiimzzzi	
1221338972	tosbagha1982	 
398611023	hanismackoOo	
2257448270	atieh_p	
548761248	mbgh68	
245153743	buuuugh	 
3252032848	pedram_H98	pedram
1043632808	AbdolFakher	 
3363897849	mohajermahjoor	 
154215093	mamannasrin	Seorita gata
566125600	nosferatu08	Nosferatu
3899218528	Hasodbanoo	
706326211744542722	Gharivv	
2439772098	azhman1	The
863685254	mim_laam	   ()
396567988	Mehribanooo	 
268447783	hesamism	  11
47421258	Golshifteh	Golshifteh Farahani
726713425737441281	N13R23	N R 13 23
4030295541	Azaram55	
718023822	_Shiaf	
2290581632	AytayBanoo	|  |
627099229	ashi_enkar	
2249057784	eshghi15	
139335493	Admiral_13	
718551697510031361	JadidMasood	  
414498534	Haji_Washington	 
1371618385	Rouhani_ir	 
755142367	sakene5	 
47813521	JZarif	Javad Zarif
1404590618	HassanRouhani	Hassan Rouhani
2894536492	antigone1113	
1617526993	radiochehrazi	 
2706253236	benjamin_will89	 
4654791616	AfroditeAsa	  
2656376818	Farnazam	
2680151262	icanzonesh	
851186784	sanjaaab	
1040397216	maryami_7532	Maryami
1537923446	Maria_119000	Ex Miss World
400062723	57muel	
171116097	AliGondo0o	
853290625	TwitteeTod	
626624677	_GOLNAZ_	golnaz
1726305288	AfsharMahnaz	Mahnaz Afshar
2945599269	siamakansarii	Siamak Ansari
323127279	stere_kh	
1329018038	culaan_	Dra
800673013	RagNza	N
1028214691	___mAn____	 
716880098260033536	lyanna707	ynn
720691227058958337	______maryam	bigbang
1106275189	kalegondeh	   
28684404	RadioFarda_	RadioFarda 
47448563	VOAIran	VOA Farsi
1342391221	shahinprs	 
790728	bbcpersian	BBC Persian
16829914	alooche	Alooche
1679741827	amoomame	  
465363827	Masooti	
1500491118	imanbrando	DON iman
229604535	ni5san	
1139229804	ser_serpico	NANI
18424473	_Cafe	Cafe
4782551	Vahid	Vahid Online
726531218	arghavaniiii	 
143796866	AmirAli__N	Amir A N
2303142614	idinsayyar1	 
2256186895	Alireza_Moein	 
574654481	foadi65	foad
51038780	homay_	
2570607454	KTBFFH1992	
2754330819	Ashkan_hn	 
4624773153	t_alidoosti	Taraneh Alidoosti
719608313453944832	OmidRad29	Omid Rad29
3315318678	hajdadash	A.j
255038870	1masochist	
