779024223809437696	7sobhh	7sobh
883022765535645696	shahrzaadmir	shahrzadow
1872820130	soormeh	soormeh
4203462135	maa_raaaa	maedeh
847393595808030724	z0rba89	nel
872701305239855104	binam8810	D
381361654	mahsaee	mahsaee
1634854514	khatami_ir	Mohammad Khatami
844988714052796416	tessieovskie	 
853233671712669696	HT8589	Hossein Tahna
852056086668562432	golnazsoltani	GOLNAZ
812401235164884993	shabzadehhh	 
2265872522	foroogh18	zemestane
2761328116	Candoooou	
1215382638	RezvanBa	rezvan baghi
745182895820595200	arezu__	arezu
48654237	Ghazaalo0o0o	Ghzi
183206087	hadiahmadii	
1522028761	musaesmaili	
4717726395	AzarMaaliNasab	. 
547509406	sibghermez	
791766324716331008	ZahraGhaffary	Zahra Ghaffary
396405629	maryami3	maryam
743535309699223552	sartagharii	
45118805	ADALISH	DALI
4452251001	northselkie	
755865704805572608	maryamoghadas	 
2582005813	Helmar_kh	
4566764394	NfsBoho	
725216104164016128	Yalddii	
750240706514550784	Shakhyaw	Shoana
701514876204818432	elliounn	
472852789	fateme_j	Fateme
1964664444	paartizzann	
518758420	AhangeNeda	neda.m
287088046	ReviverOrator	
1447988958	diffindo103	
1530332280	ArezooA_	
2889896601	Hombilious	 
236510048	pariius	parius
403999527	Coffeeelizard	Coffee Stark 
2950840383	naghash48	   
2427624403	srnmhda	
1483277228	peros88	
1266734438	lolita_mn91	lolita
4624773153	t_alidoosti	Taraneh Alidoosti
4165579755	SinBanOoOo92	
3438099731	Najva8	Najvax
2442617371	Sesheh	 
436885350	zahra_rahimii	zahra rahimi
264309749	z85510	
551730765	zahra2101	Zar
26041471	Forugh1987	
279522990	naghmezz	
1911178746	AiiiimAr	 
440270645	oRRMo	
3848862313	__ft_	 
1620130892	raz__mari	
493843317	chiichiilas	CHiiCHiilas
3850077554	shabanehaa	  
3900937816	_zirwan_	zirwanz
387930507	sajjadMzyn	SajjadM
2551163102	itssaaar	
37701509	Zibaall	
2588075474	Jeberson101	
3012132606	CaHa33	
2693599770	_alphamin	min
14516781	3tareh	3tareh
852045884	Sam_Farzaneh	Sam Farzaneh
3276597846	TMoheidin	
3311853538	youngerbrotherr	younger brother
2963943623	nmuseaoe	
2938273487	shakibparsi	ShakibP
2419502588	Hortensia_anna	 
873867872	Teymoursg	
1488935436	ne4gro	
782098392	shaayaw	Shayaw
239683358	SalehRn	Saleh
803786935	__F_a_T_i__	8888
3023700454	stn_re	 
889782678	sanatayulmaz	snz
3172908592	9sshhss9	h.sara.h
1511480538	__Bernard_	
2794480964	LowfatMb	lowfat
1318375603	__SeeMore	
600062562	rotanik	rotanik
285640165	ArianHimself	El Duderino
21568961	noonoosh	NooNoosh
407278040	alskvrda	
927276392	zafmaaar	Zafmar.jpg
270414705	coolioosha	 
2320649540	_OhReza	
2774644930	48kilooyi	terrorist
1969312808	bnaziru2	
516534770	Walkinswallow	
1047381535	jaan_daar	Jaandaar
1110143388	Sany___	Sanar
353739343	oliverteeut	 
2180633748	MehdiAHM	
2362474561	_Taaher	TaHer
443151819	spiralitiTe	Azin T
2804089933	Azizsaltane	
2564931008	Seeeeher	
320103101	vishoou	
2516171059	rfi_y	 
268958654	OstadAssadi	OstadAsadi
2269112792	monamontana86	Montana
468457155	Straw_Hat_She	Sheeva
554534768	shaghaaa	sha
1260254869	sogolkhanum	 
501735074	Elnazed	
1495951248	hosseintanha89	 (UNESCO)
1011802038	baladtarin	
2323499558	SanazMfr	Sanaz
2242141918	sevenblueforevr	
286734761	vgarmani	
578568954	tanuchkaa	
1475148504	zeynabak	zeynab
2255375036	LUMPY_54	LUMPY
323127279	stere_kh	
67999178	Don_MMMM	
636936027	Seenvaav	.
2162864959	sarab_illusion	  
2221671150	mc4930	49
297081530	Kaafffff	
630294980	1st_nafar	
1646226361	Raavii_	
255038870	1masochist	
528771986	zhivannn	
525233905	almostgaveafck	Gaveafuck
1521752815	dadaist20	Dadaist
46460157	Saeed0f	
963224328	DreamerSheba	 
47813521	JZarif	Javad Zarif
135679428	danimoh	
408701339	kickmehr	
757892550	franny_ftm	franny
853290625	TwitteeTod	
403668878	Abestanioooos	Abestanioos
125139828	nazaninroghaye	Nazi
806080675	mowtion	
618068420	khashayargiar	 
1474390170	Negar_CI	NeGar
400062723	57muel	
24375268	india40	
1420440420	Honismack2	h.o.nismack.2.
571966407	nasrolbandari	 
912261235	nazanln	
396408830	soodImim	Dos Santos
1234768950	neb_____	stephen
284938912	shabaneha1	Marlboro
171116097	AliGondo0o	
629107318	EyL0t	
298383084	mmanij	
330582310	PaVisan_Dr	 
1329018038	culaan_	Dra
937116199	parastufd	
16237479	DracuDentist	More
524893817	elicohaam	
511883965	Mosht_aba	Moshtaba
445771095	Sepideh_N	3pd
238330325	zirwanz	zirwan
18406388	farznh	
927743544	llleyla_	
799313028	natoordasht	 | 
195224039	Mimabedi	 
480745329	MaryamAns	maryamAns
552252520	engmahyar	
821885828	hastaloo	Hastaloo
198805248	javadoo	Javad
59245418	rezaferferi	Reza FerFeri
203678193	shomare29	29
578212102	Gembelii	
544318453	g0lnar	
18424473	_Cafe	Cafe
123577879	aazaad__	Merkwrdigeliebe
434413333	Moje2100	
556068889	EsteghlalTehFC	FC Esteghlal
600645002	MM___HP	Metch P
67444327	saman_hf	
257986586	mehrdadjim	
4921131	nima	Nima Akbarpour 
14320844	ArmanMohseni	Arman
14567230	1mahraz	mahraz
16914220	baharnarenj	
475664526	taraneh16	
