833753901966958592	sugarffrree	_
889782678	sanatayulmaz	snz
4410997053	me__Sam	
1110143388	Sany___	Sanar
747026003583721472	3nowbar	
889061711579197440	imoomm	imoonm
1266734438	lolita_mn91	lolita
887408800260648960	piiraza	Solo
841659363295154179	_lunaa_m	Luna
869195446954151936	monaa_lazy	
878995409896689664	iMelomanie	
517911259	_amoookia	 
841758860314574848	paniz_s_t	
25187270	Mrymjes	
330244006	amou_milad	 
1530332280	ArezooA_	
45604639	Naznoush	Nazanin
872701305239855104	binam8810	D
857296739673423872	afraayesorkh	 
3873642843	seviiinism	Miss Fox
100700637	arash_master	Arash
39022987	dalghak	Hans Schnier
727254399848828928	kanizehajbagher	 
4462624581	m_arja_n	marjan
253004443	ThomasErdbrink	Thomas Erdbrink
857948300112220161	derMondschein_	
127178635	ghargharak	
825065930757541888	milaniabbas	Abbas Milani
2416257290	roshannorouzi	Roshan Norouzi
320101720	samiioss	Samios
861291908731109376	allfieee	  
14830422	saanei	 
813325040	liamelili	
377306947	__Hana_____	
216694248	resam_mcv	Resam
1324753417	shinlady17	
2282554398	kitschnoten	Maryam
2334117241	__anht	
793719355292917760	SadraeiEhsan	
2182792642	kootllas	
764964058697232385	4shakhe	
3712821852	_ruronin	
853233671712669696	HT8589	Hossein Tahna
2728840060	nazli_a25	 
852981644420161537	chawtaar	Mr BigHand 
294014531	GoodbyePaterson	 
2596007151	mypreciousm73	6AM
717160653891452928	call_cipher	 
117020249	_N_a_v_i_d_	Nav
1932259195	Bhnshkri	Behnoush
822175024782123008	Ennzocoli	
777985451906965504	ErfanGhazizadeh	Erfan Ghazizadeh
803545652135362561	xakesque	xak
3083745838	ShahedMUC	Shahed
837680744805847042	asttinn	Astin
3353702211	Mahdieh_1000	Mahdieh
14689060	Armaghan	Armaghan
835934937081655296	LotfollahiAmin	Amin.L
311955214	uesaran	
834492153300672512	___nish	Dmt
834016652932952064	notion_01	notion
62818936	Abarghooo	Beroozoo
269008895	nazlinaeini	  
1543513790	Vladimir_amin	  ()
86749597	sareikha	Sara M
808015615424425984	haniyeooo	Hani
1949232702	SaviourW4	 
2940473780	Goraz_23	 
548660333	1momas	 
764179147	uglyfloki	flki
4506019758	Sheydoong	
1332127904	M0rpheu3	 ()
4794985346	M4ro0on	
818408371854409728	boktanbulut	benam
2214869083	BehnoudMasoud	masoud behnoud
2716942388	parsiyak	Pardis
753342776	Caramello2quett	 
576495812	mndctld	
1687664586	Shima_ST	 
4191780545	s_wartz	s_wartz
4249002074	laakposht	Lakposht
360006756	negooni	negloot
2503610740	_MarHM_	Maryam
1031263465	samir_p_m	samir.p
800982251873902592	chahargoosh	
735611184	dispiritedbitch	
797589251563155456	mohsenely	mohsen
75227649	yorgin	yorg
1406882029	Kasfuckingra	Karsa
320241730	sosaqar	
837527238	Foxiiido	Foxido!
1734219672	SummerIIzed	Summer
320195081	MiidnightBlue	  z 
403192903	hebrown7	Hebrown
3899218528	Hasodbanoo	
863251776	SeliEsk	sli
414823540	moloud021	Moloud
744382114733268993	LetsAvoidGhalat	 
51378977	paypermache	Ieada
353676620	_soro0r_	sooloo
7759232	olysseusjourney	
1903668313	oblivionpoision	
743532384516190208	Son_Of_The_BEEH	J
744463619212120064	meehrzaad	 
254705397	k5SM465	Truck Rider
4864779897	nil_l4	
73037257	maryamCR	C.R.
3040109689	Distallll	Distal
1711145732	ahmad_ovski	
318353901	CmpiChism	Serebro
1521512468	Imnariman	
136529072	Bayonsa	
3979378569	faaajh	
286820504	ammentie	
284938912	shabaneha1	Marlboro
251034953	faegheh27	&
4250674173	ely_shahy	
3361989797	MrHakels	 
611699096	MPakseh	
724711515186585601	MarziQz	Marzie Qazvini Zade
726857576831406080	hitka88	masoud
134501288	heliakhm	
269192607	Raaikaaa	
735946411569754112	mimik_00	Marjan_00
547509406	sibghermez	
110972781	trumangray	Truman
2203618363	adelod91	adelod
750240706514550784	Shakhyaw	Shoana
119692255	FloydHadi	Hadi - Floyd
270441955	_arash_a	
54493333	khiaalbaaf	
246433181	_migh	Milad
747495665383575552	Kabiirlu	Kabirlu
1257957680	LidsD	lid sad
43511146	HolyKiller	Holy Killer
4073941822	__HanR	
727453680690032640	VazhehViraf	VazhehViraf
1924806397	L_haam	__
14851948	Katayoon	 
404268423	SarviSad	
2623211	alephmim	aleph.mim
2517118753	Ghrzmj	 
754918338	foreverbedehkar	
716373736383971328	__Star_Gazer	
267490424	Robsaf	Robert Safarian
1522028761	musaesmaili	
49376085	Spinooza	Spinooza
210719582	asadgharighi	
2784511987	Atlaaan	
3253587868	pariisam	
2427624403	srnmhda	
54505369	aminakk	Amin
33493951	fardaa88	Fardaa
113311135	Naerika	Adel
2576013013	misled_1991	
3233549131	RSubutai	 
1091764088	khjkhjkhj98	
547670065	_sh_ei_da_	
3249810013	fatemehzh	
468457155	Straw_Hat_She	Sheeva
2577391416	sorrkh	sahba
2383030438	M4DG0DD	 
4566764394	NfsBoho	
2905747077	leymim_	
3075474801	IranHistoryPics	Iran History Pics
1649616901	MasoodMoini	masoodmoini
292443693	ferferiiii	FerFeri
2197117968	ermia_hj	ermia
2963943623	nmuseaoe	
3436455429	ThirdEye43	Siren Song
4558668389	zamzamti	
2281771	Gonahkar	
4010504513	zherated	
493843317	chiichiilas	CHiiCHiilas
4565124497	YouTdii	 
2889896601	Hombilious	 
2233134438	SadraMohaqeq	Sadra Mohaghegh
3848862313	__ft_	 
264309749	z85510	
1325152819	sarirna	
4276084158	anbarbazan	Kasias
446148324	MddMim	Chawan
1964664444	paartizzann	
1480319263	35degree	35
230147735	DasistJD	Jane Doe
946418576	AlmaSign	Alma
974196661	Shindokht	 
371143951	isajjjad	Sajjad
2622824865	the_big_Johnny	
994185613	Sou_Hait	
2154591271	niiiista	
2227308599	Pepper0nii	 
2588075474	Jeberson101	
3739682116	SheTweeting	Shahrzad Beheshtian
335163791	shazdeahad	shazde
472852789	fateme_j	Fateme
701858228	LeMondeHistoire	Le Monde Histoire
2785227495	HistoiredeFr	Histoire de France
373003141	__Kasra	Kasra M.
288225381	HadidTghr	
