506196703	leiiili	leiiili
19675852	shtir	SHahab
1347479480	12013_april	paradox
796806765643845632	MaariiaaAbpr	Maariiaa
2454946380	ftoossi	farane
121809380	atahani	Ahmad Tahani
123010649	rezakhedry	reza.KH
100809531	ieth0	Amin Shayan
2559511482	zargaripour	Hamed
375537171	MahdiRouhBakhsh	Mahdi 
736465513019232256	HashemiKurosh	Kurosh Hashemi
17541733	rafifar	ili
603003471	samamehr10	 
882776554555662336	amoo_rasoul	Rasoul Baghban
1277633196	Maryam_Sli	 
61756905	Kooroshfar	Ali
4668762913	01sadra	Sadra Aliabadi
189483010	ShararehHatami	Sharareh
2510067644	mariiiiilo	
883022765535645696	shahrzaadmir	shahrzadow
213444096	isaaeed	 
356965660	AmirSina_Z	Amirsina Zamanian
2402126407	ManzarSezavar	Manzar Sezavar
2787911245	EmadSaedi	Emad Saedi
814896808732360704	___zeinaab___	zeinab
184182095	iransbs	Seyed Bahram Siadati
20834720	theReticent	Ilia Vakili
1122480248	JavidIzadfar	Javid Izadfar
63412771	javadahmadzadeh	Javad Ahmadzadeh
756041500509757440	marjanAshofteh	marjan
4046013017	minipedram	Pedram
51087520	Sepidehma	Goje!!!
1042425571	peymanslh	Peyman
937116199	parastufd	
357035792	Viiidaa	Vida
797589251563155456	mohsenely	mohsen
1667406487	Navids69	Navid Sedehi
61577652	Chichilaas	Chichilaas
703223524	omidazami	Achilius
787430	Hamed	Hamed
229164525	PeeJameh	
2460075019	sahar_rafi	Sahar Rafi
2370842576	et0ilefille	 
215706503	ShHoseini	shokoofeh
709065815606296578	hamidfarajii	Hamid Faraji
17615128	gheysars	Sepideh Gheysar
2467703593	_MoN4_	MoNa
14166084	kiavash	Kiavash
2270750432	behdad_k	behdad
123003790	mhabedinpour	M.Hossein Abedinpour
112507479	arastuq	Touhid Arastu
1080065022	fatemeisaac	FaTeMeH
89132222	bellamessa_	() 
168109490	hsbaravak	M.H.Salehi
295251803	Fardinak	Fardin Koochaki
18565057	hamednz	Hamed Nemati
268818192	arvatt	
394186461	dezdeepblue	Mehdi Hadadian
3344052519	Arashdma	Arash
610365644	Alireza_Jahan	Alireza Jahandideh
203456795	SHoBBar_MZ	  
25480243	Hesamp	Hesam pourghazian
91771093	mjnanakar	
43714875	rezakamalifard	Reza Kamalifard
27907808	SethSrcho	
1642223257	mehdi_alipoor	Mehdi
34608520	jimmyheller	Jimmy Heller
504824664	SMirjahani	Shahrzad Mirjahani
282517642	1edami	 
726437432	Hidalof	Hilda
229210653	Saimonjafari	Saman Jafari
397803474	abolfazl_M	 
3355296527	_siavasha	Siavash A
40001744	shayanmemarzade	shayan memarzade
184485214	parsaim	Parsa
421396396	AliMatien	matin
483059253	memolakk	memol
45805407	NiiLs6	 
598485445	noorshid	Mohammad Noorshid
318740230	NazaninRhi	Nazanin
790659917107568640	mermaalad	Ellie Zahedi 
2201794440	MasoodSadri	Masood
11153652	sunnybashi	Be Sunny
463284600	mohsen_akhavan	MohseN
210682257	redchili2010	
482234152	ShimDashJim	
1595475271	arianmoghbeli	ari
3808605617	Yaser_Bahrami	Yaser Bahrami
46852310	nekofar	Milad Nekofar
197834362	mhdvothis	Mohammad Karimi
350235930	SaeedEsmaili	Saeed Esmaili
2464318718	erbesharat	Erfan Besharat
17117503	RAMINiX	r a m i n
802106177656147968	GolGoliii	
186594781	abbas_oveissi	abbas oveissi
290913695	fila_bano	fatima
1042986278	Grmvf302	
279286739	HamedBayati	Hamed Bayati
432849700	SirwanAfifi	Sirwan Afifi
304289713	Farzad_YZ	Farzad YZ
128154636	NSErfan	
1699845984	IranAir_IRI	Iran Air
1157164224	HMahshid	Mahshid H
2963943623	nmuseaoe	
80556837	dsahba	sahba
12388622	mani_monaj	Mani
189072514	SHEYDV_M	
1697415198	BehnamSobhkhiz	Behnam
933807223	shmj26	sheidmj
821406221869711360	gol_naaaz	Golnaz
615543771	_Homapm	Homa
581077260	AmirAkhgar	Amir Akhgar
714463061696851968	Chlamydomonas_	
3038638900	eslahatpage	  
2571289434	Fardadco	Fardad
2913547533	amirhosseinag	
456499977	doniasadeghi	donia sadeghi
3889080579	Gh___Ra	Ghazaleh
2724965099	maskandartabbat	
11397942	Lameei	Mostafa Lameei
815542027987419136	Samanerabiee	Samane
3248025304	_zomorod	Zomorrod
302860174	chapdast	Aka Lefthanded
241663474	seraj	Seraj Vahdati
2803814741	Pari_s_s	Pariss
204967829	Ghenaat	Reza Ghenaat
515825014	PherPhere	
2776272133	peezhiz	pejman
22024691	siavashh	Siavash
4853949017	Sadafirz	Sadaf
15015672	Raaadin	
542380914	MaryamLahijani	Maryam
34549184	lilalways	Linda Bayani
317191592	ArianTashakkor	Arian Tashakkor
550401982	Kamehmsqt	Mahkameh
609215158	Arm1nE	Armin Ebrahimi
183173057	alirp88	Ali Riahipour
496833424	_helixn	Helix
1585979053	MaHLaiiii	
211109927	shatobery	Shahin A. Tabary
14287769	nuved	  
73037257	maryamCR	C.R.
4241865621	karimzadeh_rana	
137492261	vahidmali	Vahid
28435235	bigmag	$(whoami)
20900329	amirrasha	Rasha Malek
720911881	mrmiin	
29044206	3EHZAD	Behzad
2291122518	atbox	Atbox
202723786	MohammadRezzaaa	mohammadreza
851186784	sanjaaab	
189545795	Khani	 Mohamadreza Khani
398413431	LaK_PaK	DeLaRaM
2328116461	dashtinejad	Dashtinejad 
3718940728	KianaMsqt	Kiana Masqati
754073	hamidpl	Hamid
86920126	mobinzk	Mobin Zadeh Koochak
14556423	iiriix_	
191797019	miladrey	Milad Rey
1664903894	NasrinAriafar	Nasrin Ariafar
2346675920	rahiminazanin	Nazanin Rahimi
94305172	arminoza	Armin
128979642	Friedrish	Farid
807488670	YasamanMatin1	Yas Matin
70447730	mohebifar_fa	Mohebifar
33856554	SaraZia	Sara Zia
542224596	mojtabast	Mojtaba Espari Pour
620272403	SHahabSHT	SHahab
306139117	glenatavoosi	
357541884	Sogol84	 
148141056	Paanyht	Paany
30903911	eliafen	Elhami
1241050267	majidmoradian	Majid Moradian
305215049	Negggar	NeGaR
27992411	ablomof	
615455763	motaghifar	Mehrdad Motaghifar
737886142616440833	YekBoz	 
2205684181	AsalMansi	Asal Rad
1518923052	nainemom	 Amir
162670798	Zahra_di	zahra
287953764	rezamahmoudii	RZA
15162270	aminbz	
15315517	Fl2izzle	F@E
48690307	pmr146	Payman
17447154	saeedhbi	Saeed
282988061	wntyuli	Ulduz
368269590	bkhezry	Behrouz Khezry
304591477	amirsaam	
243244045	4lsen	Alsen
13197702	Reza_Rg	Reza. Rg
45796305	RaminTZ	Rmi
231821665	FahimePharmacy	FA HiMe
354406949	parniab	
407278040	alskvrda	
563763121	_cyanogen	
1638789637	sinaahmadpour92	Sina Ahmadpour
303591522	SaeedShpc	saeed sheikholeslami
255038870	1masochist	
190611671	ariaminaei	Aria Minaei
180038801	FarnOoSh_	FarnOoSh
