709682604396642304	mdsbr97	m.saber
570124666	ms_galile	galile
711633566367674368	the_shemsu	Shemsu
252771727	Taiwanii	
2606903688	Ali_Meshuggah	  
870577421141110784	FifaBaWp	 
822525500295970819	Agonyzed	  
731543030977712128	a_typical_dude	  
3242078979	alee_c137	AleeReza
847532194197368836	abbazabazooom	Orka
810576990164156416	BrokenNixon	Broken Nixon
791271097	farnazmonfared	nahange.anbar
887408800260648960	piiraza	Solo
2426058116	PouyaMMR	 
877066731944062976	BOXOB_T	BOXOB
2963820731	_Faceless_Woman	 
882359431442423808	M4fi4__	MAFIA
937116199	parastufd	
876930567085883397	Pastasauce__	Hesouri
801168056059707392	Vess98	Vessi
312414880	Erfoddin	
2889569521	missfreak64	 
2958304667	gorjico	 
877104912924102656	ramtinology	the Ramtin 
848991293971857408	shoultzone	Shohab
873677826779734017	samiroww	
4927914657	novincopenhagen	  
864136070551617536	Sheikh_Khkh	
861972124029906945	_teslaa	
712412833	langarwoods	
270375773	0ff_again	us
229076611	mmduni	Mohammad Firouzi
4721310968	apfffffffffff	
853662554492735488	pouryia	
1052321617	1118Mohammad	Mohammad.
850283703582375936	Orenzzo	
32460469	Leemou	Neda
3369245271	mou_seer	
373003141	__Kasra	Kasra M.
756627129635332096	nassim_b1	V for vendetta
838733372126019584	Mohammadkhani_m	M Mohammadkhani
835934937081655296	LotfollahiAmin	Amin.L
2776120300	absurd9555	  
2761328116	Candoooou	
4794677338	Arta_Cyrus	    
14743763	slt_fa	
285640165	ArianHimself	El Duderino
2156923266	tiyooter	naser
3423711914	Mr_amiri2020	 
4851390610	nastaran_kd_	
818408371854409728	boktanbulut	benam
3120991931	MSohrabi3948	M.Sohrabi
2572605858	srsssh	Fullmetal Geek
728510996	pouya_asd	
769692655752183809	GudrunPartisan	 
4686572960	leilakhanooom	
731177063147798528	trumanburbankam	
4217618813	Kavrin9	Kavrin
2883837808	charshanbeh	 
1879605918	Tarjomaan_com	
764179147	uglyfloki	flki
636936027	Seenvaav	.
443151819	spiralitiTe	Azin T
1088205276	MGHQC	Mohsen Gh
2240258648	Mehdyly	
731176162676871173	BritishProg	British Prog Rock
271345701	lostinquestions	 
797589251563155456	mohsenely	mohsen
2452403935	appendiiXxX	
2775193089	pouyaaj	
713313773038223361	soshiio	Baphomet
773817048728207360	kakmaki09	 
803978501082599424	supertramphastm	 
803894122960584704	maysam83	
2282006784	MissMiiiim	
2464817581	FrhdMoradi	Farhad Moradi
791604179605291012	ArashAnahidi	Arash Anahidi
996638082	Ferrrrri	   
2330323572	rojinbm	Rojiiin
743532384516190208	Son_Of_The_BEEH	J
4625871023	anim_aparsoud	 
320241730	sosaqar	
1329018038	culaan_	Dra
788440756285542400	Ashitakam	
4073941822	__HanR	
1636476440	shaiyian	N
294014531	GoodbyePaterson	 
1110143388	Sany___	Sanar
2564307187	toothlessbear	Navid
3343826925	__Saa_13	
779024223809437696	7sobhh	7sobh
215028103	shaape	killua
2327069574	0111khs	 
1650001394	Hadiiaan	
364886675	tslrtw	Robbie
873867872	Teymoursg	
3426825875	mhndylan	
3245498931	arashnavidmusic	Arash Navid
457427091	Ashi__mk	
4308800543	meiti96	Mehdi
3244079402	SaaraaMinor	Sara
770347338342731777	ssamanam	
3242368285	Rockkettto	
725696643757006848	0sattari	sattari
764964058697232385	4shakhe	
1153375556	Kaambil	
171116097	AliGondo0o	
1045742648	OnlyHesam	IQ 
35201190	digaran	Meitham
4921131	nima	Nima Akbarpour 
474457553	msihusi	msh
156605463	mirzaadamjan	 
2644579901	ProgRockGrandad	ProgRockGrandad
353739343	oliverteeut	 
3129812247	besttmixever	  
4924922105	sbianconera	 
151823945	arhnm	Amirhossein Mousavi
2647609783	_Dogmatist	
733425224922861568	itacalvino_	
249626088	Mehrdad_Naeimi	Mehrdad Naeimi
547509406	sibghermez	
4164802401	tashefrrash	 
217930906	BonyaviD	Nova
2196627649	shaboonmI	
731443706461626369	p0oyaa	p0oyaa
4838577929	wishnovka	 
621928115	astrogirl1998	Hapworth
1180588441	GholianH	  
3029882540	Travis_Bickle9	 
464225105	arashpahlavoon	 
739076375139786753	173MJ	
3405249253	arenesmaili	Aren
84581313	37shadesofdave	 
264309749	z85510	
727184171915993089	1shekastani	blank
720666788145532929	zombe71	
282457543	Kioomarth	
720859249299947521	sttttannn	 
139335493	Admiral_13	
891524125	Sia_mk	_
1691574356	SharghDaily	 
491513894	SamirGolashan	SamirG
551730765	zahra2101	Zar
737325445	mehdiu2	
2785684154	mr__forrest	
2195591700	ham69zeh	
4157274963	fafa_hastam	FAFA
1428449438	alefkh	
2423695538	amirhoseinba	
335218404	SajjadBayat	Sajjad
705273636190621696	_SerJaime_	
714414458156650496	firouzi123	mohammad firouzi
3311853538	youngerbrotherr	younger brother
2335335870	aaaarrreef	
36623013	GrantWahl	Grant Wahl
585944065	SamaneMim	
60843289	Adz77	Adam Digby
48052513	TheCalcioGuy	Matteo Bonetti
3380111464	caulfield1969	 
2889896601	Hombilious	 
3262634951	_samirow_	
2623211	alephmim	aleph.mim
4710261842	AdasiShakie	
4538783414	azdla	
217861092	ArashGir	 
2444309917	quiestK	
1561304773	Phaantomm	
2931087817	AndanteModerato	Andante Moderato
1638021792	juventusfcen	JuventusFC
621786437	_a_k_i_n	
169179541	mamlekate	
3269273666	jannatkhah_ir	Armin JannatKhah
361296165	4rkanii	#4RK
4375499121	ohdeer4	
4558668389	zamzamti	
2888503524	nimamojiz	Mojiz
311955214	uesaran	
3275343007	golykoo	
813630798	89darvinjeh	Li Li PuT
991511708	A_A_Gaav	 
1234768950	neb_____	stephen
2794526264	sunpadh	May
1420926818	trollfootball_p	 
2657696780	Golnea	Goln
2456035573	amirifarali	Ali Amirifar
4074367095	arradon_	
239683358	SalehRn	Saleh
223483586	Alirezasabbagh	Alireza Sabbagh
2362474561	_Taaher	TaHer
2516171059	rfi_y	 
1113361345	Im_Morphling	L'tranger
1589267768	ForzaRomulus	 
2235133873	o0nfs	
1966150070	Imiriya	
3989888247	siiisyphe	
2368724029	hkhhcht	FAROKA
1079749418	MaFUCKinfia	MAFIA
295706865	Meysam7092	 
255038870	1masochist	
3900937816	_zirwan_	zirwanz
