1225160701	KhanehAmn	 
3315139264	lalemehr	
887016283186892803	Mehriananasi	 
3319809246	sino0osin	Dr Jeckyll & Mr High
2232589353	amirakevazir	amirak
870619477557350401	amirhossein_rzd	Amirhossein Rzd
181198159	HichkasOfficial	Hichkas
211858494	PotterWorldUK	Harry Potter World
1633436996	ArtNudesDaily	Artistic Nudes
841758860314574848	paniz_s_t	
14545668	Kayvan_Hosseini	Kayvan Hosseini
814777361354948608	EhsanBodaghi	 
619441647	khabgard	
97617682	Shadibeyzaei	Shadi Beyzaei
117020249	_N_a_v_i_d_	Nav
1683877603	ScarlettNoord	
861658207525142528	mimalefpe	  
611777878	Grandios	
804474150	hermandovo	Amir
22131023	bartolomeew	Barthlmew
56048949	aaliaa	Ali Akbari
1241636030	Tripleblank	triple.blank
920317916	bbckalbasi	 
786662220029657091	cansell_app	CanSell
715477302621003780	Nofiii13	
2729131	Mardetanha	Mardetanha
67015304	dw_learngerman	DW - Deutsch lernen
775895848592871425	Gheiremotanafer	   
70916533	Abedi_saeid	Sad AB
46335511	Trevornoah	Trevor Noah
807095	nytimes	The New York Times
105843433	detoxxfive	special K
310861002	PerksofAnxious	Farid's Safelight
822175024782123008	Ennzocoli	
822027925079859200	azadazadam	Azad
3080762480	Sleimoni	M-hdi 
3307842643	hessam_bayat	Hessam- 
337038595	Ghazaal_	Her.
1412850697	DeliFar	Deli
2684615938	SamlSamsam	BanaFsheh
20900329	amirrasha	Rasha Malek
287802131	BlackRappe	Pate
630578888	KavehGhoreishi	Kaveh Ghoreishi
795261380094005248	benamkojamiri	benamkojamiri
24855062	nimadehghani	nima dehghani
493310361	ElmiraMl	Lmira82
115379480	dmimimal	Dani Mimimal
503428745	OnePunchDude1	 #
50329448	BBCFarnaz	Farnaz Ghazizadeh
1652541	Reuters	Reuters Top News
2267323507	30SecondDances	30 Second Dances
712729509162782720	miss_fox92	miss fox
443032867	theaterofscifi	Theater of SciFi
1201045933	BBCBastani	Hossein Bastani
817403221	euronews_pe	euronews 
782865687182180352	saeedehkshavrzi	saeedeh
826520941	NaiemeG	 
780582477614026752	nasimpb	Nasim Pourbereimi
487736815	TheWeirdWorld	Shower Thoughts
29031508	ArmanPlus	Arman
2945529348	HarryPotterest	HarryPotterest
765264618038169600	nednedii	Ned
740430895719583744	vintage_par	sam star
2900005533	miss_threedots_	_ _
3953287678	OhMyKhoobness	OhMyKhoobness
319319785	DavidPeterHall	David Hall
2544360182	musee_suzyy	
542072898	RaakStaaar	 
729437948568064000	ali_farmani	
780310608	Mahan_Street	-Mahan
139514276	weandthecolor	We And The Color
2207352019	xjdew	Oh
729212183603712000	asterionix	Asterion
49318874	blueshotor	
731698399553171459	FMSS93	My_Diary
14376953	coolhunting	Cool Hunting
2431531934	marjjaaa	pointless
863667955	aqayehich	 
513406896	BestMusicLyric	Best Music Lyric
16969298	yalo0o	yalda
2963943623	nmuseaoe	
979042861	behzad_bh	shex
3405249253	arenesmaili	Aren
50110505	pant0ufle	pantoufle
2733186802	derfoool	one
20165058	persianclick	Persian Click | 
559675462	GoogleFacts	Google Facts
508086493	BestMovieLine	Best Movie Line
2154591271	niiiista	
472852789	fateme_j	Fateme
24799500	designboom	designboom
2365857397	tachurvan	 
214980669	Hothein	dude
4884015384	HerBelovedHog	    
55796372	ashourinia	Arash Ashourinia
2427624403	srnmhda	
3379085849	arminsae	armin
3126625197	NmPooria	 
479981193	divisionbyzero_	$ sudo su
1337419526	behdadk7	behdad karimi
2876232689	BMIAAGENDA	BMIA AGENDA
21238039	archpaper	Architects Newspaper
27460003	WACommunity	World Architecture
51040617	Architizer	Architizer
62816265	architectmag	ARCHITECT Magazine
14362241	ArchDaily	ArchDaily
999470034	archpics	Architecture
2325402652	akhareen	
628118074	rezahn56	Reza Haghighatnejad
28374058	parishoon_zehn	   
2723749248	heyejimi	.
1656197268	ArdalanYdn	ardaln yademellatian
3285060343	DigikalaMag	Digikala Mag
19658826	newscientist	New Scientist
3139107506	Existentialer	
1580735160	NASASolve	NASA Solve
11348282	NASA	NASA
156606063	sameBangal	AL-E
180046098	harmunium	Harmny
230147735	DasistJD	Jane Doe
310295780	ghazinouri	Reza Ghazinouri
2210511956	negarhosseini80	Negar Hosseini
1577623176	SharareMishavam	   
352145373	WhatTheFFacts	What The F*** Facts
1023096199	HouseofCards	House of Cards
2582707069	nezamolmolk	Ali Nezamolmolk
65805181	Abreshalvarpush	 
2760593295	pnfrzn	Pooyan Farzin
33493951	fardaa88	Fardaa
1151818194	aghRmin	agh Rmin
15306499	aliajafari	 
34545980	zakhar_	mohamad
588998617	Em_Zee94	Rebel
151011912	piirmard	 
1530332280	ArezooA_	
2586063746	sariiimm	sarim
2339925799	Katiosha11	
3311853538	youngerbrotherr	younger brother
2615612538	Erfan_777	Erfan
1161795360	AidaAhadiany	Aida Ahadiany
49295564	tinoushnazmjou	Tinoush Nazmjou
2722635709	_projax_	Projax
293681367	marzie_r	Marzie
3084471	counterclockys	
143377881	aveirjapan	. 
2735479821	stieler1756	
927276392	zafmaaar	Zafmar.jpg
587885385	amiryaghoubali	Amir Yaghoubali
2233143506	FJamalpour	Fatemeh Jamalpour
1584066241	alibozorgian	Ali Bozorgian
431867570	arash_sobhani	arashsobhani
14873102	ArashBahmani	Arash Bahmani
1930828290	_far_in	FariN
1521752815	dadaist20	Dadaist
18406388	farznh	
296382255	shimzing	Bored 
925777183	Siiim_Siiim	
566125600	nosferatu08	Nosferatu
1853916264	Poludnit_Sa	Poludnitsa
1940131855	lafcadiooo	
46870594	mehrlran	
317072168	agha_reza_khan	
2774644930	48kilooyi	terrorist
546241539	majlool	jan
208144244	Rhino_1989	 
314135072	AlipourArjang	 
204832963	TheTweetOfGod	God
1654986614	mimulinext	Mulier
548581706	ItsMetalshadow	
56352195	soroushsep	   
332988816	iPanda93	
2228762088	1hoseim	Hosein Norouzi
1691574356	SharghDaily	 
210682257	redchili2010	
863251776	SeliEsk	sli
411483717	K1sadri	
16548023	9GAG	9GAG
2492935148	pluie_seul	
954590804	planetepics	Life on Earth
334161563	mamadpori	 
1667371002	plaque9	
316724801	peterson__scott	Scott Peterson
242890784	ari_mah	             ArASH
1060658072	Mescallline	
564686965	Brilliant_Ads	Brilliant Ads
1251752724	uzlulzu	
925892269	_headache__	 
189545795	Khani	 Mohamadreza Khani
149077089	a__mir__a	AmIrHoSsEiN
4969501	fubiz	Fubiz
1570200073	SaminGhaedi	Samin
670643	mhmazidi	mhmazidi
353739343	oliverteeut	 
1620130892	raz__mari	
478040065	_schupert	
1036369338	NNiloufar	 !
16261013	aidaa	
1707542490	ZiziZixi	
2255375036	LUMPY_54	LUMPY
971546743	severininfurs	ammaliatrice
