42404667	faeezzeh	 -
715598234429886464	Rozh_I	
8493702	Shinings	Setareh
612668235	Amir_mrj	 
1592933959	M3HRZAD11	
2662363663	soothe7	
1153375556	Kaambil	
782866782	dddreamer_ggg	
558852368	spring1855	
2662165530	s_q_12	q
709102675883855872	Idroozzzz	Alireza
888338496	PayamHCalde	 
1948948182	MoeinSepiany	Mr Sep
2573821889	khashayar5h	
48430724	fedra_j	fedra
3996135615	shamim_ap	
710719111605530624	goorbachof1	
830530326430625798	Rationalisti	
548660333	1momas	 
1100362898	derneema	Nim Chimpsky
715508132496207873	BasheKhob	 
832526395494510592	sajadafsharian7	Sajadafsharian
1481028025	sarjoookheh	
3196022207	nzizlzlzzz	 
787684197037211654	alefmimyere	   
259169443	hnr0013	
627099229	ashi_enkar	
595833408	morizagh	( ) 
1617526993	radiochehrazi	 
1676351676	freeVVradical	 
4524415101	3_ndipity	
33493951	fardaa88	Fardaa
1931356045	AminBozorgian	Amin Bozorgian
747676301679534080	mim3495	 
94305172	arminoza	Armin
2422805077	eman619rv	 
246942315	2TaRafe	Hossein
191921921	soheilr7	Soheil Gonzalez
95657218	_MOJ1	
163433987	bob_johnson	
2383030438	M4DG0DD	 
170394873	SinaSdn	Sina
35670539	mmosafer	M.Mosafer
808441262	Hou5hang	Houshang
463612816	AtiAtieh	
255038870	1masochist	
1931115193	behrouzta	Behrouz
347771557	mdolphine	  
40608731	sqwqo	sqwqo
471434443	sami_tu5	
2196184346	mamadeti	 
487463359	aynzad	
207067703	Amoraeus	  
259254009	Yuh4n	Yohan
1690457977	lidlogy	
2427624403	srnmhda	
1542988380	shaahin1368	
222754364	mezmariz	
