162670798	Zahra_di	zahra
30903911	eliafen	Elhami
51964398	emtized	Emtized
47135775	hajjehforoosh	
37916396	amirsedighi	Amir Sedighi
2749635438	SaharPakseresht	Sahar Pakseresht
189235065	soufelang	soufelang
835748845581709316	Jadidsha	
112507479	arastuq	Touhid Arastu
3801677368	NavidNaghibi	((  ))
470503245	s_sooly	Lusine 
2832263941	aboutjuvelly90	 
841349704952745987	elaaydaa	
843207416783278080	JorJiiiiiii	
254940152	nanigraph	Nanii
224685284	HPourjam	Hamid Pourjam
234333468	HasanJuventino	Xaca 
577292398	Juve_n_tina	juventina :/
818330096712949760	z_esfahani	zarrraz
236880505	reshadman	./Reza\ Shadman
53406241	bhzdsbt	
326204558	SaeedMoY	
114814408	EhsanTarighat	Ehsan Tarighat
187139551	_MehryarS_	MEHRYR.S 
2809633524	sheshiwa	shiwana
115390156	Hypogrif	Hypogrif
997490167	calsypher_	 ()
266646039	MissEliisaaa	
800047781293551616	bobbykamiyab	Bobby
756041500509757440	marjanAshofteh	marjan
17154772	Nima1980	Nima
272808760	mojtabad	Mojtaba Darvishi
11153652	sunnybashi	Be Sunny
367159967	RezaHafezi63	  
43489831	rouznegar	 
3556885452	kingpoto	Photos
215706503	ShHoseini	shokoofeh
519673696	ron_nakk	Ronak
62634095	amirassan	AmirHassan
734693384879771648	amirdaghestani	Amir Daghestani
755106433859985408	borokhunatoon	the impatient one
15036942	SinaSaderi	SinaSaderi
1070335022	_alihariri	Mohammad Ali Hariri
141640305	darvag_ca	
2856308449	rafiee1001	Ahmad Rafiee
191039765	ErFUN_KH	ErFUN
16778637	pedramp	Pedram Pourhossein
49933489	shadowofsaturn	javad hedayati
21691825	judiabotte	Atiyeh Sadat Fathi
3315835903	vidad_net	VidAd
336906221	HHamidia	Hossein Hamidia
783213853349937152	CdnCode	CDNCode
783210586452664320	BaziFans	BaziFans
558603506	kiawisherman	K!A
709065815606296578	hamidfarajii	Hamid Faraji
783214	Twitter	Twitter
767947523411550208	KhallaghBorhan	Khallagh Borhan
729287276157669377	baradare_gerami	 
720591017808945152	Aydaahmadi3	Ayda
762928327199956992	qlivesport	QLiveSport
1477857218	Elf_Elenath	Pardis
559236590	ark4507	Armin Ranjbar
14287769	nuved	  
93706056	aminasoode	Amin Asoode
229021972	Ara4Sh	AraaX
3057677298	pedram_marandi	Pedram Marandi
70447730	mohebifar_fa	Mohebifar
16673552	az_koala	
1066721275	AziziSasan	
542380914	MaryamLahijani	Maryam
222754364	mezmariz	
353750547	shoko0fa	
15432480	rezakazemirad	Reza
18393192	2littleprince2	NargesAzad
15324320	bluestar58	Somayeh
524344579	haj_mamed	 
3246395998	qmery_com	Qmery
605155763	sia_mac	Saa 
3269273666	jannatkhah_ir	Armin JannatKhah
180447178	MrOceanic6	 
20834720	theReticent	Ilia Vakili
1621198730	SOmatali	Sara Omatali
14050643	Arashh	
313119999	issavejdani	Issa Vejdani
2434821	ehsan	Ehsanislav
3239971	shahvar	Hamed Safa
250051030	nomia2011	
791446628	sinossinsin	sin sin
2328961339	idanikou	Ida Nikou
2818573757	anisbidar	anis ab
769315794	sepidehsaied	Sepideh Saied
479981193	divisionbyzero_	$ sudo su
252566444	scbht	Espresso
168457323	ArashManteghi	Arash
4286938655	heatapia	Heatapia
1005140509	RingnebulaN	 
606211203	gianluigibuffon	Gianluigi Buffon
255038870	1masochist	
1978261794	fariddehgan	Farid Dehgan
955339466	w_annaw	  
256961773	FAR_NAZ85	Farnaz
75241701	Sinax8	Sina Rad
251706918	s2vazife	2.
1941371196	AvvvAz_inho	
8493702	Shinings	Setareh
2729131	Mardetanha	Mardetanha
2698882758	salmanweblog	Salman
539235584	lVlarall	
1733035928	sh_tanhaa	sheyda
1147401	hasbeenleft	Afshin
41357609	rohoo	roho
112251679	mahdidavoudi	Mehdi
215950639	_Exception_	Exception
50321689	Nacmi	Nasim
3060871638	mahosseini	Mohammad Hosseini
2245915064	juventus_iran	 
229210653	Saimonjafari	Saman Jafari
2522930306	antalya_samsun	you know me,,,
15306499	aliajafari	 
76172541	MilaDnu	Milad
326959164	MintGreen69	 
712009938	parandiii	parand
2323814297	s601019	
1163671759	talkhoon	
2466612457	PrimaveraBahar	Bahar
3356360793	mahshadhastam	Mawhii
14197519	alihejvani	alihejvani
53830530	phouzhan	phouzhan
21846265	imorteza	Morilog
189072514	SHEYDV_M	
2559511482	zargaripour	Hamed
1058276250	ZeDepp	
71782857	Sepinali	Sin Sin  
2265872522	foroogh18	zemestane
138422490	nimsede	
600831137	1mahtaa	
2788798781	AsalShayan	Asal Shayan
843656478	hakunamatatamr	
1593545791	_firishta	  
12941012	saeedfada	[S]aeed
463839852	gissferfer	  
14068548	pariii3a	parisa a
3083287174	Myriaamin	Myrim
3141865629	KavehNabii	
27288456	amirdaly	 
14436623	modir	modir
9313772	onlymehdi	Mehdi Saharkhiz
3018223999	farshadatis	Farshad
16326063	samousavia	
6418742	pourebadi	Mahdi Pourebadi
14196161	alireza1356	Alireza
787430	Hamed	Hamed
2741439265	MaryamPazouki	Maryam Pazouki
2737054752	rtlawards	RTL Awards
2370060098	forzajuveir	FORZA JUVE
2691648769	TheRewills	Rewills
7759232	olysseusjourney	
204460640	saeed_choobani	Saeed Choobani
146793905	saman_soltani	Saman
46089626	MehdiParhizi	Mehdi Parhizi
19309800	danyaly	Mr. Dany
11692712	mohsenonline	 
375537171	MahdiRouhBakhsh	Mahdi 
283373216	AKY91m	 
32840163	AzizkhaniSaman	Saman Azizkhani
1176180264	tranjbaran	Toktam
1195954465	marketexpertir	M.Hasoumian
2348366936	Adomide	Aoide
485405514	ireza_m	reza
285655194	fomo2	 
87653387	zekipedia	
449119550	scormedu	New Learning Trends
2401347021	Tak2Tooka	tookaa
2576045061	selene_shirazi	
2532467342	halefth	Hale fth
1430344646	hrahmadi8	Hamidreza Ahmadi
18931303	aarezoo	Arezoo Ranji
2201794440	MasoodSadri	Masood
14630979	mohhzg	Mohammad HZG
1604384304	prolterr	
1966683750	NedaShf	Neda Frad
718993	mahdi	MAHDI TAGHIZADEH
14327672	fiorika	90
1829726012	r_asadi88	Reza Assadi
1638021792	juventusfcen	JuventusFC
21650993	rezaMkZadeh	RezaMKZ 
73630955	SoldierSchwejk	Good Soldier vejk
86039811	moallemi	Reza Moallemi
489279561	leamino_O	Emin
65865392	pemiphilo	Pemi  o
108351736	3aeed	Saeed Ghamari
1472286445	Ashkebaran	Ashke Baran
1614869923	marmarak81	BabyMaryam
9328542	fariborzn1	fariborz naderian
5813232	BBCHamedani	Ali Hamedani
53364786	simaaym	Sin
66491046	hoomanrezvani	Hooman Rezvani
173774827	MobinRanjbar	Mobin Ranjbar
15687154	Elenaz	 
200012444	b3hroozam	Behroozam
