14170710	ehsandiary	Ehsan Diary
796837816886038528	radiobudio	 
1433677386	BeFitGyms	Fitness Motivation
875398623781060608	SetareArani	SetareArani
16673552	az_koala	
215950639	_Exception_	Exception
204967829	Ghenaat	Reza Ghenaat
716639783934623745	haminekehass	 
19104429	omidmr	Omid Rad
872536165882093568	paria___sh	PariaDavoodi
2751461283	logosporn	LOGO DESIGN
479981193	divisionbyzero_	$ sudo su
76148553	AFSHeeNMUSIC	AFSHeeN
871403188263497729	Afi_j68	Afsaneh
152547409	kooshaaa	koosha
37386791	farzadian	Farzad Najarian
866292885003653120	Noushfaar	Noush
34012808	sensation	Sensation
3727936577	_kebrit	 
814917558973460480	ElnazMashinchi	Elnaz Mashinchi
4407344663	mychilivery	 | Chilivery
4920011412	kalantari_mr	MrK
862017452355485697	Rouhani_Sanj	Rouhani_sanj
847161818925727745	Miiilik	
857681356536647681	Karafarini_1400	Karafarini_1400
218748879	moe_rafiee	Moe
14897852	MAS_	MAS
981278653	g0lg0l	
733638166163378176	mobinnet	MobinNet Telecom
7759232	olysseusjourney	
45135646	ghanemzadeh	Nasser Ghanemzadeh
801868766	sadra_amlashi	Sadra Amlashi
559655613	gandomgoun	 
575709466	ArmanTaherian	Arman Taherian
2281771	Gonahkar	
484921502	un00sha	
707779436	Far500l	Fargol
20834720	theReticent	Ilia Vakili
790659917107568640	mermaalad	Ellie Zahedi 
1443415806	el_nino8912	el Nio
2841721	reza_ghs	reza.ghs
48448134	marsalijo	lijo + 
302678816	hkazazi	Hosein Kazazi 
93706056	aminasoode	Amin Asoode
2164850889	aminkhss	Amin Khalighi
769315794	sepidehsaied	Sepideh Saied
1595475271	arianmoghbeli	ari
249841135	B_Mania	Mania
839176656992489472	essentials_mens	Mens Essentials
4921131	nima	Nima Akbarpour 
2233134438	SadraMohaqeq	Sadra Mohaghegh
4782551	Vahid	Vahid Online
3514760120	tordillachips	Tordillachips
3309679060	beporsim	 Beporsim
2245615022	LaravelDFW	Laravel DFW
162089858	geologyst	AniS
413766279	GvGoldmedal	Matthew Moore
14320844	ArmanMohseni	Arman
47978091	ex7r3me	eX7r3me
110972781	trumangray	Truman
2321143256	MZargarpour	Maisam Zargarpour
2212622112	rana_schams	
2402126407	ManzarSezavar	Manzar Sezavar
155582335	davodm	Davod
2568598420	puff_stitch	 
806379846	Farid_Moghadam	Farid
743159981592186880	3ePiiiiD	SePiii
1119709088	mazafard	Mazafard()
11397942	Lameei	Mostafa Lameei
837251990	kallehBrand	Kalleh Company
773803064079880192	UrbanCafeIran	Urban Caf  
390582562	DCoulbourne	Daniel Coulbourne
182821975	youyuxi	Evan You
169179541	mamlekate	
156766500	mohammadrashidi	 
38447569	faraneshcom	Faranesh
304842019	dreamgalaxy_	
607791742	ThePaulMcBride	Paul McBride
710477737	__meha__	meha
3556885452	kingpoto	Photos
22296977	chalist	
21847653	HAM3D	Hamed Pourhosseini
67768118	Behzad_sh	
20235694	Conformist77	Conformist
47180527	ladanooo	ladanooo 
203038018	artlesshand	Farzan Balkani
182803171	navid66	Navid Kashani
754073	hamidpl	Hamid
561468799	BehnamInfo	 
740483	shaho	Shaho Toofani
56189372	davoodtr	Davood Torabzadeh
718993	mahdi	MAHDI TAGHIZADEH
207067703	Amoraeus	  
2706749544	DreammyOfficial	Dreammy
22838300	ultra	Ultra Music Festival
134234000	MartinGarrix	MARTIN GARRIX
69542069	tomorrowland	Tomorrowland
1550598626	elhaaami	elham ism
2996506058	LaraconUS	Laracon US
920674514	laravelio	Laravel.io
1564104350	depixelado	Daniel Jimnez
509273832	laravelnews	Laravel News
15066876	JimHarris	Jim Harris
752172588831543300	Henraaw	 
786991480258854912	tzeta_	zeta
1209813859	poore_sibzamini	
4496811928	noshinnaz	dokhtarchadori
1116427544	asysepid	
235680174	hamid_karimii	
2458188587	b_hanieh	Haniye
2427864091	MoslemEbrahimi	Moslem Ebrahimi
4620140002	meysampg	  
2227646431	Creativeldeas	Best out of waste
1732730738	VSanaei	 ()
614574504	navidbehrangi	Navid Behrangi
90494021	alireza_afkar	Alireza Afkar
2730748071	Frauparisa	
42365683	amirx	
94789918	samanoqo	Saman Sadeghi
16395253	amirsp	Amir Sadeghpour
29031508	ArmanPlus	Arman
731778449229152256	ahmdineda	
32840163	AzizkhaniSaman	Saman Azizkhani
452391880	persianthinker	Oktay
97251203	behnam2k	Behnam2k
146793905	saman_soltani	Saman
20431922	500px	500px
83001733	farzaane	Farzaaneh
128979642	Friedrish	Farid
202505441	ZaRneVesht_M	Zarzar
14969980	GiLaSi	 
848806632	OmidTavakoliio	Omid Tavakoli
782615412567441408	minaqasemi67	Mina
476203220	mahzadoOo	
34602127	fffaraz	Faraz
3043521830	remoteok_jobs	Remote OK Jobs
1617526993	radiochehrazi	 
3970708403	fae7em	faeze
772023362193387520	talabkaran	 -
1588496004	lvlaryy	
546114119	statamic	Statamic
558797310	ManUtd	Manchester United
6135642	dw_persian	DW 
3881672714	SookhteJet	12CEO.IR
2177420990	storyinpicture	story in pictures
259725229	ValaAfshar	Vala Afshar
466450809	shohreht	
45805407	NiiLs6	 
3501346874	pin_ta_pin	PINTAPIN
2690972730	b_koochak	 
2866391261	doyoutravel	Jack Morris
2466612457	PrimaveraBahar	Bahar
2604076680	ziz_mangooli	ziz
3317633539	MGhorbanali	
731698399553171459	FMSS93	My_Diary
3641133615	Nooshiin12	
440313504	ShahinKatebi	Shahin Katebi
753570561842970624	iamalirezanouri	Alireza nouri
15448418	roOzhin	!
636335981	golrokhbahri	Golrokh.Btf
207031770	alaki_	Pourya Sharifi
1369816789	khanoome_be	 
459498146	VahidRM	vahidRM
711121549	Emyjamalian	Emy Jamalian 
19409734	Hasan_Farahani	Hasan Farahani
2667172855	bazar_kaar	_
3301025103	LoveIyCouples	Couples
183072836	BahramRadan	Bahram Radan
4624773153	t_alidoosti	Taraneh Alidoosti
715854198366158848	delkhon	
709334735080787968	MinamirStudio	Minamir Studio
707972782936739840	ehsansobhani7	ehsansobhani
6108862	joelcomm	Joel Comm
22658593	SiaahSepid	
2625340417	proshaaaa	prosha
211109927	shatobery	Shahin A. Tabary
3222164809	yassooaam	
1497785426	ilavary	Moe Reza Lavaryan
157408251	alireza94	Alireza Ahmadi
2778537414	WordsText	i love you.
375935537	obartra	Oscar Bartra
4731520232	laracademy	Laracademy
494826863	PonishaProjects	ponisha projects
1660909368	ManUtd_Iran	
4854424371	Paris_TechJobs	ParisTechJobs
3423905727	hedie_mim	Hedie Mirimoghadam
3340687331	DailyLaravel	Povilas@LaravelDaily
4927112277	stanhopkin5	Stan Hopkin
1257598033	nomadphp	Nomad PHP
146026726	bbcpersiansport	BBC Persian Sport
476199422	awkwardgoogle	Tips & Tricks
4098243807	sahar_sobhani	Sahar
3410653450	Foodilex	Foodilex
1927166521	sgh0mgh0	
135502488	MahdiLogs	Mahdi
53474924	vahidnikgoo	vahid nikgoo
127062637	omidkordestani	Omid Kordestani
3784705337	hesabitcom	
4868876380	hostinja	Hostinja | 
42696990	cyclopslabs	Paul Williams
