465748982	saboolak	
946283900	Baastaardo	Aida
406625692	phoenix0k	Phoenix
869179627436097536	MeysamEbady	MeysamEbady
209811713	TheHackersNews	The Hacker News
26792275	ForeignPolicy	Foreign Policy
810576990164156416	BrokenNixon	Broken Nixon
3221278019	blapradur	Aera
3020500828	sallymcbright	
56623655	SarviZargar	Sarv Zar
472385081	sz_https	
3039545496	ShDaren	
1600742850	mowlaverdi	 
882674855036022784	Vaghih	 
3424557593	shakernami	Nasser Shakerhoseini
353676620	_soro0r_	sooloo
66098953	Taymazimi	Taymaz Azimi
624953558	sosadtoday	so sad today
870053353329393664	one_babak	1Babak
850065380328583169	parvazbadbadak	  :
2282006784	MissMiiiim	
876171766401511427	partowim	Parto
2286253674	saman0018	 
19470633	meatcomputer	kt
1382030096	Aisalized	Vellichor
717800973750509568	minaadabtor	-
974792148	mohammadnrz	Mohammad
862243010070945793	marzeh0	
3536830156	shakibebz	
830530326430625798	Rationalisti	
877066731944062976	BOXOB_T	BOXOB
2963943623	nmuseaoe	
2508177997	HelpSnowden	Help Edward Snowden
2804089933	Azizsaltane	
2300259498	RealDarkHumor	Offensive Humor
217861092	ArashGir	 
720299196625002496	gypsygal1800	
818408371854409728	boktanbulut	benam
1045742648	OnlyHesam	IQ 
40936491	hymanitee	Voting station
1047565914	_elahe_f	El
834492153300672512	___nish	Dmt
4457694141	90sgirl___	o
61150052	azizo_0	Aziz
727177577576669184	EasyCrypt_co	EasyCrypt
862970460895576065	ErosMehr	   
6029522	jadi	jadi
2367568740	DudeStufftweets	Dude Stuff
847532194197368836	abbazabazooom	Orka
746431043394281473	BigKachalowski	 
3293822951	yeganeh2912	
381361654	mahsaee	mahsaee
927276392	zafmaaar	Zafmar.jpg
750028664310464512	m4t4p	Mhtb
352145373	WhatTheFFacts	What The F*** Facts
1201045933	BBCBastani	Hossein Bastani
1557315432	HistoryInPix	History In Pictures
808643193591971840	likalikahooo	
2471309514	OmgMeDamnit	God
847539535	yas2i	  
852981644420161537	chawtaar	Mr BigHand 
762815829847277568	Titi62banoo	 
1050897936	__mahtub	
852056086668562432	golnazsoltani	GOLNAZ
370542089	royatorabii	Roya Torabi
2227308599	Pepper0nii	 
400062723	57muel	
857948300112220161	derMondschein_	
18760301	ahwaztaxi	Dr. Waver
169204084	SamanYKJ	Saman Fara
434413333	Moje2100	
4710261842	AdasiShakie	
859867542076235778	hedhzom	Mozhdeh
5693132	ArmiinRad	
571964518	TrollFootball	Troll Football
822294996837662720	Asabkosh	  
255038870	1masochist	
841295646158139394	ammomio	
709904883785146368	alilvet	bipolar
1541886498	psa_parisa	Parissa
4462624581	m_arja_n	marjan
403686789	mm__amin	
1904550685	St_ErFun	Shut Up Head
853233671712669696	HT8589	Hossein Tahna
775972524819484672	Iamryok	legion
2904195838	CrazyinRussia	Only In Russia
754010344465530880	mahii891	   
1403886157	RFatemeh	Fati
589128336	catwomanmozhi	Mozhdeh
723285110414544901	Veleshkonimiad	:/Elmira:/
742451244028039168	IranNewspaper	 
764964058697232385	4shakhe	
125139828	nazaninroghaye	Nazi
425985598	notoall	Sraan
14504859	duckduckgo	DuckDuckGo
3172209851	RealTimeCrypto	Real Time Crypto
18466967	torproject	The Tor Project
805550820	RealKharmagas	
851492342892822532	Dashagh_News	Dashagh News
30965761	deineath	deineath
695536710663434240	AnonScan	AnonymousScandinavia
294014531	GoodbyePaterson	 
15049407	mrphs	Nima Fatemi
388983706	JulianAssange	Julian Assange
2192210887	BlacksillaTea	pale eye
996638082	Ferrrrri	   
2518120868	NooraDast	.
2182823810	yeghsha	shaghayegh
844804244649623552	GachpazanPooria	Pooria Gachpazan
576495812	mndctld	
1521752815	dadaist20	Dadaist
15086510	pngle	PnGle SeleYeR
3369245271	mou_seer	
2516171059	rfi_y	 
3989801533	khivju	s
115754870	RT_America	RT America
825040998032105474	ElixirPrime	elixir prime 
2420991090	learnenglish121	English121
366128775	Ferigis	
225630062	persianpie	eve
268958654	OstadAssadi	OstadAsadi
751012920	johnameen	Me and Mozee
771350573572624384	HotLikeAhvaz	
70338768	AminLotf	Amin.Lam
2233134438	SadraMohaqeq	Sadra Mohaghegh
979042861	behzad_bh	shex
2564931008	Seeeeher	
2615655384	leymm_	Ley
24375268	india40	
544318453	g0lnar	
524893817	elicohaam	
723236063297286144	Smerdyakovlou	
1024231568	tarak_666	 
843650366	DarrkGlobe	  
908287398	amir1t	
768290052803702784	1sttshott	 
296382255	shimzing	Bored 
2247018338	Khamenei_fa	KHAMENEI.IR(farsi)
296385261	faridgofteshke	 
796586552	Raaz_Es	Raaz
2776120300	absurd9555	  
3075474801	IranHistoryPics	Iran History Pics
216840450	Zimcoe	
551730765	zahra2101	Zar
415986991	AnonyInfo	Anonymous 
411483717	K1sadri	
2893043119	PaGHeesa	PaGheesa
2239727276	___levis___	  !
1495951248	hosseintanha89	 (UNESCO)
3068716126	Azematt	Azim
2207352019	xjdew	Oh
440270645	oRRMo	
707440129	FaziasS	
3388906929	rozhansteiger	
261732954	Amirsoleymani	  
2213696287	Vida466	Vida
1268317310	gholianh1	  
16589206	wikileaks	WikiLeaks
422798683	LatestAnonNews	Anonymous
554534768	shaghaaa	sha
796003958321987585	happilyfuckedup	
210719582	asadgharighi	
1332127904	M0rpheu3	 ()
773597805499838464	Pepsiheadh	 
353739343	oliverteeut	 
2156923266	tiyooter	naser
2276641434	IgiveZerofuccks	Sanaz
19773713	MetalHammer	Metal Hammer
3052117019	gha___zalll	Ghazal
67999178	Don_MMMM	
49149284	7_________8	
1867193580	Yokhda	 
1964664444	paartizzann	
1037092932	lusinafer	
552252520	engmahyar	
769865604	BatistutaStory	
813630798	89darvinjeh	Li Li PuT
1442786262	GaladonGaming	Galadon Gaming
264309749	z85510	
2908817426	puckethead	
715971786677088256	rorrettaaa	Rrretta
2966841243	GMirzaii	momo
556776173	meditaran	MEDI
238229483	kuffmode	Kayson
387166467	hoseinlfc	Hosein
1043632808	AbdolFakher	 
2415675831	boob_ii	Boohama
128776513	_Marjaan	Marjan
1344508886	mad_maynard	
1895233676	ForEverOskol	
408701339	kickmehr	
2917760602	FarlekArts	FARLEK
1481949018	Vekktorr	ATARI
3092129199	OldDaysFootball	Old Days Football
806080675	mowtion	
971546743	severininfurs	ammaliatrice
802283932863623168	mihvia	 
302460645	Yeahbanbalas	rad
32460469	Leemou	Neda
1673735821	SShahsiah	 
