2534695593	alirezahusini20	Alireza H.(Aiden)
787680219188465664	mohmmdhmm	Mohammadm98
873867872	Teymoursg	
498402330	Qormesabzi	Qorme Sabzi
2829935635	aghaashahab	  
3267191946	Lorokhs	Lorax
171593777	__Am_89	
738602457794646017	AmySabi	  
722878339422130177	_AliVard_	Ali Var
2445021298	arhat213	blindowl
882319671491526657	akrmism	
851391924623867904	M59511334	M
884699313665966081	amirebrahimi7_	amir
713818990414528513	KxyaJUngO74jJWd	
3267417505	mahmood3d74	mahmood
704996295467896832	Feri_2014	R
872402630903037952	MajidhamsadE	Majid
4889877599	strange_reason	
751538767211565056	Amoo30biloo	 
526609305	monas1983	mona
3275648317	alikhajavii	  
856097220185214976	mahsa_sbt	Mahsa-Sbt
855314268	SimpleSadegh	 
816192245477076992	11Skinny11	f
533118771	amiirbr	amiirbr
486394423	maryam_naja	maryam
510971772	bitellooo	
821068574592794624	Amateur_____	
3000718984	sep30san	 
732274448838103044	sargardoonist	
862319056929640449	hoseinsh7	 
4060639753	jonathanhardy_	 
3018184714	persian_zorba	
404206025	ar__thur_	
852290068559671296	mastan_00	mastan
791576193812299776	ronak_sh11	
887403606303023104	Alidarvishiii	Ali
600761995	Istadeh_Ba_Gaa	  
2785684154	mr__forrest	
3780415212	lesgiigg	
712286109699596288	dfordonya	 
2218199488	SaliMoe83	Moe salari
4865041025	mb_haj	
289790116	tumetrodidish	Unike Tumetrodidish
2834221989	roshtolah	  
2951050137	Mz219Mn	 
339243250	essi1717	Essi17
733003997674668032	itissaeed	 
827239210692333568	melikaalavi	
773889503069138945	negarian	 
739314843128369153	1983azim	
555300786	feisalzarei	feisalzarei
824969235101339648	maryam_t9	
711345102581534720	amimasoo	
4171231517	S_e_H_80	  \!/
868056495484796928	marym_msh	Maryam Mashayekhi
3491794041	Amir_Gh97	Amir
858015247336181760	3agnotism	Philip
736005570239549440	alromaythy_ali	Poya
1573501112	pesare_arshad	
792771527108390912	andsoiwatch	  
845373394761764865	emenvenes	Afrand
2738705837	abmilaDD	
3424966954	ali_ma1994	 
3295090498	heessaam	Boss Baby
804789044408451072	RoyRiii	 
701078623059582977	Barffffff	
754317007781265408	AshkanFaMa	 
1125753805	mehrdadsarbani	mehrdad
823896057956462592	daliptoon	
244879171	Htcarc	 
1047439556	ramighd	Ramtin
774659762772467712	limpid96	   
777031519	negshah	 
777397890012569600	yasminesa88	yasmine
868402082889572352	Arzhang94	Arzhanged
1618480688	kenT_Ghermez	 
2579056447	imbeata	
2455409888	rezaHosseinzad3	Reza+
4845919763	saramed_tbz	sara
730812000612298752	DR_geler	
832914453830184962	ShelerFkh	 
31159029	Row_mean	romin
231004192	moochshadow	
3175425832	romina_isz	Romeo 
816282980905668610	EiranMiss	eiran
1334017356	HassanAhmadvand	 
875408781051650052	Nila788	Nila
149285529	danialbehzadi	 
312524212	macromediax	Hossein Sharafi
2212747842	RokhshadH	rokhshad hashemian
2555137412	MohsenJose	Don Jose
282145480	mehrdad_moradi	
763681290080153601	MohammadSadati2	
886482953563496448	MansooreZamani	MansooreZamani
885775997982978049	iran_dokhtar	dokhtare_iran
606478569	pegahaghaei	pegah.aghaei
484284489	SirHermesMarana	
892858728	Sasakhanum	Salian
788361962828668928	bamdade521	pirooz
175297827	slmzfrd	solmaz
598550694	ziiziiiiA	zaahra7
750240706514550784	Shakhyaw	Shoana
277434133	amirmirkamali	
721937976570355712	mrezamoghaddam	 
1854080683	mohamadhosein71	mohamad hosein
301347844	6PERSPOLIS	   
749632610	KeyvanZohoori	Keyvan Zohoori
16835677	mir_mehr	 
884802575241007107	ming_tian22	  
2496131629	mostafa_4569	mostafa
242872788	Salehshd	
20834720	theReticent	Ilia Vakili
47050015	NassimMrt	Nassim M
821258175043117056	Lafilledelalun	Mahdokht
878360672253485056	darkeshakesh	keshakesh - 
2326572092	zohrehgsaremi	zo-ore
428525359	mhrezai	M.H
796806765643845632	MaariiaaAbpr	Maariiaa
837994934644928512	lllonnaa	 
720675761825456132	Behzadm75	
1962584498	javad_jgh	
857898942578569216	Mehdi1989duzli	 
866937607426592768	cartlyiran	
344078397	8aTiE8	Atie
872271885249253377	MaryamA13245203	 
859400055714971649	HanaSeyedi	 
2943854150	kheradvarz	
604753790	hamidzjg	hamidzjg
857589310136233984	barni6596	barni
868908269024235520	Mahaan71417734	Mahaan
2843846025	MaryamPejman	 
815343706396094464	Zahra65833973	Zahra
4765854979	e30__r	
2781800388	TheNadiest	 
750306003351015424	_leilai_	
67857837	_iman96_	Iman
943336975	imhadiep	 
819211929122127876	Natoor95	
859823268567683072	s_mostafa_a	  
132085630	nasreenshahi	nasrineh
778218568043335682	jabershahidifar	jaber shahidifar
258029333	AftabN3	
3281076152	En_Ne72	Ensieh Nematy
886240798735577089	Montazerezohur	salam313
859461900467400704	pga_kami	
777252069505953792	NaWeed_krm	 
2152612883	Mr_Poirot1	
838410692906663936	koki1991M	maqmom
1001852257	mahtaaDokht	
3078799395	themohrazz	  
396065437	Pooyahash	Pooyahash
4774092420	Marj1354	Marj
860544387746594816	Khoroosak	
278695069	Mas70ud	
2530064373	Lnaz_at	Elnaz
713325405239963649	nasrin_66	Nasrin
747599366	AMbehzad	Behzad Aghajani
634101965	drsakhakm	karam
860139501460606976	somaye6800	Somaye6800
710263624737099776	armin_gh_kh	armin gh
1876750723	SaberAlavi	saber alavi
715922870656966659	Thisisbamse	
831648338789404677	amir_ashkbos	 
2846000877	mmoghaddamm	Mahsa Moghaddam
809085896586887169	RdhFP2Od8Ho6r81	black Mehdi
4491975838	sepeehr	
849218283312222208	Amintaheri90	Amin
858047321174659072	roohallah_n	Roohallah
619340452	LeilaTk77	sanam
456633371	gentle_mind1	GentleMind
15037539	doostmah	Partly Cloudy
803174930103865344	sinaTghasemi91	sina
760580623073316864	mohsen_tnz	mohsen tnz
15979070	hamed620	Hamed
803620533241872384	Eynheh	Ali Hosseinali
878345806432133120	Edris_Raisi	Edris__Raisi
2492613001	_ceemiya_	
714649686	Matin_ir	  
273469412	alismni87	ali
2345578951	ATaseh	abbas taseh
39465915	k1slm	Kayvan Salami
886140651070525440	Iman87245873	Iman
851542837	davobag	Davood Baghdadi
880019842740477952	Ahmadmh0098	ahmad mahmoudi
3172793280	EhsanEpp	ehsan
737046323606761472	trigimo	Parsa Ghanati
46903939	hajiloo	Majid
879765561143676930	maryamvakili146	maryamvakili1460@gma
3356725870	nimarsenal	Nimarsenal Gunner
831899840061792262	Ahadjaberi	A,jaberi
751321916	MMY98	
3233957796	mhtb32	MHTB
798066217672200193	abolfazl_borji	Abolfazl_borji
3290642628	Amirali_delavar	nicolas evil
3374226113	HomayoonSD	Homayoon Soleimani
2466356521	Mirandaneman	Mir
4922420013	phareeed	Farid Aghili
878343252507848705	laleh_dehnavi	laleh.dehnavi
173201187	mostafa5804	 
