1380971438	ColorsEffect	Cinema Palettes
470857299	AuHasardBalth	
255038870	1masochist	
6029522	jadi	jadi
1473278234	sohogil	Sogand
864952866137661440	ZizMou	Ziz Mou
480737104	HamedTabaar	HamedTabaar
114706033	myriamin	Myrim
866198675432677376	Sshimay	shima
421740311	zed_ek	
572051429	Serpicoo3	Serpico
411483717	K1sadri	
357541884	Sogol84	 
1316333136	namakiii	 
825076947483033601	TheBluesyCat	Kaveh Gh
3898598357	_youhadonejob1	You Had One Job
33478393	elhammoin	elimin
213444096	isaaeed	 
3182787381	ilcaffedinotte	 
825065930757541888	milaniabbas	Abbas Milani
720338375446626306	manochehr901	
55796372	ashourinia	Arash Ashourinia
1371618385	Rouhani_ir	 
3358421015	abarsaber	saber abar
18657360	madyar	Madyar
2907774137	archillect	Archillect
13832792	EbrahimHeidari	Ebrahim Heidari
767846346392940544	nounhee	 
2662165530	s_q_12	q
3609066382	sabidoou	
7755972	Rzb1360	Roozbeh
849887955527368707	jebhejavanan	 
215931205	kooaala	behnaz
1016893826	GSMwebsite	  
2850594323	MJ_Akbarin	AKBARIN
852203195535433729	Samirapygh	Samirapeyghambari
1530332280	ArezooA_	
46848945	marYy_a	
15015672	Raaadin	
1053553206	hodarostami	hoda rostami
831519910463434752	mostafatajzade	 
2237397852	amirebtehaj	amir ebtehaj
43857522	LilyNikfar	Lily Nikfar
3195876470	8Retro	Retro
45135646	ghanemzadeh	Nasser Ghanemzadeh
67444327	saman_hf	
47180527	ladanooo	ladanooo 
309064867	ArashBarahmand	Arash Barahmand
1608240366	DashMeiti	 
809743447246733312	alimotahari_ir	Ali Motahari
283432819	amirjnt	 
287088046	ReviverOrator	
3556885452	kingpoto	Photos
91092088	MrSulley	P.SULLIVAN
788728648329224192	godkhodaa	
14190672	mahdijafari	 
145978797	NeuroNiMa	 
1190054473	goosfandofgod	 
2446676024	Raheleh1987	
781513212160192518	LiLi_maneli	* LiLi *
1037092932	lusinafer	
102456344	nanaavectoi	 
2721296281	JalalSamiee	Jalal Samiee
1679741827	amoomame	  
2683758299	miss_laalaa_	Laalaa
1423277510	SaraVs_Sara	   
311638922	saharahmadi	Sahar
703451537	filleduprintemp	
3908300236	HoneyyyAsalll	 
171000329	peka1355	pejmn
786678202290827264	aaarix_t	Black Canary
3400246012	MadGalYasi	 
177746835	sayeh_ro	 
10036262	1Fathi	
2254982313	farshadslt	
13513582	alijmlzd	A.J
750707250612858880	Ronakism	ronak
735104887927803905	n0ushin	 
14517156	donyarad	Donya
1106275189	kalegondeh	   
2322846787	amirmiresmaili	 
15352139	rabeah	Pomegranate
70735999	SexCigarsBooze	David Voth
2412846020	PejmanRahbar	Pejman Rahbar
53804216	Ferihelper	Ferihelper
4867091386	channelBpodcast	 
169179541	mamlekate	
1947837186	Tweddit	Tweddit
4452251001	northselkie	
2427624403	srnmhda	
559675462	GoogleFacts	Google Facts
714490002416087041	FarbodA30	Farbooty
434442640	shaakhtaar	Shakhtar
4920011412	kalantari_mr	MrK
286220048	mahi_876	
14341131	roozbehdotnet	
1231476126	mam0oSh	mamad
140306574	atef3h	Ati
779783	aqfery	aqfery
4624773153	t_alidoosti	Taraneh Alidoosti
