19077044	HoustonRockets	Houston Rockets
19263978	cavs	Cleveland Cavaliers
26270913	warriors	GoldenStateWarriors
19923144	NBA	NBA
750707250612858880	Ronakism	ronak
259771124	arxivblog	Physics arXiv Blog
545776622	Khosousii	
53326596	maxrichtermusic	Max Richter
2773652011	mrareff	A R  F
95901946	LudovicoEinaud	Ludovico Einaudi
703852566	nilsfrahm	nils frahm
6430182	OlafurArnalds	lafur Arnalds
8350382	sigurros	sigur rs
736209749797134337	_lraj	
2617132201	imanh	O2
1891924392	Maryam__Momeni	 
169179541	mamlekate	
3949915642	_felliniesque	
721271234978123776	lFyodorl	Foad
751176025	kevinmiston	Kevin Miston
1015896536	GoosheNet	Gooshe
41434848	EPrinceton	PrincetonEngineering
24742040	Xbox	Xbox
3405249253	arenesmaili	Aren
1146382622	Chissttaa	 
44196397	elonmusk	Elon Musk
2303766024	min00t	min00t
4010504513	zherated	
713561678529630208	NiamYaraghi2	
631641406	MelikaKhanlou	
404186516	misterbex	Bex
2731424960	chamanmah	Chakameh Chamanmah
1726305288	AfsharMahnaz	Mahnaz Afshar
4565124497	YouTdii	 
2623211	alephmim	aleph.mim
2566535282	Conflicts	Conflict News
93712572	Dokhtarhaji	Dokhtarhaji
20715956	PrincetonUPress	Princeton Univ Press
5694822	Princeton	Princeton University
1711145732	ahmad_ovski	
2916305152	Snowden	Edward Snowden
9313772	onlymehdi	Mehdi Saharkhiz
806080675	mowtion	
15086510	pngle	PnGle SeleYeR
46460157	Saeed0f	
2286253674	saman0018	 
151349203	Kutlas_e_Kabir	Kutlas
279522990	naghmezz	
1391562487	jimbeltarin	jimbel
3276597846	TMoheidin	
323127279	stere_kh	
381361654	mahsaee	mahsaee
873867872	Teymoursg	
236510048	pariius	parius
2196627649	shaboonmI	
43885690	itsmereza	Reza Khanaki
66970278	AzadehJoun	Azadeh
1521752815	dadaist20	Dadaist
739251613	pirate37b	
14994504	IvIahsa	lvIahsa
979042861	behzad_bh	shex
2693599770	_alphamin	min
197936483	jo0aAd	
2769714516	LalehMonsef	Laleh Monsef
2362474561	_Taaher	TaHer
3023835104	ARRINKINKIN	
24949687	OnlyMaryami	Maryam Saharkhiz
19658826	newscientist	New Scientist
54645160	DARPA	DARPA
576495812	mndctld	
200105578	Nimajam	
46061625	NewshaSaremi	Niusha Saremi
43865592	vahidlp	
210682257	redchili2010	
48827179	Lalehsr	Laleh
628118074	rezahn56	Reza Haghighatnejad
622080104	Zahooool	
1708762915	samanthaldy	
94305172	arminoza	Armin
52000195	Sam_SM_	_Sam
26259480	MensFitness	Men's Fitness
20306748	roshanak1	roshanak
2598275395	_farnazzzz	
3203149822	Edvaardoo	
889782678	sanatayulmaz	snz
293681367	marzie_r	Marzie
1542912613	rahelehr	raheleh.r
377306947	__Hana_____	
2196184346	mamadeti	 
16548023	9GAG	9GAG
1116427544	asysepid	
1584066241	alibozorgian	Ali Bozorgian
335929810	_MaSiii	MaSi
2477115834	F0rzand0	Forzando
427194124	FreeSaeedM	Maryam Malekpour
2373186906	SOYUZ_97	
58961589	vattandoost	Iran   
45188226	ranarahimpour	Rana Rahimpour
2887879392	danoub1	Ali
2209081	Kamangir	Arash Kamangir
47813521	JZarif	Javad Zarif
2180633748	MehdiAHM	
434423252	nadanekol	Amir
187507193	soheila_h	
2586910680	BaharKhosour	 
528771986	zhivannn	
868112707	AFPphoto	AFP Photo
58271532	persianbanoo	Persian Banoo
510074074	aalset_	
86527199	gelofen	
703414475	Leilibazargan	Leili Bazargan
2775118107	_mahimah	Maede
248536103	baraary	Hootan Baraary
43288974	elrazez	Al
2233143506	FJamalpour	Fatemeh Jamalpour
112029481	Siiibiiilak	S!B!LaK
50321689	Nacmi	Nasim
1944739196	GolSog	 
2615612538	Erfan_777	Erfan
2228762088	1hoseim	Hosein Norouzi
2913547533	amirhosseinag	
21847653	HAM3D	Hamed Pourhosseini
2202047257	rezvanehmahdavi	Rezvaneh
268818192	arvatt	
2473302408	Flameswine	
282077865	Chivas_Regall8	Shiva-Aba
29188023	MRyMAMD	maryam
2574953946	SurenaSaghi	 
297929344	Ferediiii	farnaz
1690457977	lidlogy	
2574976494	Niloufareshoon	
48538079	Shaamorti	
455078941	khormalooo	MinooO
1539366252	hamed__p	hamed
2234816707	ShabnamRahmati	 
42365683	amirx	
1495951248	hosseintanha89	 (UNESCO)
2516171059	rfi_y	 
47552029	Marjaaneh	Marjaaneh
1161795360	AidaAhadiany	Aida Ahadiany
133237155	Nix_Nikooo	Nix
47554484	aidaghajar	Aida Ghajar
896668789	hnrtrust	
824694270	Gazesh	Gazaneh
358393873	PersianOwl	
386755074	ShygalSm	
396567988	Mehribanooo	 
14873102	ArashBahmani	Arash Bahmani
210473384	tjkmrz90	 
163433987	bob_johnson	
2246074231	Solisal63	
804474150	hermandovo	Amir
328571787	mahnaz_	mahnaz
88215600	khsmani69	 
766645963	Tolerancing	
42600491	Mr_NoBo0ody	Amir
130549887	BahmanKalbasi	Bahman Kalbasi
1584825974	Mamad_Tell	Mamad
2255375036	LUMPY_54	LUMPY
228037535	Tafaghod	
63068768	Sam1Kia	Sam Kia
413214976	Kolena1	 
1250172013	amirrmte	 
611777878	Grandios	
38385927	NarimanGharib	Nariman 
821885828	hastaloo	Hastaloo
334161563	mamadpori	 
431867570	arash_sobhani	arashsobhani
19919875	kambizhosseini	Kambiz Hosseini
877656276	adamizadi	
966372396	DamaghAmali	
524893817	elicohaam	
1060658072	Mescallline	
161049344	___achilles___	achilles
475664526	taraneh16	
232814544	Hossein_Aghaa	 
425985598	notoall	Sraan
38145120	Rezaa_JL	RJ
1485903080	maryam_arasteh	 
1655901282	EhsanGanji1	Ehsan Ganji
1197802136	tah_sigar	 
18424473	_Cafe	Cafe
630294980	1st_nafar	
1444859365	StalkerAndI	
83819295	Aroooom	
70820390	ehsaniaa	s
14690170	PhillipOfAjam	P
511883965	Mosht_aba	Moshtaba
1663858934	amin_acdc	
480737104	HamedTabaar	HamedTabaar
602629562	Ferinaando	
42804157	S090L	
73314028	soo3_	 
17447154	saeedhbi	Saeed
963224328	DreamerSheba	 
15306499	aliajafari	 
398413431	LaK_PaK	DeLaRaM
229164525	PeeJameh	
14493664	spidermard	Spidermard
1390569890	archi_fekr	amiira
