809743447246733312	alimotahari_ir	Ali Motahari
841665113836904448	NMorshedzade	Nafisemorshedzade
872701305239855104	binam8810	D
946283900	Baastaardo	Aida
852981644420161537	chawtaar	Mr BigHand 
1600742850	mowlaverdi	 
853233671712669696	HT8589	Hossein Tahna
831519910463434752	mostafatajzade	 
2761328116	Candoooou	
1332127904	M0rpheu3	 ()
2214869083	BehnoudMasoud	masoud behnoud
751721055031586816	mah_sadeghi	 
797589251563155456	mohsenely	mohsen
524893817	elicohaam	
750240706514550784	Shakhyaw	Shoana
1691157427	elnoraaa	el
471287735	GaryLineker	Gary Lineker
62818936	Abarghooo	Beroozoo
553484743	HedaMoo	HedaMo
210719582	asadgharighi	
3224411070	Meeka6th	Mika
372571782	almeighty	matey
1490525245	pesarack	
537389800	deinednu	Undenied
311955214	uesaran	
1371618385	Rouhani_ir	 
2905270605	khandandokhtar	 
556776173	meditaran	MEDI
2233134438	SadraMohaqeq	Sadra Mohaghegh
1886049198	naariiman	
2889896601	Hombilious	 
332988816	iPanda93	
353739343	oliverteeut	 
4558668389	zamzamti	
20437115	faraan	
464225105	arashpahlavoon	 
2945599269	siamakansarii	Siamak Ansari
752593	Mesbah	Mesbah
4624773153	t_alidoosti	Taraneh Alidoosti
1420440420	Honismack2	h.o.nismack.2.
1691574356	SharghDaily	 
264309749	z85510	
2442617371	Sesheh	 
477475191	VaAlavi	Vase' Alavi
1577637888	Hessam_gg	
3953287678	OhMyKhoobness	OhMyKhoobness
2277775826	Alasorkh	
3850077554	shabanehaa	  
2362474561	_Taaher	TaHer
381797777	mam_mad	mohamad.masoumian
2657696780	Golnea	Goln
1457647556	M1_________M1	M
3386837349	Donyarn991	 
1582341876	pakalupapito	pakalu papito
2907774137	archillect	Archillect
1047381535	jaan_daar	Jaandaar
3240151829	minasa71	Minasa
3172908592	9sshhss9	h.sara.h
551730765	zahra2101	Zar
3081666688	rouznaleh	
3081666688	rouznaleh	
2586910680	BaharKhosour	 
1116427544	asysepid	
2735479821	stieler1756	
927276392	zafmaaar	Zafmar.jpg
280908608	ksadjad	Sadjad
46460157	Saeed0f	
411483717	K1sadri	
542922194	hunebt	(-)neeee
156605463	mirzaadamjan	 
285264406	Icaruswobegoner	Lamentus
2881115818	izhardou	
284938912	shabaneha1	Marlboro
48625213	sadsad1982	sadjad
255038870	1masochist	
1687582860	hajisch	
2180633748	MehdiAHM	
536586198	Gri_ffinn	
204832963	TheTweetOfGod	God
2615655384	leymm_	Ley
198805248	javadoo	Javad
2564931008	Seeeeher	
1471020254	aghamin	 
408311923	amirhadizz	 
47000864	payam_f	
2516171059	rfi_y	 
38638966	Kelishe	
1631154242	sllry	Parisa
24901663	agharoobahe	 
155582335	davodm	Davod
226973327	GhzJabb	 
782098392	shaayaw	Shayaw
2419502588	Hortensia_anna	 
1646226361	Raavii_	
1272938635	Zhakube	  
18461573	1hojjat	HoJJaT
1584066241	alibozorgian	Ali Bozorgian
829056360	MryaaAaa	
323127279	stere_kh	
1495951248	hosseintanha89	 (UNESCO)
2193883470	Farshid928	Fashid
67999178	Don_MMMM	
326789380	YmatinY	atin
364760981	Rezamojahed	Reza GK
286734761	vgarmani	
1055388888	Abllomof	  
137091348	Sir_SadeQ	Sir SadeQ
1391562487	jimbeltarin	jimbel
2255375036	LUMPY_54	LUMPY
1911625952	kouallh	
47772489	Maal4k	
1430389033	ababababh1	AB
714386815	thehamidism	
908287398	amir1t	
425985598	notoall	Sraan
1063679412	shr_soren	
2169151909	aghayearya	R ya
630294980	1st_nafar	
238229483	kuffmode	Kayson
361296165	4rkanii	#4RK
885197042	HNDRIkS	 
245925753	_Haamed_	Hamed
821885828	hastaloo	Hastaloo
847442851	A_bird_	 
400062723	57muel	
602629562	Ferinaando	
806080675	mowtion	
979042861	behzad_bh	shex
1239867078	_sinada	sonada
1129577743	Aliajami0	Ali Ajami
297081530	Kaafffff	
14755862	VahidStar	Vahid
552252520	engmahyar	
853290625	TwitteeTod	
203678193	shomare29	29
1334364925	mim_kaf	Mojtaba
1521752815	dadaist20	Dadaist
601234471	colonelaorliano	colonel
23123240	Mehdiys	Mehdi
232814544	Hossein_Aghaa	 
14690170	PhillipOfAjam	P
894875454	AghBahman	Agh Bahman
511883965	Mosht_aba	Moshtaba
24375268	india40	
123577879	aazaad__	Merkwrdigeliebe
222682480	_ZedZed_	
239683358	SalehRn	Saleh
16829914	alooche	Alooche
18424473	_Cafe	Cafe
250009609	Ehsaan__	
403668878	Abestanioooos	Abestanioos
