305398075	hos7ein	Hossein Aghaie
2281585662	Irajjelodari	iraj
287588927	tehlug	Tehran LUG
733520421484515329	dinamyc_	Pouya
22296977	chalist	
16931659	m_pahlevanzadeh	Mohsen Pahlevanzadeh
38851967	AidinZolghadr	Aidin 
707386656035381252	Arian_FaWiki	Arianism
756699754336231424	4m1rk_fa	Amir Karimi
2570871	martianboy	Abbas
777788368352604160	Mehrdad_Bn	Mehrdad Bn
21846265	imorteza	Morilog
2316461	zoghal	Saleh Souzanchi
1638789637	sinaahmadpour92	Sina Ahmadpour
703223524	omidazami	Achilius
2453333024	bardia_heydari	Mr.Beardia
73867908	hoseinit	
302164644	MasoudGarousian	Masoud Garousian
721685918	NiloufarGhr	Niloufar Ghader
1157164224	HMahshid	Mahshid H
1664103224	MehrdadDadkhah	Mehrdad Dadkhah
15901786	pesarkhobeee	Farid
75223757	jeusGeek	JEUS
93706056	aminasoode	Amin Asoode
622579618	VahidMaani	Vahit
2890987224	sajadcooper	C00p3R
308722991	intuxicated	Danial
313119999	issavejdani	Issa Vejdani
368249170	prpe26	 
2350537106	bahmanshams	
406546786	moein7tl	Moein Hoseini
439324615	ArashKhoeini	Arash Khoeini
463575047	ctyar	Shahriar Gholami
1156615940	AmirKhoshnoud	Amir KHoshnoud
4553970322	sa_ha_ma	Sayyid Hamid Mahdavi
30186494	aliereza	Alireza Vaziri
402605223	_hmnhf	hmnhf
2330166236	akasras	Kasra Naderi
303591522	SaeedShpc	saeed sheikholeslami
362390390	HassanZanjani	Hassan Zanjani
4830695296	LSJNP2wkDrlEny6	  
11153652	sunnybashi	Be Sunny
338596703	farsh4d	Farshad
48825256	ardavaan	Ardavan
823170948	mamohammad38	mohammad
612479499	saeidbsn	Saeid
1227183049	hassannaghibi	Hassan Naghibi
2320505144	mohsen_barati	mohsen barati
341305895	MJavadSF	Mohammad Javad
869039159020847105	__dc0d__	Kaveh Shahbazian 
746863766	mamal72	Mohamad Jahani
758105948728721408	HSN_AMI	hosein amini
3690901939	hodhodapp	
526178637	HadiSinaee	Hadi
2598765666	PriggishHH	Hosein
15699865	amir_HP	amirHP
2348465401	re98se	 
23741938	hosein6626	Hossein Mousavi
2795985709	jamesrichmanx	James Richman
167876667	yashar406	yashar
14374582	moshtaghi	Mehdi Moshtaghi
1253635922	vagheanke	Shahab Javanmardy
722449771768582144	MrC0de	MrNull
112507479	arastuq	Touhid Arastu
104517739	AnoushehAnsari	Anousheh Ansari
27955781	Firouz_Naderi	Firouz M. Naderi
864952866137661440	ZizMou	Ziz Mou
799500708412354560	mona_mehdizadeh	 
47053989	bastanichoobi	
876707319509377025	cafebazaarlife	Life at Cafe Bazaar
3056709209	eli___h	Elahe
2789292090	EvandHQ	Evand 
3987879454	hypermit	hypermit
796129070	Zbigniew_13	
139336901	sarmast_tarin	Morteza Rastgoo
864983240163176450	farhan_baloch74	 
2791787900	aidin_pk	 
816335943363915776	_3aaed_	Saed
3739682116	SheTweeting	Shahrzad Beheshtian
862218960376397824	MR_R0ostami	shahriar
1474085502	_imasoud	
815153512384499712	ali4j1	ali4j
463687959	AliAzG_	Ali A.z.G.
863393934491471873	kord_73	  
255401934	Ssisakhti	Saeid Sisakhti
4445257453	farhad_faghihi	Farhad Faghihi
2376853694	HaniyehKhaksar	Haniyeh Khaksar
354406949	parniab	
298759096	nazdnr	Nazanin Daneshvar
4624773153	t_alidoosti	Taraneh Alidoosti
3160462858	mr_amini8	Mr Amini
243535485	AbiriAmir	Amir Hossein Abiri
818483869	Soshaw96	Sosha Mosleh
43714875	rezakamalifard	Reza Kamalifard
2479630459	dearr_user	Amiiiiir
14814135	AmirGT	Amir G. Tabatabai
556584811	HazhirDabiri	Hazhir Dabiri
239913653	ahmadalli	ahmadali shafiee
204967829	Ghenaat	Reza Ghenaat
3344052519	Arashdma	Arash
3122055482	mehdibabaei92	Mehdi babaei
1697415198	BehnamSobhkhiz	Behnam
41357609	rohoo	roho
912011617	MahdiMajidzadeh	Mahd! Maj!dzadeh
389743424	euwars	Farzad
16583526	Paknevis	Sadjad Jahangard
18502628	mohsentaleb	Mohsen Taleb
1518923052	nainemom	 Amir
3808605617	Yaser_Bahrami	Yaser Bahrami
558603506	kiawisherman	K!A
10718322	speckyboy	Speckyboy
66491046	hoomanrezvani	Hooman Rezvani
2175959849	arrrash82	Arash Heydari
15931902	parhiz	 
1359446846	NrzNima	Nima Nrz
282517642	1edami	 
14723919	amirmehrani	Amir Mehrani
383255418	naghshvanegar1	naghsh va negar
1702796442	taravatniki	 
2402126407	ManzarSezavar	Manzar Sezavar
264142444	SaraKu90	Sara Ku
268818192	arvatt	
16351891	vahidrsj	Vahid
22151008	mjplanet	Mobin Jahantark
1497948733	rzkhosroshahi	RE7A
1388739252	ShahabAlem	shahab
191039765	ErFUN_KH	ErFUN
493645535	JavadBahoosh	Javad Bahoosh
952257164	SorooshPsycho	Soroosh Sarabadani
1558027171	mrht74	Mohamad Ali Rezaie
822214776503828482	BPaeizi	Baran Paeizi
1119709088	mazafard	Mazafard()
626947665	satrobit	Amir Keshavarz
14603775	baaroon	Baaroon
4572980412	RAMINSL	Ramin Safaei
229021972	Ara4Sh	AraaX
304289713	Farzad_YZ	Farzad YZ
4845704910	NoonooshMahdie	NoonooshMahdie
1155192594	yekadameinjoori	   !
1303452458	rezaaf69	 
1577118648	_parnian	
197834362	mhdvothis	Mohammad Karimi
1623258601	Pourghannad	
937124617	masihheidarizad	Mesaya
2651805974	NavaakMusic	Navaak | 
834316544	ItsFoodPorn	FoodPorn
19663706	sweden	@sweden / Karin
368269590	bkhezry	Behrouz Khezry
314026964	smbeiragh	Sajjad M.Beiraghdar
2192174358	GolaraJahangir	Golara
173048256	sseeppeehhrr	  
121809380	atahani	Ahmad Tahani
224685284	HPourjam	Hamid Pourjam
255417423	h_hootan	Hootan Haghshenas
1580884105	hooshmandk	
242797389	smtabatabaie	Mojtaba Tabatabaie
2276764243	RostamiHamid	Hamid Rostami
37916396	amirsedighi	Amir Sedighi
614574504	navidbehrangi	Navid Behrangi
184485214	parsaim	Parsa
231065307	j4b3rz	Jaber Zare
2239743889	miladbruce	Milad
200012444	b3hroozam	Behroozam
247061792	hasangilak	Mohammad Hasan Gilak
44897207	tammybutow	Tammy Btow
186594781	abbas_oveissi	abbas oveissi
28435235	bigmag	$(whoami)
744425094135619584	Revaalcom	
3057168745	SREcon	SREcon
3672810637	golangPhoenix	Golang Phoenix
735555667965136897	cool_golang	Cool Go
1664903894	NasrinAriafar	Nasrin Ariafar
6135642	dw_persian	DW 
18880131	yottanami	yottanami
835481461	K1Hedayati	Keyvan Hedayati
15192708	tavakkoli	Behnam Tavakkoli
296986353	mehdy314	Mehdy
1655985392	saeedgnu	Saeed Rasooli
1743018638	mdr00t	Mohammad Darvish
2464318718	erbesharat	Erfan Besharat
20383483	hamidthegreat	
773615910967971840	RaminMirsharifi	Ramin Mirsharifi
20834720	theReticent	Ilia Vakili
280397212	HosseinMahmoodi	Hossein Mahmoodi
605155763	sia_mac	Saa 
826888692	raminbarati360	Ramin Barati
17154772	Nima1980	Nima
1187505115	__BahRam__	Bahram
1120325760	elibigenekhob	eli
818888800306925568	Marzi__hkhani	Marzi H
479981193	divisionbyzero_	$ sudo su
14933858	fzerorubigd	 
4782551	Vahid	Vahid Online
1321503324	SinaSafaei	Sina Safaei
1423881943	PayamSaderi	Payam
3255281490	aparatcom	Aparat
3310263128	Filimocom	Filimo
2644197410	Snapp_Team	Snapp 
4859761	remohammadi	Reza Mohammadi
178646340	Sharareh_	Sharareh
