753570561842970624	iamalirezanouri	Alireza nouri
755142367	sakene5	 
553484743	HedaMoo	HedaMo
877066731944062976	BOXOB_T	BOXOB
1423188918	M_Asmmm	
4457694141	90sgirl___	o
1522028761	musaesmaili	
2370842576	et0ilefille	 
2558330833	Saralouee	Sara Louee
73314028	soo3_	 
864952866137661440	ZizMou	Ziz Mou
853662554492735488	pouryia	
299154904	PSDFreebies	PSDFreebies
873867872	Teymoursg	
848991293971857408	shoultzone	Shohab
741646095541932033	mehrdadsed	Mehrdad Sedighian
3311853538	youngerbrotherr	younger brother
217861092	ArashGir	 
1567954478	AntonChigurh__	  
714360788702662657	shabkh89	...
822175024782123008	Ennzocoli	
2516171059	rfi_y	 
2923843697	zaghtweet1	
744573960	amirook_	Amirook
738405821068025857	Foroogh_y	
361296165	4rkanii	#4RK
1329018038	culaan_	Dra
818408371854409728	boktanbulut	benam
16589206	wikileaks	WikiLeaks
822215673812119553	WhiteHouse	The White House
25073877	realDonaldTrump	Donald J. Trump
822215679726100480	POTUS	President Trump
50329448	BBCFarnaz	Farnaz Ghazizadeh
813286	BarackObama	Barack Obama
799242587471278080	Wyroczniaa	Wyrocznia
15086510	pngle	PnGle SeleYeR
195224039	Mimabedi	 
200060005	Ghzl64	Ghzl
3080762480	Sleimoni	M-hdi 
585833025	khabaronlinee	
16914220	baharnarenj	
203678193	shomare29	29
407278040	alskvrda	
14567230	1mahraz	mahraz
332954705	v1d__v1d	Nveed
2314077164	blopblipp	Not like I'm Maddie
99999538	Mirzadeee	
4624773153	t_alidoosti	Taraneh Alidoosti
287088046	ReviverOrator	
14142315	G_nus	 
512082780	reihanetaravati	Reihane Taravati
472385081	sz_https	
864042450419163136	navidmamza	Navid Mohamadzadeh
1201045933	BBCBastani	Hossein Bastani
57107167	twibbon	Twibbon
3422770163	hamash110	
542922194	hunebt	(-)neeee
14367829	saman77	saman77
609146118	Noushabeh	
860964994988597252	Se4Saal	    
853233671712669696	HT8589	Hossein Tahna
1646009659	_vey__	
1344508886	mad_maynard	
2174619216	Zarinhaaa	 
3727936577	_kebrit	 
464153086	_kiiyan	
156605463	mirzaadamjan	 
2362474561	_Taaher	TaHer
2551163102	itssaaar	
1673735821	SShahsiah	 
852981644420161537	chawtaar	Mr BigHand 
2228762088	1hoseim	Hosein Norouzi
524893817	elicohaam	
2842154235	Shukullle	
626624677	_GOLNAZ_	golnaz
2320649540	_OhReza	
270375773	0ff_again	us
814231264765026305	Eshaq_jahangiri	 
233828445	saharghh	sahar ghh
2657696780	Golnea	Goln
2564931008	Seeeeher	
621786437	_a_k_i_n	
143896671	Kaleme	
212861860	ComiserJacobs	Nikbakht
24375268	india40	
403999527	Coffeeelizard	Coffee Stark 
12355832	opiums	Opium
381361654	mahsaee	mahsaee
745182895820595200	arezu__	arezu
425985598	notoall	Sraan
1404590618	HassanRouhani	Hassan Rouhani
47813521	JZarif	Javad Zarif
2623211	alephmim	aleph.mim
1371618385	Rouhani_ir	 
2438498226	EtemadDaily	  
1691574356	SharghDaily	 
790728	bbcpersian	BBC Persian
951343620	_sad100_	100
302460645	Yeahbanbalas	rad
979042861	behzad_bh	shex
4894662227	mama23ein	
1471020254	aghamin	 
491513894	SamirGolashan	SamirG
219218151	maziarajax	
1691157427	elnoraaa	el
4565124497	YouTdii	 
752207710729465857	_shahraam	.
2234816707	ShabnamRahmati	 
819981807689039872	najafi_tehrani	 
2233134438	SadraMohaqeq	Sadra Mohaghegh
554534768	shaghaaa	sha
210719582	asadgharighi	
806080675	mowtion	
821885828	hastaloo	Hastaloo
5943942	SoundCloud	SoundCloud
3379085849	arminsae	armin
2754330819	Ashkan_hn	 
849887955527368707	jebhejavanan	 
268447783	hesamism	  11
1636476440	shaiyian	N
2180633748	MehdiAHM	
751012920	johnameen	Me and Mozee
33478393	elhammoin	elimin
1663018050	Juani____	Juani
457676025	sepiiidegh	sepide ghh
238229483	kuffmode	Kayson
933027068	Nperma	epoch
80556837	dsahba	sahba
1037092932	lusinafer	
518681801	fhinese	Hamed
1667371002	plaque9	
629107318	EyL0t	
2537583027	Sh1tIraniansSay	Shit iranians say
3405249253	arenesmaili	Aren
630294980	1st_nafar	
125139828	nazaninroghaye	Nazi
151349203	Kutlas_e_Kabir	Kutlas
255038870	1masochist	
1100641922	Mrqauf	
1584066241	alibozorgian	Ali Bozorgian
2359528682	Meisamst68	 
533118771	amiirbr	amiirbr
510074074	aalset_	
14516781	3tareh	3tareh
264309749	z85510	
411483717	K1sadri	
406625692	phoenix0k	Phoenix
353739343	oliverteeut	 
2945599269	siamakansarii	Siamak Ansari
3023835104	ARRINKINKIN	
232814544	Hossein_Aghaa	 
434413333	Moje2100	
198324192	Rol3erto	
434442640	shaakhtaar	Shakhtar
242807567	_aTaha	taha
1872820130	soormeh	soormeh
96130616	alborz_z	Al
14648025	rezaxiii	Reza XIV
511883965	Mosht_aba	Moshtaba
470857299	AuHasardBalth	
853290625	TwitteeTod	
806453748	danydanyfa	
2693599770	_alphamin	min
56182819	fakhro12	Nave Fakhr
475664526	taraneh16	
1495951248	hosseintanha89	 (UNESCO)
481909934	aqahe	
2255375036	LUMPY_54	LUMPY
14690170	PhillipOfAjam	P
294014531	GoodbyePaterson	 
49149284	7_________8	
279522990	naghmezz	
713313773038223361	soshiio	Baphomet
812771242554118144	3Code47	
2721069786	avatech_ir	Avatech Accelerator
268958654	OstadAssadi	OstadAsadi
2241127988	Mndiiiy	
602629562	Ferinaando	
403686789	mm__amin	
1234768950	neb_____	stephen
552252520	engmahyar	
736095873285787651	ssinngerr	lhvgh
238330325	zirwanz	zirwan
3276597846	TMoheidin	
1511480538	__Bernard_	
408701339	kickmehr	
601234471	colonelaorliano	colonel
2292544795	fariddmm	farid
177746835	sayeh_ro	 
