726073666455277569	bayanpolar	Nasim
545967171	Universe_seeker	 
414751846	Maskedduchess	
3186722892	simin_zare	Si Min
3879133462	AliBayayii	
815219524651753472	lui_gdv	 
1488161298	_leili_	leili
3162630079	Asal_Shayan	Asal Shayan
736553972950044673	mosi_kh	 
2383557238	2damask	
1735011630	aminxali	 :))
752525564611878917	zahramovahhed	  
724709308445917184	AzadGoli	 
2311900304	pardis_ameri	pardis ameri
831519910463434752	mostafatajzade	 
95521017	Amoo_Sibiloo	
4063779021	jostejougar1	 
2510067644	mariiiiilo	
801487887602745344	Chizollah	 
2357002104	Mr8Octopus	  
313460331	Darafshk	Mamad Heidarzadeh
946839192	MaryamMond	Mar.Mon
861223530935054337	__alizeyn	Ali Zeynali
792060180750012416	Parvandegar	
879867831189426176	Badri_MohAli	Mohammad Ali Badri
860781106479730688	pessarbad	 
765428046824222724	awaydandelion	  
3422184292	afiralmomenin	 
252143724	SiavashMousavy	Siavash 
76748666	faraa66	 
1045696117	Kolashalghami	  
1886188669	Voroodmamnoo	 
753026773	HessamFarhadi	
3480414436	diadej	DiADej
785546707576717312	moonlight_mah	Mah tab
712704116254908417	liminal_	mehrnoush
815629784789164033	Yasmangoola5	Yasmangoola
73292128	KhoshBayan	::  ::
2436838496	FinchACM	Finch
702953367555940352	alnapachino	 
1034108520	nilihasa	 
701140955286659072	holypegah	  
189235065	soufelang	soufelang
3166008037	mahjooon	 
757620587921408000	Farideh_92	farideh
2292544795	fariddmm	farid
572051429	Serpicoo3	Serpico
300399372	NaaNuss	NaaNuss
717671603107143680	Mossartt	MosarT
828628914608209921	swkhe	 
22296977	chalist	
1632851953	AmirManthgi	 
3191305861	annette_riviere	 
726040292424617985	ajibzade	 
169179541	mamlekate	
711551276643803136	Crushnikova	
3425928771	saate_bernard	 
786132157894844421	Theususus	 
798590893171339264	SergioG28265687	 
850930949034434560	Keyser_Soze1985	
1582299337	feransesz	
814864263189843968	patrick_jane77	Sheldon
3340732779	Invisible404	Foaad
1528571538	MasuD___	Masud
134030713	Farhadpadvin	Farhad Parvin
753717151450574849	vivamous_	Derack
418860932	mir_hoseen	@amirpo
1907491525	aqaye_alefba	
714859824505360385	AidaAmaranta	Aida 
795410112177405953	NotLastOne1	  
4782551	Vahid	Vahid Online
3168860521	terminus_26	Terminus
769190826484371457	majidpaksima	  
255038870	1masochist	
33493951	fardaa88	Fardaa
2534794172	Epicurqazvini	 
225630062	persianpie	eve
786370050	Ateimouri	alireza teimouri
2286253674	saman0018	 
715798864129835008	_de__ailleurs_	Anna
1324753417	shinlady17	
1470791113	ShiRinKHV	Sh!R!n
596413983	Erwin_Rommelian	 
2209588064	nahid_rostami	nahid
1624951218	manamoon53	
271345701	lostinquestions	 
3424557593	shakernami	Nasser Shakerhoseini
3344550243	Danymaybe	DANY
858676751916027907	LibertadMani	m a n
851044936820690944	jurgen_097	
715566345191030784	J_H_Poincare	 
868939566887186432	AraadRaad	Araad Raad
4791119002	mohmd_mozafari	 
858227730063785984	fall_of_heaven	Mared
1291920049	hodhod1996	
809840847814463488	manamspartakus	 
736775534013616128	holyhomers	 ()
2232853107	shhellmaan	
2890925255	SEslamie	Saeide Eslamie
104931804	xorpex	PJ 
3236081986	Sohrab_66	Sohrab
501735074	Elnazed	
2750196420	Hedayat1330	 
863350191847616513	sarmastesharab	 
296903757	amirpazhm	amirpezhman
770822576109154304	Elhamiyani	 
2314179055	azpilliqueta	 
158692017	behzadnia7	Mohammad Behzadnia
266799587	LittleCrow	 
752887791483293696	juristichms	haniyeh motehayer
329537676	Ali_TishTar	TishTar
710863663180156930	tabeanzolf	  
714246015700897792	Maryamnaz1358	Maryamnaz Mahmoudian
1490525245	pesarack	
76663855	Dilmaj	Dilmaj
3363291255	AfaghRm	  
2154591271	niiiista	
49054249	perdant	perdant
2870467090	MJalaeipour	 
838643211736211456	arezo_shz	 
810576990164156416	BrokenNixon	Broken Nixon
291702144	ScM_Habibi	Masoud Habibi
835241782506053633	valyvaghih	 
1184559967	a60na82	
876111009357934596	AmirReza8968	Amir Reza
786995841500340224	BarbariKonjedi	 
847532194197368836	abbazabazooom	Orka
70907968	HosseinMO_	
747888923523883016	zeynab2210	Zizi
822423725568040961	tiraamiisu	
756575754880712710	Jaacqueline_N	 
2996545571	EmoCheery	
2676609551	MehranGhandi	Klaus
600062562	rotanik	rotanik
809475768308891648	427pinion	 
2841018393	_swordinkton	The Nerd
856137677795667968	Sehosaosho	Sehosa
304363745	19TheBigBrother	1984
825065930757541888	milaniabbas	Abbas Milani
2932583370	Fafariof	Fafariof
831799786542096384	Ashkan_Shah	Ashkan.
4353047415	fatoohe_m	
1163772559	afsans67	afsaneh
804669101960495104	Kramer1470	Kramerovsonokiovicev
2889325882	PreludeEminor	   
811102623143198720	shadiii21	 
797883605179662340	Siamak_222	
1944461948	gomgoor	
3658332137	Hourtaab	Khashayar | 
456965969	parishadokht	
717349448523902976	pulsante_pausa	
2599050073	Weeping__Meadow	
836165648208244736	InnocentGuilty3	   
618593515	elpotahto	Amirali (elpotato)
802035841728188416	jojemovarekh	  
3376933599	MBabaei4	.
3294798719	Nothing9thing	
2815477338	Shampoolak	
835852982134665216	RawVolcano	  ''
3115970944	nazinazi192	
670643	mhmazidi	mhmazidi
291884941	PhDinPolitics80	 
2464817581	FrhdMoradi	Farhad Moradi
816035594455445504	sama_alm69	Sama
713695346455658496	reystadt	 
3084052971	AtkinsKhan	Alfie Atkins
3123016344	BardyaMousavi	BardYa
790245628555108352	kayamavy3	 
758182858716348416	SalimKLnr	Salim||
14341131	roozbehdotnet	
581237903	5aeedio	saeed
442737538	john_lockkee	john lock
835468787252097024	zoghale_akhte	  
4709829002	Sorooshka	
2904046938	RickB_Maz	Maziar
767760877315579904	hamidoddin	
852390718110912513	ProfVonghazwing	  
388123055	last_elvish	Imanoel Ali
2889639809	Ghazaliiiing	
704785146612940804	BlackStar040	BlackStar
809466854624272384	Holsteinss	
724116142009278464	mfdublove	 
397803474	abolfazl_M	 
1146387763	DDbinam	 
2971231813	LoouooLe	 
287802131	BlackRappe	Pate
818529943109988353	Fa_Sa1990	Bina
802246449241161728	trnm00	
242153833	efgech	ef.g.ech
3231466102	Dfelfelak	D_felfelak
2188166987	marliiina3	.*.**.*.
2609508967	butterrfly	
829791622393065473	Mosdown	
730080295077199874	seydkalak	 
838890882682138624	mthrdts	
3408910258	ex_al_ted	
2740698111	AgahiMe	Malihe Agahi
3374031855	khozeh_arkadio	 
732157059773440000	mammad82	Mohammad Moradi
829417376500293633	fMg3gkKkZK7bJna	
