3134507540	Vfx_post	After Effect
2904195838	CrazyinRussia	Only In Russia
2282554398	kitschnoten	Maryam
883022765535645696	shahrzaadmir	shahrzadow
864952866137661440	ZizMou	Ziz Mou
553484743	HedaMoo	HedaMo
751176025	kevinmiston	Kevin Miston
1481787000	graygirl96	
255038870	1masochist	
400062723	57muel	
518367176	Damoniqa	
4457694141	90sgirl___	o
16716834	Ammir	AmiR Rashidi
1650001394	Hadiiaan	
2282006784	MissMiiiim	
1588420616	Jedaaal	Aliz  
264309749	z85510	
4206492575	blackmirror	Black Mirror
37413528	Parpanchi	Mehdi Parpanchi
1527744439	RouhaniMeter	
839974214945935360	shorali_com	Shorali
3437747915	ir_rezaee	Mohsen Rezaee
24375268	india40	
1201045933	BBCBastani	Hossein Bastani
742451244028039168	IranNewspaper	 
57779998	kadivarj	Jamileh Kadivar
3422770163	hamash110	
49383843	Baharz	Baharitta
856219854109650946	Rouhani96ir	 
856092909095059456	DobareIran	 
3044877227	Khatamimedia	Khatami Media
542072898	RaakStaaar	 
3727936577	_kebrit	 
706326211744542722	Gharivv	
2923843697	zaghtweet1	
4708866923	MohajeraniSayed	 
814231264765026305	Eshaq_jahangiri	 
381361654	mahsaee	mahsaee
851821349760892929	Emtedadnews	Emtedad.net
2164626723	ebtekarm_ir	 
856497684521373697	Hashemi_Taba	 
1673735821	SShahsiah	 
4538783414	azdla	
556776173	meditaran	MEDI
183206087	hadiahmadii	
799985566590922757	haafezeh	
2446077384	Aftab_Naghashi	Narges Moosavi
852981644420161537	chawtaar	Mr BigHand 
834492153300672512	___nish	Dmt
831519910463434752	mostafatajzade	 
1521752815	dadaist20	Dadaist
19583545	LFC	Liverpool FC
731443706461626369	p0oyaa	p0oyaa
701514876204818432	elliounn	
4382567835	VaghayeDaily	 
852056086668562432	golnazsoltani	GOLNAZ
822175024782123008	Ennzocoli	
849887955527368707	jebhejavanan	 
2594204948	alirezamahmodi3	alirezamahmodi
2907774137	archillect	Archillect
1600742850	mowlaverdi	 
2314179055	azpilliqueta	 
946283900	Baastaardo	Aida
711142603	Khoftak	
1912351632	FarazTwit	Faraz
249916079	CENTCOMFarsi	  
3075474801	IranHistoryPics	Iran History Pics
2617559527	bluenbruise	Mhyouu
3319250897	potanciel	
472852789	fateme_j	Fateme
786991480258854912	tzeta_	zeta
145978797	NeuroNiMa	 
1573582507	naZzaninA	
834016652932952064	notion_01	notion
1209813859	poore_sibzamini	
4462624581	m_arja_n	marjan
3405249253	arenesmaili	Aren
1332127904	M0rpheu3	 ()
2573205648	kour20	
14367829	saman77	saman77
2281220292	ka1oon	Light seeker
3204018261	baharanegh	beghball
323127279	stere_kh	
288129941	t_ee_z	T
125139828	nazaninroghaye	Nazi
809743447246733312	alimotahari_ir	Ali Motahari
311955214	uesaran	
20454941	invalid	psycho
752054452165586946	Norra____	SHE
2588075474	Jeberson101	
784854538607992832	NeGaRchm	Negar
996638082	Ferrrrri	   
4710261842	AdasiShakie	
332954705	v1d__v1d	Nveed
751721055031586816	mah_sadeghi	 
994511047	hesamodin1	hesam ashena
2205167191	donya_meinhof	
974196661	Shindokht	 
2303142614	idinsayyar1	 
1585979053	MaHLaiiii	
946338937	hid__	Nah
2214869083	BehnoudMasoud	masoud behnoud
2580871308	schrbtskyjr	 
311360872	Nardoon	
1698894774	hedhed10	 
589772767	sami_sam_t	
2564307187	toothlessbear	Navid
1241636030	Tripleblank	triple.blank
764179147	uglyfloki	flki
1065252554	aahoovism	
1691157427	elnoraaa	el
2442617371	Sesheh	 
3003039241	lawliet_90	xanefar
621928115	astrogirl1998	Hapworth
1522028761	musaesmaili	
3379085849	arminsae	armin
817826257	tanzania20th	
353739343	oliverteeut	 
2551163102	itssaaar	
756527447613575169	ilamakf	FT
203940476	Bhr_mn	bahar
1457647556	M1_________M1	M
1606576634	mottimodi	ailurophile
633263939	Samarghandkhan	
718730053874360320	rabeeh_akbari	Rab Rab
552252520	engmahyar	
396405629	maryami3	maryam
4073941822	__HanR	
181144769	Vahidmps	syd
2883837808	charshanbeh	 
2942769779	dastanerastan	 
1234768950	neb_____	stephen
3311853538	youngerbrotherr	younger brother
727596383222407168	NasriiiiiN	NasriN
1020739771	taranesafari	TT _ TT
736095873285787651	ssinngerr	lhvgh
1271963916	Mahyasaedi	
2180633748	MehdiAHM	
3256755432	Irazarii	Zari
2293232107	Kombozeeh	Komboozee
569839008	Nazaanin	NAZANiN
713313773038223361	soshiio	Baphomet
15086510	pngle	PnGle SeleYeR
285640165	ArianHimself	El Duderino
578568954	tanuchkaa	
45118805	ADALISH	DALI
2693599770	_alphamin	min
4834900840	mussoliniiiiiii	
2292848544	Messiah_93	
600062562	rotanik	rotanik
1904550685	St_ErFun	Shut Up Head
2543959800	tarfandsade	 
600137499	amelik__	amelik
3023835104	ARRINKINKIN	
510074074	aalset_	
4624773153	t_alidoosti	Taraneh Alidoosti
3224916160	namiisann	
425985598	notoall	Sraan
149760844	HistoryToLearn	Lost In History
487736815	TheWeirdWorld	Shower Thoughts
2539737337	GHollyGolightly	Holly Golightly
1598644159	HistoricalPics	Historical Pics
3337329621	ambooli	
3225977506	panizyi	paniz
2362474561	_Taaher	TaHer
1058107008	Sanazz_h	SaaNaaZ
2804089933	Azizsaltane	
2318101610	PicAndHistory	  
743786622	historyofsound	History Of Sound
198324192	Rol3erto	
2821242113	vaaniaamaatinaa	
2699109918	HistoryOnWheels	History On Wheels
270375773	0ff_again	us
2963943623	nmuseaoe	
289002324	error2046	/
600244924	_harukimurakami	Haruki Murakami
625066831	33605143	chardo
2774644930	48kilooyi	terrorist
2615612538	Erfan_777	Erfan
476199422	awkwardgoogle	Tips & Tricks
1582853809	HistoryInPics	History In Pictures
1371618385	Rouhani_ir	 
873867872	Teymoursg	
1404590618	HassanRouhani	Hassan Rouhani
377306947	__Hana_____	
2507497776	Khabar_fa	
1900720267	MakingOfs	Behind the Scenes
403686789	mm__amin	
600645002	MM___HP	Metch P
480737104	HamedTabaar	HamedTabaar
796586552	Raaz_Es	Raaz
179404703	Nasim____	ns
1691574356	SharghDaily	 
1511480538	__Bernard_	
2255375036	LUMPY_54	LUMPY
1646009659	_vey__	
377352635	aidam0r	aidayi
1617526993	radiochehrazi	 
1964664444	paartizzann	
5402612	BBCBreaking	BBC Breaking News
