2870467090	MJalaeipour	 
712203671258451968	Gavrch	
1600742850	mowlaverdi	 
1896699619	AtenaDaemi	Atena Daemi
109139946	Arepheh	arriella
751721055031586816	mah_sadeghi	 
2233134438	SadraMohaqeq	Sadra Mohaghegh
38150651	FarshadPix	FarshadPix
105170332	Pensylvani	maktoub
743439366475948032	dalton_ani	Ani dalton
22024691	siavashh	Siavash
2279281220	alinshahab	Ali Nemati Shahab
4604095695	sanamitav	Sana Tavakolian
2331584635	Digiato	Digiato
248702713	dreamfab_games	dreamfab GmbH&Co.KG
2721296281	JalalSamiee	Jalal Samiee
253603183	farentaghizadeh	faren
1016893826	GSMwebsite	  
879557558	Kandouj	
2303142614	idinsayyar1	 
451783052	_velGard	
561123235	RangiRangiMag	RangiRangi
1925648287	MaDmazelShin	 
17476533	symantec	Symantec
49753110	MotorolaUS	Motorola US
2762212261	CityOfMice	  2 
852647431	ostadak	Ostadak.ir
255038870	1masochist	
1305395144	ShabAvare	
2255375036	LUMPY_54	LUMPY
63460508	shiiviid	
1411768285	perspolissohila	 
2147578833	tanasoli	  
317683379	Saahereh	
2592894433	fateme_hashemi	fateme hashemi
1929752714	mrsokout	
235013821	HaaDooK	 
1667371002	plaque9	
759270553	mohammad_sharr	
242890784	ari_mah	             ArASH
1416725066	shahinnajafi80	Shahin Najafi
20302666	Miilux	Miilux
143827120	god_warrior_13	  
1954979244	mosaferkesh	
1472286445	Ashkebaran	Ashke Baran
49376085	Spinooza	Spinooza
862551800	YummyImages	Yummy Images
189398936	agaheman	
877656276	adamizadi	
2194169141	delbarodowleh	
229164525	PeeJameh	
250509589	moulavi_robaee	 
7852122	peiman	Peiman
93937651	iMoh3n	
216798913	esfanj	
735539833	AmooSat	AmooSat 
258723748	narenjiservice	narenjiservice
364788323	Dastanche	
314164761	soelenf	badeh
550126670	xeitoon	xeitoon
1183572630	abbasagharod	 
561345058	khe_ee	khee
191941804	salehbeheshti	 
2306339161	RetweetPersian	Retweet Persian
19174885	varnic	
381351265	mostafa_pgs	Mostafa Pourgharib
2203803804	MehrdadRaissi	Mehrdad Raissi
9313772	onlymehdi	Mehdi Saharkhiz
287162606	mirHabil	
894875454	AghBahman	Agh Bahman
480737104	HamedTabaar	HamedTabaar
1888314110	Estelahat_	 
1950097172	hosein92nozari	hosein nozari
95657218	_MOJ1	
135148486	Divouneha	   
90362154	imanrad	Imn  
42418290	apastorof	 
531533614	Amiroull	AmirH
1154546191	HannahPersian	 
100700637	arash_master	Arash
1612255874	GhebleAlam	 
1626422784	KhalilOghab	 
306244136	merkantilisti	  
16583526	Paknevis	Sadjad Jahangard
266772584	ultraomid	UltraOmid
58271532	persianbanoo	Persian Banoo
91142785	_arashasghari	Arash
4345811	bashool	
2457581	hamed20	Hamed
17738399	sallar	Sallar
7424342	milaad	Mild
179230444	chadorneshin	chador neshin
15015672	Raaadin	
6029522	jadi	jadi
81550629	emilynevisandee	 
152241649	parsafatehi	parsafatehi
14969980	GiLaSi	 
94415621	ByHKH	 
14566057	antihistamin	mehrzad
76172541	MilaDnu	Milad
19919875	kambizhosseini	Kambiz Hosseini
137492261	vahidmali	Vahid
25859067	Hendoonh	Hendoonh
1527337560	iransun_mag	
93712572	Dokhtarhaji	Dokhtarhaji
161049344	___achilles___	achilles
1042165478	Behshad69	behshad
34608520	jimmyheller	Jimmy Heller
14723919	amirmehrani	Amir Mehrani
30186494	aliereza	Alireza Vaziri
6167132	arashzd	Arash Zad
46767553	amiirlatifi	Amir Latifi
37386791	farzadian	Farzad Najarian
40254622	ahmadibyebye12	idean aminian
1100994925	ladybugio	
45293223	newseijiro	newseijiro
14567230	1mahraz	mahraz
393476555	dozdaki	
173915415	darsnameh	DarsNameh
128979642	Friedrish	Farid
759801697	behtashhh	
63068768	Sam1Kia	Sam Kia
474105576	harfemoft	 
143366784	olimokhadareh	 
1092271	tayyeb	
16850725	oxfordgirl	oxfordgirl
146573589	HaaaNimoon	Hani
929883072	dash_moshtaba	 
48533232	negpegbreakleg	   
180505807	instagram	Instagram
155582335	davodm	Davod
764537	AminSabeti	Amin Sabeti
144277669	dehqaniann	Alireza
16736293	snaptu	Snaptu
14490231	farshidmanafi	Farshid
90155373	shadisadr	Shadi Sadr
3926491	daeialborz	ALBORZ
160921092	riznevesht	
186839772	kooooche	...
670643	mhmazidi	mhmazidi
53474924	vahidnikgoo	vahid nikgoo
140950525	parchin147	varash ( parchin)
147337052	shahinshahim	Shahin, Shahi
103805112	rnameh	Rnameh
132058880	ka_2_re	 
2216711	farzad_b	Farzad
132872311	Goje_sabz	 
80464900	tw1tt3rart	@tw1tt3rart
108334396	twart1st	twart1st
87004432	ah0Ra	ahur
56755782	nehzatezanan	nehzatezanan
15734596	persianshadow	Mehdi Shahdoost
79552720	Arajif	
71522178	Lumpyhtf	
4948171	_l_	.
3291251	jaavid	
13513582	alijmlzd	A.J
22247218	Arbaks	Babak
82424444	avishanne	avishan 
18424473	_Cafe	Cafe
113719307	meemfe	Mahmud Farjami
33072337	pixelpixelpixel	Pixel
4921131	nima	Nima Akbarpour 
10036262	1Fathi	
14450289	Tramdaily	
62190094	jononejonobi	jononejonobi
11895072	vahidoo	vahidoo
14498809	smto	Somayeh Tohidlou
16418203	MirzaSpeaker	 
87653387	zekipedia	
779783	aqfery	aqfery
34545980	zakhar_	mohamad
73292128	KhoshBayan	::  ::
109595339	maktoubnevsht	alireza
11683142	Alii	Alii
46766325	HadiKalantari	Hadi Kalantari
45604639	Naznoush	Nazanin
16829914	alooche	Alooche
14597403	alireza1988	alireza
18045137	nima68	NiMA
71498488	sarafarazi	Sara Farazi
70363170	aiDnab	aydin
62462179	zdast	zeinab
74127665	rezaehsanpour	 
14961445	khanome	
88433268	sibzaminikhorha	
19247525	abbas1367	Abbas
65865392	pemiphilo	Pemi  o
15842715	manigh	mani
37937296	parasto0o0o	
4782551	Vahid	Vahid Online
14096859	zebelkhan	
36623680	pashooyeh	Maysam
39583150	HamidOnline89	Hamid
64464351	hamed_ovs	hamed ovs
53804216	Ferihelper	Ferihelper
66903666	kodoiin	
70338768	AminLotf	Amin.Lam
90219975	gouril	Gouril
14493664	spidermard	Spidermard
