789817648959946752	marmaariii	Marmar
2853471434	ehsan_rastgar	 
519286880	MNaemeh	Morteza Naemeh
872031392678412289	iampadideh	The sarah
1316089850	__Asabi__	
1511480538	__Bernard_	
745002924992913412	bita_bokharachi	 
1210486981	Supermarketiyan	 
3380173685	majazestan	 
311923237	mamaly64	
1670630851	O_RedHair_O	   
1711145732	ahmad_ovski	
191169937	saeidzizo	
194922416	Miladamz	
2638170999	negfuqinrisa	
16326063	samousavia	
749145209376739329	nihilismam	 
865626309430362113	miladsars24	Milad
169179541	mamlekate	
2850594323	MJ_Akbarin	AKBARIN
871760543656189952	DavoodMahmoodee	
870789974077177856	arghorbani51	Alireza Ghorbani
860478032506761218	ghonche_ostovar	 
815072815653261312	Dr_EJahangiri	Eshaq Jahangiri
803956414179868672	nfouladinasab	Naderfouladinasab
2534794172	Epicurqazvini	 
824847102878511106	rezaart62	sr  diaco
96394122	abtahi_m	Mohamad Ali Abtahi
4304969248	ChapkhaneOnline	 
4867091386	channelBpodcast	 
1633436996	ArtNudesDaily	Artistic Nudes
2303142614	idinsayyar1	 
88484535	aQaGorGe	aQa GorGe
4029554957	vandalkhan	vandalkhan
126223818	sorenazandi	Mr.Zand
2567637967	claratrack	   
715852867475808266	Hsm_msv	&
1184559967	a60na82	
3614496253	avareeeeeeee	
837593624	Meyti_h	    
2356833078	kulturtava	Black & White
2367390554	behnaz2211	    
1423712623	InJoorNegar	 
4015758021	grzngi	
286104380	swastika368	 9.5
175112942	suicidememori	 
216093074	zahra111166	
12355832	opiums	Opium
2822511201	LessLeez	Retired Frnk
3979378569	faaajh	
2945599269	siamakansarii	Siamak Ansari
3194271938	hamed_pour_gh	|~|@/\/\|)
2750196420	Hedayat1330	 
2172195253	MaaaKaan	.. 
2563882749	Rckaad	
2739458814	MehdiFCB21	
2909807976	Geodesian_1989	
751824913	SaeedSin	Saeed Sin
199011681	Hiradk	Hirad
778767542	pesarerey	Moriss
2552236422	___omid___	omid
2790066103	dada_mohsen	 
2786264666	khozabalnevis	 
2898949169	merajmemarnasab	meraj memar nasab
550962119	MOFTNAMEH	 #
1730473886	FarHadHp	FarHad Hp
557787621	Meysam_Royasaz	  
984259818	BlackSuheila	
2433856767	eng_raymon8	
3114151605	1adadbehzad	
1396552554	santiaaagoooo	  
321882513	Baahaaraan	 
2194514604	mehrsa16	mariza
3121520852	naboodan	BAYAT
1678134738	MrMaskEsf	 
931555916	Ahmad65Heidari	ahmad
3145376235	sherovergo	 
2322893750	ehsanmoqimii	 !
480737104	HamedTabaar	HamedTabaar
1353636210	Jacobian1988	Mahshid Mashayekhi
591123809	mrpilotam	Mr.Pilot| 
2448112253	kheraddoost	
2340960691	gelofen400	
3117069668	notasleepbeauty	 
539030556	hamtaye_rose	  
2875514914	AminoooSaam	SaaaM
1872359389	hosseiniraani	hossein irani
255038870	1masochist	
2997493079	saami_seattle	  
2839402199	R_Nazarlou	Rahim
36913679	lasttanzania	
1630259731	venosaam	  
171001767	immersivio	
801141612	aliahmadi_96	Cast Away
590171727	meshkiyam	WILLYS
344896371	JazzBreak1	jazzbreak
2329928592	Dr_fisi	
309863890	ahamid1989y	
5488652	erfunn	Erfun Kheirandish
813047244	paiezam	
2310251462	yazzika90	Red Head
2456414005	FKhani91	Farshid
465363827	Masooti	
2560688749	amir2as	  -__-
1040397216	maryami_7532	Maryami
2248464896	Ms_smiiiiiiile	 
49084404	EElahe	E.
252056322	ro0o0oxana	roxana
2217337654	negin_mosavi	 
2958090365	omidok65	 ok
635946370	alborz_a	ALZ
1550161927	tirtakhsh	 
2182375628	masouddagha	MasouD
1245355056	ZandSaman	A Clockwork Orange
212539645	PotkBeDast	  
2569478338	shatootoo	o
2984760090	musiqa_ir	
906417114	sarafara61	sara fara
402244590	harunshan	harun shan
386508299	retweetfarsi	 
2949616985	tinasolgi	Tina Solgi
1221338972	tosbagha1982	 
2164854674	Esshaghia	
1920731322	intheWISH	
420312299	p0neh	poneh
2724426713	amirasghari1393	 
2505554452	NOoGhRe	
564844786	mohs5en	
2327151938	OmidMastering2	omid akbari
96015063	pouriaalami	Pouria Alami
47614085	AmirKhayyati	Warrior of light
2918274902	imanlamboo	iman hosseini
17446304	pantone	PANTONE
1100641922	Mrqauf	
2564668632	kabirsr	Kapi
551783783	lu3ifer	
20431922	500px	500px
2218955048	dash_sami	sam
2370842576	et0ilefille	 
2402034344	1ta_M	 
238330325	zirwanz	zirwan
570306143	SAJaDashw	#
1139229804	ser_serpico	NANI
1256706829	zat_ara	
229604535	ni5san	
189462386	dutyMessIr	Taha
15936527	TheFilmStage	The Film Stage 
2721296281	JalalSamiee	Jalal Samiee
2256186895	Alireza_Moein	 
1768505683	tah_rish	 
1003706899	Xazandarqalbman	
154215093	mamannasrin	Seorita gata
636936027	Seenvaav	.
2529643610	Tania_shn	
2768930332	jornalistebiasa	journaliste asabi
313832760	Black_White_II	 
2172922045	OnePerfectShot	One Perfect Shot
2727032900	happyDanboo	
631394310	ME_sonata	-
2376966464	faarshaadi	Farshad
2316461	zoghal	Saleh Souzanchi
2675956863	A__shofteh	Gol-Man-Goli
1154547332	sarachegini50	
1500491118	imanbrando	DON iman
2647069209	mahmosavinejad	mahmood moosavinejad
1223315106	farshidshz	
2265632311	bikhialrichard	 
1665392893	the_javeli	javid
575702728	Navi0098	
2192943564	mah_nazi	
821885828	hastaloo	Hastaloo
294014531	GoodbyePaterson	 
67999178	Don_MMMM	
951343620	_sad100_	100
434413333	Moje2100	
123577879	aazaad__	Merkwrdigeliebe
434442640	shaakhtaar	Shakhtar
871701258	designmantic	DesignMantic
2386637822	kimia20132	 
233631559	aliandalib1	  
240150566	sm_rndm_gy	
1893275149	A_Sheikh_Mohsen	
853290625	TwitteeTod	
18424473	_Cafe	Cafe
371875071	khers69	KHERS
253229302	m00rche	MoOrChE
2147578833	tanasoli	  
396567988	Mehribanooo	 
8568642	Momentlive	Amir Momentlive
1978941798	sofia_soooofi	
66903666	kodoiin	
706901323	mohamadnori1	Mohammad Noori
1691574356	SharghDaily	 
737325445	mehdiu2	
277044855	SaeedSarshar	 
1371618385	Rouhani_ir	 
92811005	artemajid	 
19800793	amatour	hamidmafi
431867570	arash_sobhani	arashsobhani
19919875	kambizhosseini	Kambiz Hosseini
