887925700220641280	MehdiiShams	Mehdi Shams
879242166907928576	Usurpers_League	Usurpers' League
396408830	soodImim	Dos Santos
747026003583721472	3nowbar	
1272279127	Footballcast1	
515825014	PherPhere	
839568197095460870	Saber0074	Saber
472385081	sz_https	
2923843697	zaghtweet1	
2239793376	soulkeeper_89	
880656387939938304	azadeh_dalir	Azadeh
812401235164884993	shabzadehhh	 
878850022380589056	newmh9	 
406625692	phoenix0k	Phoenix
156754511	avpml	
866757470	komeaz	Faust
873883357863714816	minavandmehrdad	Mehrdad Minavand
37204416	neg_s	negar
45604639	Naznoush	Nazanin
4203462135	maa_raaaa	maedeh
217861092	ArashGir	 
255038870	1masochist	
297034913	FerDokht	
40938702	PiloteZebel	 
540824037	DokhtAban	zohaw
37391048	mahkamehj	mahkameh jafarian
252771727	Taiwanii	
381361654	mahsaee	mahsaee
35572846	bhzghahremani	   
70338768	AminLotf	Amin.Lam
866382409876590592	Maashaallaa	
810752712	aminmomenpour1	amin
4223383694	ClemKruczynsky	Clementine
3422770163	hamash110	
736556386377572354	tousheh	 
1505251758	sajjadbrd	 
825065930757541888	milaniabbas	Abbas Milani
2446077384	Aftab_Naghashi	Narges Moosavi
1374329281	Gasparddenuit	 
804474150	hermandovo	Amir
3044877227	Khatamimedia	Khatami Media
4250674173	ely_shahy	
96394122	abtahi_m	Mohamad Ali Abtahi
3848862313	__ft_	 
15183752	njmh	njmh
603579824	deghtesad	 
855488685931999232	abmomeni	 
860139501460606976	somaye6800	Somaye6800
814231264765026305	Eshaq_jahangiri	 
3131466466	abdollahram	AbdollahRamezanzadeh
54133469	alireza_rezaei	Alireza Rezaei
1895233676	ForEverOskol	
524893817	elicohaam	
45118805	ADALISH	DALI
1344508886	mad_maynard	
2164626723	ebtekarm_ir	 
788571313	aaahhmmaaddd	Ahmad
2439920990	Salavovich	Fundide
556776173	meditaran	MEDI
1234768950	neb_____	stephen
226973327	GhzJabb	 
264309749	z85510	
3367994644	farshadxrii	Farshad T
946283900	Baastaardo	Aida
4538783414	azdla	
852981644420161537	chawtaar	Mr BigHand 
853233671712669696	HT8589	Hossein Tahna
49149284	7_________8	
797008195088748549	KaafTeh	
2379395802	sinachenzo	
850283703582375936	Orenzzo	
243676426	Mojtabajahan	Mojtaba Jahanshir
245268583	foroughsoroush	Forough
19174885	varnic	
754918338	foreverbedehkar	
39926075	daarjeeleeng	tea
542118369	Ashitaaka	 
609146118	Noushabeh	
501735074	Elnazed	
3369245271	mou_seer	
71771084	essfand	maryam
773817048728207360	kakmaki09	 
1329018038	culaan_	Dra
843555810378731520	Akrin_2	Agrin
242807567	_aTaha	taha
1673735821	SShahsiah	 
216840450	Zimcoe	
837680744805847042	asttinn	Astin
803545652135362561	xakesque	xak
821885828	hastaloo	Hastaloo
404268423	SarviSad	
2249057784	eshghi15	
472852789	fateme_j	Fateme
848841097	Parchin1	Parchin
1636192328	VahidTilaki	Vahid Tilaki
50565568	venzexo	ven
831519910463434752	mostafatajzade	 
542922194	hunebt	(-)neeee
744573960	amirook_	Amirook
796586552	Raaz_Es	Raaz
2657696780	Golnea	Goln
288129941	t_ee_z	T
2761328116	Candoooou	
1575025878	aztanhaei	Aztanhaei
1332127904	M0rpheu3	 ()
4851390610	nastaran_kd_	
2716942388	parsiyak	Pardis
3143094618	shahrvand_paper	 
711789200077676544	Bbirdwomann	
522878221	shaataqi	
43865592	vahidlp	
62634095	amirassan	AmirHassan
703695036446330881	s90ta20	 
432283264	ReeRaaReeRaa	
3351255682	jemappelleamir	. 
1420148670	ham1367	Hamed
2422359110	sardAAk	3
764179147	uglyfloki	flki
2564931008	Seeeeher	
1691157427	elnoraaa	el
14490065	azoli	azooli
48538079	Shaamorti	
779357551087452160	drhafezi	dr.hafezi
99999538	Mirzadeee	
14367829	saman77	saman77
132898764	mohz67	
700230066	m_h963	 
1137670134	Abandokhtt	
1457647556	M1_________M1	M
170426006	En3phalitis	
4015758021	grzngi	
125139828	nazaninroghaye	Nazi
483994106	gandomsin	gandomgoon
3405249253	arenesmaili	Aren
320195081	MiidnightBlue	  z 
4073941822	__HanR	
396405629	maryami3	maryam
974196661	Shindokht	 
724942175742660608	khatkhatinevis	
946338937	hid__	Nah
2227308599	Pepper0nii	 
311638922	saharahmadi	Sahar
2889896601	Hombilious	 
1268317310	gholianh1	  
306801715	szamanzadeh	SZaman
425985598	notoall	Sraan
151823945	arhnm	Amirhossein Mousavi
3023835104	ARRINKINKIN	
791766324716331008	ZahraGhaffary	Zahra Ghaffary
353552907	GhSoha	aansa
320050133	Arvinbgh	  
3172908592	9sshhss9	h.sara.h
1215382638	RezvanBa	rezvan baghi
710853662474694656	madarPiyale	 
2516171059	rfi_y	 
789497569890013184	S_A_Salehi	Seyyed Abbas Salehi
265982289	D_DeGea	David De Gea
294014531	GoodbyePaterson	 
1522028761	musaesmaili	
1110143388	Sany___	Sanar
195224039	Mimabedi	 
403668878	Abestanioooos	Abestanioos
297081530	Kaafffff	
1636476440	shaiyian	N
725216104164016128	Yalddii	
392114023	HosseinMahini	Hossein Mahini
238330325	zirwanz	zirwan
250784864	milad_d3	
4867091386	channelBpodcast	 
411483717	K1sadri	
602629562	Ferinaando	
2282006784	MissMiiiim	
410856472	gheziii	
601234471	colonelaorliano	colonel
210719582	asadgharighi	
1474390170	Negar_CI	NeGar
273478225	xentrixus	 
45309135	alivahidd	Alivahid
24375268	india40	
1658543364	abak1371	abak hamidreza
16326063	samousavia	
268958654	OstadAssadi	OstadAsadi
2551163102	itssaaar	
156605463	mirzaadamjan	 
287088046	ReviverOrator	
552252520	engmahyar	
3269136433	isna_farsi	 
1872820130	soormeh	soormeh
1650001394	Hadiiaan	
551730765	zahra2101	Zar
3271605907	AleeSoumi	AleeS
757663591222870016	SabahShomali	Sabah Shomali
2194856745	mehranio	Mehran Ahmadi
753190014939459584	OceanWaterPark	Ocean Water Park
751721055031586816	mah_sadeghi	 
2623211	alephmim	aleph.mim
107223327	nafisehkBBC	nafiseh kohnavard
2196627649	shaboonmI	
1565799890	tarafdari_com	   
400062723	57muel	
