889782678	sanatayulmaz	snz
297081530	Kaafffff	
404268423	SarviSad	
888070163198816260	AzamNaderii	azam
4794985346	M4ro0on	
887408800260648960	piiraza	Solo
723594638	shahe_shahan	  
1110143388	Sany___	Sanar
860139501460606976	somaye6800	Somaye6800
883022765535645696	shahrzaadmir	shahrzadow
739251613	pirate37b	
1858112828	5arkh05h	 
294014531	GoodbyePaterson	 
1420440420	Honismack2	h.o.nismack.2.
927276392	zafmaaar	Zafmar.jpg
853233671712669696	HT8589	Hossein Tahna
2785684154	mr__forrest	
875803216742674432	699ynwa	 
824895530	ffar_shad	
24375268	india40	
715971786677088256	rorrettaaa	Rrretta
362518723	Rebe__cCaa	 
787790365378109440	Elahe_pur_	-  -
271549992	Gileh_Mard	Sina
725216104164016128	Yalddii	
583668898	asfaltekhis	
853662554492735488	pouryia	
859714092	laxora94	
2716942388	parsiyak	Pardis
803786935	__F_a_T_i__	8888
852981644420161537	chawtaar	Mr BigHand 
2227308599	Pepper0nii	 
483994106	gandomsin	gandomgoon
2564307187	toothlessbear	Navid
50329448	BBCFarnaz	Farnaz Ghazizadeh
2597825065	emilipoolen72	 
3271605907	AleeSoumi	AleeS
33478393	elhammoin	elimin
1266997788	LaaaFayette	LaFayette
1215382638	RezvanBa	rezvan baghi
1423188918	M_Asmmm	
264309749	z85510	
996638082	Ferrrrri	   
2761328116	Candoooou	
773817048728207360	kakmaki09	 
443151819	spiralitiTe	Azin T
787177014088400896	nedahami	
704418973220278272	you3efg	Yousef
2156923266	tiyooter	naser
1911625952	kouallh	
1522028761	musaesmaili	
740261270016954368	sefrtanhaie	
255038870	1masochist	
4015758021	grzngi	
4538783414	azdla	
750428459705458689	kalaghiiiii	Simin
250009609	Ehsaan__	
2623211	alephmim	aleph.mim
1926351276	sarakb91	
1636476440	shaiyian	N
1328751476	Negaaru	
544584414	hessamsba	HE
2282006784	MissMiiiim	
323127279	stere_kh	
14690170	PhillipOfAjam	P
1891629559	Mah_m_ood	
43865592	vahidlp	
2205167191	donya_meinhof	
4073941822	__HanR	
2539737337	GHollyGolightly	Holly Golightly
2431531934	marjjaaa	pointless
2598275395	_farnazzzz	
744463619212120064	meehrzaad	 
4710261842	AdasiShakie	
183206087	hadiahmadii	
743532384516190208	Son_Of_The_BEEH	J
353739343	oliverteeut	 
974792148	mohammadnrz	Mohammad
700230066	m_h963	 
752207710729465857	_shahraam	.
1691157427	elnoraaa	el
2286253674	saman0018	 
4250674173	ely_shahy	
2340960691	gelofen400	
946418576	AlmaSign	Alma
2923843697	zaghtweet1	
472852789	fateme_j	Fateme
116185997	rzgar_sh	rzgar
1589076457	saharban0o	
1091764088	khjkhjkhj98	
966113256	fanta_msh	
332954705	v1d__v1d	Nveed
4877087189	Zahraadibb	zahraadib
2208981517	Geor9eAli	
396405629	maryami3	maryam
755142367	sakene5	 
2452403935	appendiiXxX	
2711956260	Sel1z	Sel
268958654	OstadAssadi	OstadAsadi
2829490734	hfs90	
1162915387	zirsigari_1	 
3379085849	arminsae	armin
533118771	amiirbr	amiirbr
2427624403	srnmhda	
1646226361	Raavii_	
1471020254	aghamin	 
1209813859	poore_sibzamini	
2683632479	mammadsein	
1100641922	Mrqauf	
49149284	7_________8	
1962558661	_rezZza_	reZa
1904550685	St_ErFun	Shut Up Head
223772767	khoshbavar0	naele
2693599770	_alphamin	min
2953010284	behhrokh	
2196627649	shaboonmI	
322241329	etcccccc	eddy
309863890	ahamid1989y	
1521752815	dadaist20	Dadaist
1495951248	hosseintanha89	 (UNESCO)
2180633748	MehdiAHM	
510074074	aalset_	
2362474561	_Taaher	TaHer
482015513	Amoo_Yazdan	 
470443622	Mastinqe	Saied Dadashian
171116097	AliGondo0o	
425985598	notoall	Sraan
2164854674	Esshaghia	
2564931008	Seeeeher	
1944739196	GolSog	 
602629562	Ferinaando	
752593	Mesbah	Mesbah
2680418905	Abbas__Reader	Abbas.Reader
315178519	black_m75	MamadReza
1089760626	Pouri_a	
2516171059	rfi_y	 
1539366252	hamed__p	hamed
2256186895	Alireza_Moein	 
1500491118	imanbrando	DON iman
519773434	SaharDery	
1132620468	N3gaar	..
1139229804	ser_serpico	NANI
237258218	amiirata	
67999178	Don_MMMM	
14567230	1mahraz	mahraz
295706865	Meysam7092	 
804474150	hermandovo	Amir
873867872	Teymoursg	
485613759	milimili18	milad nouri
729169908	Mehranche	Mehran S
2255375036	LUMPY_54	LUMPY
1101528559	amirho3ee	
175807768	asmartkid	Yazdan
806453748	danydanyfa	
179442813	Mamadsadegh	Mamad Sadegh
135679428	danimoh	
252862130	ammarhzr	Ammar Vaezi
252771727	Taiwanii	
2272242467	sizdah42	 
1303452458	rezaaf69	 
14864068	niraa206	 
1037424757	simsala3	rad
579001025	FarshadBandari	
552252520	engmahyar	
