867277805226274817	Raychat_io	Raychat
4656245002	maryronas	Mary
2853471434	ehsan_rastgar	 
702220866701148160	mrarsin	Alireza
2217873812	TobeMehrdad	Mehrdad mahmoodi
843219151623802881	hngamenajafi	BeNJaMiN
356965660	AmirSina_Z	Amirsina Zamanian
784820465814560769	KavehGoudarzi	 
67499430	mahdiasadi	mahdi asadi
886351854103298048	mehresfandy	Amir Mehdizadeh
885905345624903680	alisahraeeee	 
882646130110205952	hodazimi	hodazimi
2890369809	tohfatoshams	
827072680256032768	akram_ghorbani_	akramghorbani_
841755058245140482	mopomoor	Mahshad
3768837255	Roshanyyy	Roshanak At
758182858716348416	SalimKLnr	Salim||
47135775	hajjehforoosh	
779687963814944768	pwconference	  
1543513790	Vladimir_amin	  ()
1320577814	shaghayeghmg	shaghayegh mg
873913156934004738	Saeedghorbania1	Saeedghorbanian
728252911675944961	IranIntl	 
1241050267	majidmoradian	Majid Moradian
43753223	alibabaie	Ali Babaie
978223597	maher6861	Mohammad Maher
871716252364009472	Brandbanooshop	Brandbanooshop
2402126407	ManzarSezavar	Manzar Sezavar
712398822295650310	hesamkeramati	Hesam.Keramati
3221673059	talktegy	
863161301693906944	sam1995ramezani	sama
866882588878811136	mzm_dehghani	Moazzame
57107167	twibbon	Twibbon
842109694017691650	raziyegholyan	Raziyegholyan
837184336675889152	nasimbahary	Nasim Bahari
858394645885313024	IPPOGroup	IPPO
4206492575	blackmirror	Black Mirror
19394186	charltonbrooker	Charlie Brooker
40231853	SaeedBarabadi	Saeed Barabadi
822332801626218496	pegaloo59	Pegah Fardiar
784373478	Kallehicecream	 
95480053	mvalipour	Mo Valipour
859753416586928129	SarangSakha	Sarang Sakha
2214869083	BehnoudMasoud	masoud behnoud
4708866923	MohajeraniSayed	 
2281771	Gonahkar	
370808131	KhodNeviss	
474741554	Way2Pay1	Way2Pay
374542775	MediaManager_ir	Reza Ghorbani
831519910463434752	mostafatajzade	 
824150176247988224	Virastarbashi	
814426498153189376	raisi_org	  
13739032	parhumm	Parhum Khoshbakht
39254600	uxiran	User Experience
855403178849861633	RafiShayesteh	Shayesteh rafi
215269017	amirrezaf	Amirreza Farhadi
817403221	euronews_pe	euronews 
3251673180	montazeri_javad	Javad Montazeri
732474611833561088	finstars_ir	Finstars
575709466	ArmanTaherian	Arman Taherian
168827211	Jooyande7	Mohsen Elhamian
770661709073686529	AhmadDastaran	Ahmad Dastaran
2566975149	Alizadeh_me	Ali Alizadeh
244232732	yasharsoltani	yashar soltani
849887955527368707	jebhejavanan	 
749877811	paras2mir	paras2
854595619	sosha999	Peyman Yazdani
718993	mahdi	MAHDI TAGHIZADEH
824283145855967234	factnameh	
842666900962402304	safarnazsahari	 
4912093401	radiodeev1	Radiodeev
1734036240	SadeghZanganeh	
773867441151741952	kazem_sadighi	 
828585109724999682	hamidbaghaee	hamid baghaee
765515105576550400	Zarghami_ez	   
1201045933	BBCBastani	Hossein Bastani
307297819	farzadi_farzadi	Farzadi
350235930	SaeedEsmaili	Saeed Esmaili
1697415198	BehnamSobhkhiz	Behnam
62609095	divandari	ali divandari
186594781	abbas_oveissi	abbas oveissi
3032462356	Navaar_ir	Navaar Audiobooks
3370497073	amirshkt	Amir Shokati
97551364	SaeidTaheri	Saeid Taheri
1253635922	vagheanke	Shahab Javanmardy
16460361	AydinGhajar	Aydin Ghajar
2164850889	aminkhss	Amin Khalighi
834529261918642176	falgir_e_baqdad	 
2745108159	S_Mehdi_H	  
833377274774831108	sabr_ir	SABR NCouncil
195425672	hafez_d1	Hafez Divandari
754073	hamidpl	Hamid
837606579226705920	Mehdi_Habibnia	Mehdi.Habibnia
766146582307868672	_alifallahi	alifallahi
17447154	saeedhbi	Saeed
744425094135619584	Revaalcom	
2787911245	EmadSaedi	Emad Saedi
302678816	hkazazi	Hosein Kazazi 
2205396177	whymarash	 
558603506	kiawisherman	K!A
4156826357	masoudnikoomnsh	Masoud Nikoomanesh
97940032	SajjadRad	Sajjad Rad
2574658458	pakan24	 
191020125	Ralinger	Ali Fakhar
558074965	Technifista	Reza Atlaschi
230647575	pouriyarezaie	Pouriya Rezaie
3345389831	sydartaa	 
23233540	Tehranix	Ali Tehrani
773042524994826240	mazaniahmad	Ahmad Mazani
16702029	meftah	 
3481179625	mahdikeivani	mahdi keivani
735063409536815104	TiaraUXD	Tiara Studio
87249605	inadzay	Javad Yazdani
91771093	mjnanakar	
17832128	ya3er	Yaser Rezaei
1225160701	KhanehAmn	 
1462855723	arashtanhai	arash tanhai
2859260693	pejman123ir	Pejman Takdehghan
809743447246733312	alimotahari_ir	Ali Motahari
807941335059722240	innotalksmedia	innotalksmedia
20841531	Haghighat	Farzad Haghighat
794109960191930368	alirezagh_	Alireza Ghanbarpour
37890303	alirezakarbor	
2813211873	ebrahimi_parham	parham ebrahimi
807124190490980352	SadooghiSadra	sadra.sadooghi
797311077998559232	ZahraAhmadipour	 
2749635438	SaharPakseresht	Sahar Pakseresht
37916396	amirsedighi	Amir Sedighi
3737501	hadifarnoud	Hadi Farnoud
804436498451988480	senora_mahsa	mahsa
2613790316	saeednazad	  
793143749027258387	nasrin_ranjbar	nasrin ranjbar
2822366541	Citehpub	 
590750672	are_eskandari	Alireza Eskandari
1930828290	_far_in	FariN
798970883511582720	nini_tweeter	
112507479	arastuq	Touhid Arastu
793531200841416704	ArtBehnam	behnammem
610365644	Alireza_Jahan	Alireza Jahandideh
2320505144	mohsen_barati	mohsen barati
3007237555	MDolatyari	Mojan
108698830	StartupGrind	Startup Grind
751721055031586816	mah_sadeghi	 
785521656378908672	tavakoli_leila	Leila Tavakoli
723443428457992192	mirasnama	
2215474562	SajadBehjati	Sajad Behjati
3305609316	tehrannsr	Tehran ICT Guild
794422033450864640	MatinpourMahsa	Mahsa.mnpr
49360447	catsep	Katayoun Sepehri
790538761729957888	drdanesh95	 
274788446	intercom	Intercom
701039650023075840	startacademy_ir	Start Academy
739543268359307265	na_be_zobale	#_
278684304	shkohanchi	Shabnam Kohanchi
3437747915	ir_rezaee	Mohsen Rezaee
783416914613719044	JaryanYab	
751046132759953408	bomrani	Bomrani 
782458555592998912	irangardeshgari	gardeshgari iran
1595475271	arianmoghbeli	ari
84351228	timberners_lee	Tim Berners-Lee
35761106	w3c	W3C
4447682549	the_cofounder_	
14723545	tehran	Shahram Sharif
723502045	IsmaeelNegaresh	Ismaeel Negaresh
715715005	ReSasanian	Reza Sasanian
970206680	H0ZEIN	Hozein
892720520	MHassanZadeh2	Mohammad Hassan
2402271472	mehrabane	
311032328	Statusbrew	Statusbrew
16848934	MasoudTB	Masoud Tabatabaei
877889136	NasserHadjloo	Nasser Hadjloo
213694762	torgheh	  
302164644	MasoudGarousian	Masoud Garousian
189545795	Khani	 Mohamadreza Khani
587525836	SohailAbasi	Sohail Abasi
1176180264	tranjbaran	Toktam
15306499	aliajafari	 
320833489	nikoo_niknam	Nikoo
1664903894	NasrinAriafar	Nasrin Ariafar
556584811	HazhirDabiri	Hazhir Dabiri
2341795572	hoviat88	 
184485214	parsaim	Parsa
520560758	TheOmidM	Omid
475644490	ehsangolabgir	Ehsan Golabgir
175159769	efazati	Mohammad Efazati
287953764	rezamahmoudii	RZA
53425425	NAKOOT	s
48448134	marsalijo	lijo + 
776242974	pooriast	Pooria Asteraky
308955873	Motelllo	
16778637	pedramp	Pedram Pourhossein
163433987	bob_johnson	
844879898	shervinmashayek	shervin mashayekh
47978091	ex7r3me	eX7r3me
70447730	mohebifar_fa	Mohebifar
127062637	omidkordestani	Omid Kordestani
14130408	hadip	Hadi Partovi
4430504843	timcookfarsi	 
768400448780902400	pishro1404	
3345635997	armanhossseini	Arman Hosseini
