820563291235819520	nymeria313	
3396477657	Beny11min	Beny
840257573894918144	behrabaneh	
827367713202769920	mirza_reza051	 
1616714684	NMehrpooyan	nmehrpooyan
789724724976910336	DarWag9839	
882515982316687360	jjKhanoom	  
3182140459	iFlame__	Zippo
875056837950918656	Mehrshad_121	 
204832963	TheTweetOfGod	God
886611633535152128	mahboubeeh	
811952968333410304	ashkankarami67	ashkan karami
837227853066424320	Armin_abn	pinokio
868394694325174272	Statusslow	 
782909467029635072	ferifaran	 
861184959679262721	amir1mohebi	amir mohebi
881769728406106113	fire__brand	
552492629	aidix2	aydin
889621215794663425	Mhmdabassi1	Mhmdabassi
843404214223196160	oldfuckingboy	
4345270523	Pinadoye	
834069795423285249	fatem_y	
818369664443158528	madamkoori22	 
820005185812623360	Hedayat_1903	 
884796412910854145	shekastkhordeh	
3423334870	MahanBYaz10	  
4491975838	sepeehr	
2213696287	Vida466	Vida
822647596690866181	Noahyoungsterr	  
715598234429886464	Rozh_I	
1201474164	jol_bak	
784363276272562177	marriii222	 
246402780	dederossoneri	DeDe
827431709218074624	iustmilad	Benito
882717360766976001	_unluxury	 
1667406487	Navids69	Navid Sedehi
886291369286918145	Arezooo_prst	Arezooo
734640562184261633	chapardopa	 
1401347208	mahlagha_hs	  
1920639614	Khanumgol1997	 
857000464843501570	sjalili25	 ()
834842231341248515	Mehtism	 
803221723411689474	mohamad_Gl66	
819683519966412801	HoseinHellboy	hossein.hellboy550@
4150801834	MTalashgar	
871722799022448642	hajaghamm	
742763405799489537	hosen_shakeri	Hossein Shakeri
953837029	amir_225	   
866582426025414656	Elnaz_Zam	
841270344468054016	p_ary_a	  
820369178867757057	M204525	Matt
3616372395	AliSh_70	AliShah
278364234	zamanshoar	Behnam
703981436739698689	ka_shayan	
2303091014	Atoosssa	
2582765965	RelatableArts	relatable art
3253959246	MandaniMr	
1040301188	dooneyebarf	
1046550043	Y3kAkr	
2860993865	PooriaHM	Bloodypooria
731157241722720256	ha_di_lay	  
748187773207715840	indiisaam	
2172237590	Payam_HA7	Payam
821367331028930560	maahdiieh	
820218878781374465	fyodox	
219586079	Khosro_MH	  
770718053134917632	mohadesse	   
804335715031064578	javanmard_mbp	mohamad javanmard
740628442094444544	_Uzar_	Usof
1522606014	OG_YoungJesus	Emad
842012582596743169	Ali_Smart_	 
838410243478532097	parsa__y	
3968651075	butitsnotromina	  
840956703285862400	baran_sh1991	
882008635836182528	Dnighn80	"   "
286137139	itsjustrozhiina	 
1329018038	culaan_	Dra
724681861910401025	sinadramatic	
2418664466	HooMii8	
1111509128	parhamjafari	parham jafari
708451381791875078	emovm	
737178614337314816	inokall	
846960602341892096	ishishakish	
880378324350111745	Massss666	Elcapo
868766001084682240	saberiMohammad0	Mohammad Saberi
880051034802008064	rezasaf509	reza safari
862144474444685312	TallPlayer7	 
815616205402816516	elisamavat	
4156826357	masoudnikoomnsh	Masoud Nikoomanesh
2387078268	_sahar____	  
2584152992	J0rsUMe	33
711390658838142976	gong_absurd	 
748161237213650944	AbirafOonab	 
868717708917035008	mohsen_qasemi	Mohsen Qasemi
852535332415340544	tehrag	Tehrag
839819738532442113	rezamozafario2	reza mozafari
3373784608	Miisteer_Biiing	 
3521135901	RasoulFatehi	Rasoul fateh
960630264	yashar8373	
244426931	AminMofatteh	M. Amin Mofatteh
772208557	blackmiiind	 
816185921204719616	imbishour	  
861108594753884161	erfan_jani	erfan jani
867865427074064384	Tiko_seven	Tiko
50080760	M_Sadegh_n	Sadegh
818179847897882624	iman_rzf	Iman_RZF
862387058337296385	EVyt3Ad2RC3L7eM	 
856482788060561410	parsa_radesh	 
797421340877848576	amirhosseinhjz	  
614340303	astranger27	 
857187661836148736	soheilrashidi4	Soheil RR
863710340957253632	mhdmhdpour	 
875803216742674432	699ynwa	 
2609363460	iliya313	MISSING WORD
875985675987931136	jamshidizahra84	  
56189372	davoodtr	Davood Torabzadeh
296211794	hesamdo	 
549339629	Farzadhpour	Farzad
1072959835	BHerawi	 
724707005546545153	nezamaddina	
767432412775100417	amoeesm	
2289337734	EkAmirhossein	 ( )
627099229	ashi_enkar	
1276211096	SinaHG9	
404684954	AzimiSadegh	
735125167450378241	HamidrezaDid	
1640362993	Faranak__	
491253765	aseyedahmadpour	Amir Seyed Ahmadpour
2196783633	_amirjoey	 
48648723	kashkull	
801378682753400832	Amir_Doran	 
837635044470624256	gisgolabeton	 
548645644	mr_navit	N@vid
843825056455315456	justafnobody	 
2495920369	minimalismar	M I N I M A L I S M
757253124193157120	yasiii_hzadeh	 
837211475013959680	kimoolche	 
2765908027	ricki_sunchez	  
2509665842	TeamMelliIran	Team Melli IRAN
723163578916687873	Kiiimzzzi	
2714403018	_Canceling	Cancel
717341148952543233	SaeidBeygi	saeid beygi
3751687583	samuraimeme	  
2203231058	felaskechayi	
862990157892509696	jopolojy	
704440890664861697	amirredline	amir  
735129534345977857	shab_nam262	
2894536492	antigone1113	
2422805077	eman619rv	 
848825430207586304	Behdadk83	 
191169937	saeidzizo	
4719367442	j30_j30_	
4752414346	moeinsafari1	
764753017031786496	EssEchch	
748609788028682241	Mohsen_msh2	Moh Sen RishoO
834016589552955393	productory_ir	Productory
824592340455215105	khanomekhas	 
1080370987	MahsaNemat	Mahsa Nemat
1346894916	peykenavid	peyke
100700637	arash_master	Arash
4000644370	Faezze3	
809450390	mu3nn3um	
2341657369	SepehrA8	
1324546226	Parysatiis	 
4524415101	3_ndipity	
726850964918034432	Papyrustw	
851173029791109120	PirFarhad	
2402126407	ManzarSezavar	Manzar Sezavar
774014377389416448	LpOoUuIyEa	 
823175122467033093	neda921	N A G
823875535759675392	m_javadnegahdar	mohammad javad
1550748566	MastanehZare	
770661709073686529	AhmadDastaran	Ahmad Dastaran
3292820093	Naftaalin	
3246920395	Mr___HQ	 
739970055711150080	khandeh_dareh	Mopa
171000329	peka1355	pejmn
357541884	Sogol84	 
245153743	buuuugh	 
713740266327289856	Eynvida	   
2311732176	Mahdi__Ahmadian	Mahdi Ahmadian
241051342	hechchi	Ali
347771557	mdolphine	  
1496586578	heSamKg	heSam
715611143499153408	hibahastam	
2489759365	Hamid_wood	 
2897464399	4lliin	She
2909807976	Geodesian_1989	
709395904705470464	dr_lee_new	@  
1190054473	goosfandofgod	 
2302897789	assalizm	.
704996295467896832	Feri_2014	R
18424473	_Cafe	Cafe
2356833078	kulturtava	Black & White
773233868187066368	Bikhial_Bash	 
790563252480708608	Yalda96759622	Y@lda
169179541	mamlekate	
183933104	novamber1982	Mr Novamber
704719027160145921	Alpainn	
2322846787	amirmiresmaili	 
