125139828	nazaninroghaye	Nazi
751721055031586816	mah_sadeghi	 
3380173685	majazestan	 
37413528	Parpanchi	Mehdi Parpanchi
58247329	monoasis	Rza
293681367	marzie_r	Marzie
818676647939477504	cyclamineae	Raha 
1442085252	ysmnshykh	 
35844699	Shadooneh	Shadooneh
1015258032	BabakZakeri	Babiish
818411493368664064	omretabah	 
97835559	Bawbak	
2671711217	moimeme_s	Sepideh Hashemi
705273636190621696	_SerJaime_	
1188774008	bahikh	
4685523865	MezderKay	
831519910463434752	mostafatajzade	 
3305613461	hadie_k	Hadie K
2446077384	Aftab_Naghashi	Narges Moosavi
779024223809437696	7sobhh	7sobh
785373238964674560	smahmoodrazavi	  
2509360928	FarsNews_Agency	 
2355474654	Sandoogh	Sandoogh 
864831372812103680	abluebluemo	minoo
39199827	TaraKeyy	Tara Key
44196397	elonmusk	Elon Musk
1698405462	shayadhannah	 
738185048	DarkPasenger10B	Lily Anne
2209081	Kamangir	Arash Kamangir
54186984	R_zaaaa	R_za!
1146387763	DDbinam	 
2394758287	Zar_Zed	Zed
3606333976	_mzn665_	Mah
758182858716348416	SalimKLnr	Salim||
44335525	HHShkMohd	HH Sheikh Mohammed
1244602586	Alwaleed_Talal	  
381797777	mam_mad	mohamad.masoumian
472852789	fateme_j	Fateme
2706416816	bayusaan	Sheikh Arsalan 
48654237	Ghazaalo0o0o	Ghzi
46952401	tannazhm	Tannaz Mahootchi
794582727014002688	set_ayesh	seta
504767598	1mohitban	  
112475398	ratnaomi	Sen. Ratna Omidvar
839464405	GolimGoli	Goli moghaddam
732648540854484992	Victoria_Tahmas	Victoria Tahmasebi
1707321486	madeleine	Madeleine Albright
1747733754	MoeinSoltani1	Moein Soltani
1598644159	HistoricalPics	Historical Pics
536250646	2na2nz	
2735512238	baahaarii	
2882682352	Moh4madness	Mohamadness
1521752815	dadaist20	Dadaist
744463619212120064	meehrzaad	 
2530140319	MansiJsm	Mansi
547670065	_sh_ei_da_	
51532739	farnazonline	Farnaz
371875071	khers69	KHERS
158462986	SunazZ	
2889896601	Hombilious	 
2795650789	Aban9714	Aban
1678377776	Nunrezad	n rz
1403886157	RFatemeh	Fati
17562196	Mahtob_M	Mahtob
2355168188	AmirKiani1985	Amir Kiani
2709477991	armin82s	Armin Samadi
744637018315993088	NavinHz	Navin
704418973220278272	you3efg	Yousef
2211685645	DorsaJalalian	Dorsa Jalalian
4843307199	DornaPodcast	MaryamSafa
715971786677088256	rorrettaaa	Rrretta
290086105	Mahsasaremi	Mahsa Saremi
2803814741	Pari_s_s	Pariss
974196661	Shindokht	 
152976925	sarathemegamind	Sara the Megamind
706271826486423552	adabiat140	   
14746535	Nilie	Nili
411483717	K1sadri	
2300354767	Zy3na	
3075474801	IranHistoryPics	Iran History Pics
51687319	Entex	Ali Ente
287088046	ReviverOrator	
333803569	ZahraDargahi	Zahra Dargahi
894875454	AghBahman	Agh Bahman
14851948	Katayoon	 
3284433818	ShirinNr	Shirin
554534768	shaghaaa	sha
551730765	zahra2101	Zar
772877102	AidaSalehiomran	Aida Salehiomran
1180588441	GholianH	  
2971346304	orange_fox7	schirin
2661733013	Nahaaaal	Nahal
529561186	Lily__Bart	Golsheed
2301045289	azarestaan	
9222412	mhrnb	Mehran Bolhasani
2902902580	Azarestaaan	
2769714516	LalehMonsef	Laleh Monsef
1542912613	rahelehr	raheleh.r
226973327	GhzJabb	 
404218200	ahooel	Ahoo
575683536	KhaleShabnam	Shabnam
2353168878	Ami5hka	
2239793376	soulkeeper_89	
755158	fanttazio	Fanttazio
106636156	1mehraveh	
18424473	_Cafe	Cafe
233828445	saharghh	sahar ghh
204832963	TheTweetOfGod	God
863251776	SeliEsk	sli
2582005813	Helmar_kh	
1468644576	armin_04	Armin Sajadi
13495722	littlefarbod	
1370003653	HamidNourashraf	Totoro
16829914	alooche	Alooche
2255375036	LUMPY_54	LUMPY
434413333	Moje2100	
378806461	Yagmur_bm	BaRaN
2221671150	mc4930	49
573097673	arbsarah	Sarah
255038870	1masochist	
81637121	y0y0player	
46847835	Amirhshad	
1372797156	cademlia	Kad
62634095	amirassan	AmirHassan
399853134	Mim__Jam	Mrym
1872820130	soormeh	soormeh
88484535	aQaGorGe	aQa GorGe
1582853809	HistoryInPics	History In Pictures
33478393	elhammoin	elimin
238229483	kuffmode	Kayson
1646009659	_vey__	
1633307082	etzms	
511883965	Mosht_aba	Moshtaba
846049874	AlexMKStories	Alex
109707441	albarezzahedi	Alborz Zahedi
576495812	mndctld	
1197877220	SepehrRassi	Sepehr Rassi
832523732	parisasemi	parisasemi
591042358	elham__a	elham
135679428	danimoh	
402559499	MammadBi	Mammad Duman
551776666	_maahsa	mahSa
239078394	gollpar	Golpar
1161795360	AidaAhadiany	Aida Ahadiany
193345959	Saeed_Dn	Saeed DN
95111551	Veroonaa	Verona
524893817	elicohaam	
868800500	mneiw	
537389800	deinednu	Undenied
232814544	Hossein_Aghaa	 
564378026	f_xabgard	Fateme xabgard
168860820	nasiiim	
347874273	_sodoff_	Dead Girl Walking
544318453	g0lnar	
457676025	sepiiidegh	sepide ghh
609146118	Noushabeh	
521253979	Af5anehha	Afsaneh
430591186	amir__s	amir s
14690170	PhillipOfAjam	P
412348343	amiram6	amiram
15086510	pngle	PnGle SeleYeR
416616863	dezirehk	dezirehk
375039988	FeryChita	FeriChita
407278040	alskvrda	
16237479	DracuDentist	More
44857900	pooyashaahsiaah	Pooya Shahsiah
174376095	RodinZzz	Rudin Rain
507853089	tata_violetta	Tahereh
177746835	sayeh_ro	 
270960311	DemeroI	Demerol
544286130	Minoo6889	Minoo
236510048	pariius	parius
45604639	Naznoush	Nazanin
14648025	rezaxiii	Reza XIV
553924546	__MarZ	Emzena
80556837	dsahba	sahba
408937328	ghatlameh	
233647790	aligiii	AliG
48454250	greenfall_1983	 
151349203	Kutlas_e_Kabir	Kutlas
198324192	Rol3erto	
40445053	n4Cr	Nasir
475664526	taraneh16	
406625692	phoenix0k	Phoenix
179442813	Mamadsadegh	Mamad Sadegh
171116097	AliGondo0o	
14142315	G_nus	 
403697402	mahsaef	mahsa f
421740311	zed_ek	
407315593	_sheved_	
49563997	llllllilllll	lil
264056767	zadsarv	Zadsarv
403999527	Coffeeelizard	Coffee Stark 
397951068	schwifterin	
403712272	ImanehAmeli	Imane
96130616	alborz_z	Al
334161563	mamadpori	 
252862130	ammarhzr	Ammar Vaezi
252771727	Taiwanii	
