862243010070945793	marzeh0	
255038870	1masochist	
814063344541978624	obalaghati	Omid Balaghati
320195081	MiidnightBlue	  z 
743532384516190208	Son_Of_The_BEEH	J
3848862313	__ft_	 
285089763	negkhd	
2582005813	Helmar_kh	
548581706	ItsMetalshadow	
268447783	hesamism	  11
2518120868	NooraDast	.
1691157427	elnoraaa	el
45604639	Naznoush	Nazanin
556776173	meditaran	MEDI
2716942388	parsiyak	Pardis
818408371854409728	boktanbulut	benam
835934937081655296	LotfollahiAmin	Amin.L
822175024782123008	Ennzocoli	
210719582	asadgharighi	
715971786677088256	rorrettaaa	Rrretta
777985451906965504	ErfanGhazizadeh	Erfan Ghazizadeh
4249002074	laakposht	Lakposht
353676620	_soro0r_	sooloo
211947015	Nillzjdg	Nilz
552252520	engmahyar	
2156923266	tiyooter	naser
3213965890	parisaa_akbari	  
183206087	hadiahmadii	
16914220	baharnarenj	
1474390170	Negar_CI	NeGar
1585979053	MaHLaiiii	
375006125	ghazlool	 
2237667674	jojehhhh	
311955214	uesaran	
294014531	GoodbyePaterson	 
966708174	pooriuasafara	Pooriua
102456344	nanaavectoi	 
377306947	__Hana_____	
543576536	poonehz	Pooneh
1318375603	__SeeMore	
1698894774	hedhed10	 
1522028761	musaesmaili	
1872820130	soormeh	soormeh
396775293	melzinro	elz
158462986	SunazZ	
57276671	elllegreen	Eli
759664122569060352	nardoonee	
42365683	amirx	
751319279782531072	Mahdi10158553	
727596383222407168	NasriiiiiN	NasriN
332907128	l2eza	Mohammadreza
750028664310464512	m4t4p	Mhtb
1253948767	far_a_nak	 
287088046	ReviverOrator	
96130616	alborz_z	Al
2615655384	leymm_	Ley
42804157	S090L	
621786437	_a_k_i_n	
403999527	Coffeeelizard	Coffee Stark 
2883837808	charshanbeh	 
353739343	oliverteeut	 
2551163102	itssaaar	
3405249253	arenesmaili	Aren
45118805	ADALISH	DALI
578568954	tanuchkaa	
559655613	gandomgoun	 
3297632319	mehrodadm	mehrodad
3080762480	Sleimoni	M-hdi 
116185997	rzgar_sh	rzgar
4015758021	grzngi	
805550820	RealKharmagas	
1077099060	naneSarma	azin ghasemi
70338768	AminLotf	Amin.Lam
268958654	OstadAssadi	OstadAsadi
195224039	Mimabedi	 
246177322	sepehrda	  
600137499	amelik__	amelik
238330325	zirwanz	zirwan
152552973	me3nah	Meana
956058134	Berouz_	
3003039241	lawliet_90	xanefar
4095890235	IT_mirza_music	Soheil Mirzaei
3900937816	_zirwan_	zirwanz
3953287678	OhMyKhoobness	OhMyKhoobness
323127279	stere_kh	
464225105	arashpahlavoon	 
1521752815	dadaist20	Dadaist
2693599770	_alphamin	min
540754851	deraxt	
14743763	slt_fa	
1867193580	Yokhda	 
3012132606	CaHa33	
457676025	sepiiidegh	sepide ghh
1530332280	ArezooA_	
3311853538	youngerbrotherr	younger brother
3023835104	ARRINKINKIN	
2281220292	ka1oon	Light seeker
3204018261	baharanegh	beghball
607143729	hadis_as	Hdis
3036372179	Mehrnes	
1600494840	il__virtuoso	Amir
2821242113	vaaniaamaatinaa	
927276392	zafmaaar	Zafmar.jpg
2227308599	Pepper0nii	 
2908817426	puckethead	
2362474561	_Taaher	TaHer
554534768	shaghaaa	sha
215028103	shaape	killua
2314077164	blopblipp	Not like I'm Maddie
425985598	notoall	Sraan
43288974	elrazez	Al
194478630	ZzanasS	
397537398	callmeyasa	
270375773	0ff_again	us
403668878	Abestanioooos	Abestanioos
2564931008	Seeeeher	
62634095	amirassan	AmirHassan
2774644930	48kilooyi	terrorist
1620130892	raz__mari	
24375268	india40	
2320649540	_OhReza	
628589350	itsme_yaa	
764179147	uglyfloki	flki
974196661	Shindokht	 
412549594	Ehyeh_Asher_Ehy	
996638082	Ferrrrri	   
2526119594	NamiraCorp	
2562703793	saabbii24	
404218200	ahooel	Ahoo
2516171059	rfi_y	 
1060658072	Mescallline	
32460469	Leemou	Neda
2372287312	Apani_	
1646009659	_vey__	
1511480538	__Bernard_	
1241695088	gaaf_gaaf	 
1663018050	Juani____	Juani
1715409763	Set_lp	Set List
636936027	Seenvaav	.
629107318	EyL0t	
465748982	saboolak	
973342039	Negar8059	
238229483	kuffmode	Kayson
296385261	faridgofteshke	 
522878221	shaataqi	
630294980	1st_nafar	
1576078436	Ghaayegh	Shaghayegh
36036094	MZRGR	
1110143388	Sany___	Sanar
1464346249	H923451	
800673013	RagNza	N
1037092932	lusinafer	
794299734	rainy2nds	 
578212102	Gembelii	
1234768950	neb_____	stephen
806080675	mowtion	
337038595	Ghazaal_	Her.
368546930	mohandeath	Alireza G.Kian
481932464	GerdoOoo_N	na hhid
370770945	bfakhriloo	babak fakhriloo
370770945	bfakhriloo	babak fakhriloo
1123464931	Saeed__69	 
580118067	mindchallenges	
991650265	par3e	_
871267808	Hasanhmmt	Hasan Hemmati
398096961	nima_unforgiven	 
853290625	TwitteeTod	
47072664	BanooyeGham	BanooyeGham
358109923	mamalofsky	
609146118	Noushabeh	
524893817	elicohaam	
991888536	iAli_Ne	
821885828	hastaloo	Hastaloo
189859877	s_a_m_L_m	sadegh sam
966684858	Daeimirza	MBS
19758530	elsereturn	
550962119	MOFTNAMEH	 #
380143295	MardeKohan	  
7852142	pooria	pooria
11153652	sunnybashi	Be Sunny
11153652	sunnybashi	Be Sunny
15086510	pngle	PnGle SeleYeR
