864745400519065600	Shazdanii	Zereshk
747026003583721472	3nowbar	
435342260	rammiin	ramin
535238839	miimdal	
878850022380589056	newmh9	 
779024223809437696	7sobhh	7sobh
4565124497	YouTdii	 
1403886157	RFatemeh	Fati
381361654	mahsaee	mahsaee
844988714052796416	tessieovskie	 
825065930757541888	milaniabbas	Abbas Milani
348498840	m0hagh	
58247329	monoasis	Rza
858582165898088448	dukshi1	
949692523	SainaNia	saina nia
290086105	Mahsasaremi	Mahsa Saremi
4073941822	__HanR	
600137499	amelik__	amelik
2239727276	___levis___	  !
2890458526	Nadershokoufi	Nader Shokoufi
46061625	NewshaSaremi	Niusha Saremi
97617682	Shadibeyzaei	Shadi Beyzaei
12912462	rayrinaldi	Ray Rinaldi
18741631	DenverArtMuseum	Denver Art Museum
20440823	DenverZoo	Denver Zoo
835934937081655296	LotfollahiAmin	Amin.L
1922151919	Nessngh	Nes
1377921709	kahoopich	 
4780612048	mgmonana	Nana
14690170	PhillipOfAjam	P
3739682116	SheTweeting	Shahrzad Beheshtian
628276440	SaraKmz	
590290977	mni_sah	Sahar
761230645649604608	artsmarketers	NatlArtsMktgProject
4843307199	DornaPodcast	MaryamSafa
2761328116	Candoooou	
776714566055198720	shiraanam	Shirana
1332127904	M0rpheu3	 ()
349090479	Sabasib	Saba
2716942388	parsiyak	Pardis
729706455138447361	Sarfaraz_202	Sara Farazi
854595619	sosha999	Peyman Yazdani
183206087	hadiahmadii	
15181930	10naz	Tannaz
40422691	ASayehh	Sayeh 
870456788	KNoroozi	
45309135	alivahidd	Alivahid
791766324716331008	ZahraGhaffary	Zahra Ghaffary
14957147	TheYoungTurks	The Young Turks
393588826	TYTNetwork	TYT Network
429227921	cenkuygur	Cenk Uygur
1458156373	zararast	Zara
372113766	GFakhari	Goli Fakhari
821885828	hastaloo	Hastaloo
17066033	Boushveg	
1372975219	BabyAnimalPics	Baby Animals
2690338093	saba_diY	Sab
536250646	2na2nz	
706142333453127680	spbaking	spbaking
1349187420	fkeshavarz	Forough Keshavarz
400062723	57muel	
2899217464	Benzoddin	Benaaz
1689288810	zaaqoo	
2300354767	Zy3na	
182940485	behnoush_h	Behnoush
49752556	RedRocksCO	Red Rocks CO
17349956	UofDenver	University of Denver
2684615938	SamlSamsam	BanaFsheh
711789200077676544	Bbirdwomann	
23504870	SouthPark	South Park
3993602968	Nasttaran	Nastaran
210682257	redchili2010	
3674038456	MaliheRiazi	malihe riazi
4070890694	Ctrl_STD	Ctrl+S
1422957211	3pnood	UFOBB
542118369	Ashitaaka	 
275168324	cpacphoto	CO Photo Arts Center
708990996177096705	feminurban	moxte
2588075474	Jeberson101	
270441955	_arash_a	
547509406	sibghermez	
4189631008	tubocasequivoca	Soledad
1391562487	jimbeltarin	jimbel
245680664	aamino0	
2214082525	SaraNoshadi	Sara Noshadi
2517118753	Ghrzmj	 
425985598	notoall	Sraan
255038870	1masochist	
3245408322	Sahbasad	sd
2190106878	NazaniNKZM	 
1217533536	RanandeTaksi	Khalil M
4717726395	AzarMaaliNasab	. 
472852789	fateme_j	Fateme
716642008618680320	miiniichg	Mina
490598585	boohark	.
983469031	RubyVaroujian	Ruby Varoujian
22061737	AiANews	Art in America
23585763	artinfodotcom	BLOUIN ARTINFO
1440641	nytimesarts	New York Times Arts
20622594	artnet	artnet
36346876	ArtsJournalNews	ArtsJournal
624031683	mooshtebol	
151823945	arhnm	Amirhossein Mousavi
246942315	2TaRafe	Hossein
626624677	_GOLNAZ_	golnaz
20787284	tashbaad	
2693599770	_alphamin	min
630294980	1st_nafar	
712712611612213248	pampam_fuckedup	PAMPERS
2803814741	Pari_s_s	Pariss
1640158008	_PrettyGun	PrettyGun
109539713	Elnaz_Elz	Chaysig
1191210397	NanaOmidvar	NAZANIN
805817760	AliAbdi88	Ali Abdi
939851786	PathTraveller	Traveller
2887757585	Hasanplays	The Hasan One
4907934826	atiikey	ati key
45118805	ADALISH	DALI
3224916160	namiisann	
703695036446330881	s90ta20	 
126223818	sorenazandi	Mr.Zand
2205167191	donya_meinhof	
2582394313	TamTam_Pr	TamTam
2560060718	KargadanMirza	 
302860174	chapdast	Aka Lefthanded
47050015	NassimMrt	Nassim M
7759232	olysseusjourney	
4015758021	grzngi	
14490065	azoli	azooli
403192903	hebrown7	Hebrown
737325445	mehdiu2	
700230066	m_h963	 
210719582	asadgharighi	
2750793155	SaeiddMatin	 
2890529268	Sin_Dokht	
410931201	aida_aina	Aida
1632179005	MadieTwitt	Madie
72492752	deraakwordpress	 
8216772	denverpost	The Denver Post
433698863	chemicalated	Ali
2564931008	Seeeeher	
3399124558	Marii_Abdi	 
4821438778	TalaShad	
3305613461	hadie_k	Hadie K
4756846643	araniim	Mostafa Arani
464225105	arashpahlavoon	 
3183219930	saeed_zeinali	Saeed Zeinali
1077099060	naneSarma	azin ghasemi
297081530	Kaafffff	
2932856324	eynmim_	
264056767	zadsarv	Zadsarv
598600732	jackthefatalist	
757892550	franny_ftm	franny
760437030	HamediEbrahim	Ebi
361296165	4rkanii	#4RK
2362474561	_Taaher	TaHer
49563997	llllllilllll	lil
404218200	ahooel	Ahoo
2180633748	MehdiAHM	
287088046	ReviverOrator	
287088046	ReviverOrator	
873867872	Teymoursg	
2355168188	AmirKiani1985	Amir Kiani
1474390170	Negar_CI	NeGar
537389800	deinednu	Undenied
706760941	edward66ella	Ella
264309749	z85510	
871380631	Tarsa56	
4685523865	MezderKay	
601234471	colonelaorliano	colonel
226973327	GhzJabb	 
547670065	_sh_ei_da_	
1577623176	SharareMishavam	   
14516781	3tareh	3tareh
19758530	elsereturn	
353676620	_soro0r_	sooloo
2902902580	Azarestaaan	
2442617371	Sesheh	 
2211685645	DorsaJalalian	Dorsa Jalalian
572051429	Serpicoo3	Serpico
14638577	kargadan	
3184984952	Attefeh	Attefeh Falah
1521752815	dadaist20	Dadaist
15086510	pngle	PnGle SeleYeR
2958304667	gorjico	 
3359826045	MasihZolfaghar1	 
397951068	schwifterin	
2623211	alephmim	aleph.mim
979042861	behzad_bh	shex
552252520	engmahyar	
353739343	oliverteeut	 
1495951248	hosseintanha89	 (UNESCO)
403686789	mm__amin	
511883965	Mosht_aba	Moshtaba
33478393	elhammoin	elimin
1234768950	neb_____	stephen
3284433818	ShirinNr	Shirin
381797777	mam_mad	mohamad.masoumian
806080675	mowtion	
475664526	taraneh16	
