186034848	sina_moosavi	sina moosavi
518242912	ramin_zamani	Ramin Zamani
808386187442397184	mr_nonkhamei	   
820958285914341376	SadeghEidi	Sadegh Eidi
819491015405043712	shivapspc	
1968654211	Its_Rafuoliin	MadmaZel NilZi
622579618	VahidMaani	Vahit
775634238	Niiikssie	
2276421	rezamgh	Reza Moghadari
2370842576	et0ilefille	 
412186715	CallMeXamani	Xamani
864952866137661440	ZizMou	Ziz Mou
370388487	ali_haddadkar	Ali Haddad
2239756656	bnfsheghf	Banafshe Ghasrfakhri
994511047	hesamodin1	hesam ashena
755491823280357377	masoud_kaviani	masoudkaviani
866292885003653120	Noushfaar	Noush
362390390	HassanZanjani	Hassan Zanjani
783779195251982336	Oz_witch_	  
754618558542479360	nazaninrashin	io
873422068079108096	leyli_esfandi	 
787852279	Zist86	
762073670873337857	profesor_abedi	 
871297138877239297	FramerzFrootan	Framerz Frootan
1260254869	sogolkhanum	 
3282859598	TwitterVideo	Twitter Video
1066217317	Dokhtar_hamsaye	
1844148366	farnood	Farnood Foroudi
861486673720483840	daarviishGh	 
2717868820	Nona71117	 
4105753397	romina_heydari	Romina
820189767694303232	fatimaakbari136	 
276450371	alone0girl	 
751782422329581569	tintintemin	 
3889080579	Gh___Ra	Ghazaleh
719135485050949632	booom_io	Booom  
3368098154	nimahooshmand1	Nima Hooshmand
857407126863577089	nikkhah1023	  
138636505	davidpessis	David Pessis
55668161	rasoulabdollahi	rasoulabdollahi
852157580180848641	NazaninAhmadi14	Nazanin Ahmadi
4045189275	teamcamp_me	  | Teamcamp
47707003	5iavash	5iavash Pakseresht
757253124193157120	yasiii_hzadeh	 
859060113797246977	Milad_Khan_	MiLaD
50982885	mahdipa	mAhdi
787616079526948864	sabaef75	Saba eftekharian
305635520	yasersalemi	Yaser Salemi
855321077420916736	Mohamad77296471	Mohamad
840447870	mamsacartoon	mamsacartoon
1010846702	alireza29675	Alireza Sheikhlmluki
30819442	Elham_Mp	Elima
855061007781302273	FakhrodinKarimi	Fakhrodin Karimi
788725794	the_developer0	
854974535032033280	alirezap81	Alireza
854944799270600704	rasoolalahverdi	r a
848938343924740098	kmazaheriymail1	kmazaheri@ymail.com
2274850416	_Mrnakh	 
1404590618	HassanRouhani	Hassan Rouhani
28066831	sinavaliollah	Sina Valiollah
2412846020	PejmanRahbar	Pejman Rahbar
2299909472	keivan_karimi	keivan karimi
834808752767381507	jamalinejad	  
2889560387	vida_rabbani	vida rabbani
851848195151990787	arsalankhoda	Arsalan Khodaparast
847161818925727745	Miiilik	
838643211736211456	arezo_shz	 
2566975149	Alizadeh_me	Ali Alizadeh
728951887190462464	sepsepooli	 
795241199795863552	sadafmontaseri	   
16074627	MarkGoulston	Mark Goulston, M.D.
733023920811614208	tAkDAne	
2973997123	arezoomehraji	Arezoo mehraji
848972666778378241	NavidSedehi	Navid Sedehi
700620295267180544	HHezarjaribi	hossein hezarjaribi
829800763324985344	chistaa3	 
1335813198	samirashirazi	Sami Shirazi
482234152	ShimDashJim	
714506099135803392	mohsa_eft	 
796837816886038528	radiobudio	 
11153652	sunnybashi	Be Sunny
835748845581709316	Jadidsha	
706566147412529152	kinghasti	 
2882807494	lliiliaaann	
1253635922	vagheanke	Shahab Javanmardy
735951431895781376	alllefeh	-.-
524085004	javadheydarian	javad heydarian
3075474801	IranHistoryPics	Iran History Pics
3343292122	Rebelism_	 
2891532419	Farri_gh	
816006973313445890	springiiii	
2657074714	Garsardoon	 
3224350632	ictstartups	ICTStartups
845751498965467136	meghdadsarami1	 
3402436005	Panahfa	PaNa#
4547708806	Tina8pn	 
1399022119	_vaheed_	
782487370264379392	EliElooli	This Is Eli 
814023955270930432	ZhinusPikaso	 
2611680212	sobhansarir	Sobhan Sarir
885034002	chertnevice	 
815616205402816516	elisamavat	
746669434253676548	tavakkoli_elham	elaheye sharghi
818377070854176769	ladyshaghayegh	 
414674400	SZafarany	Saeed Zafarany
16673552	az_koala	
1638715933	shazi_pirloo	
2259194618	Negarineh0111	
802817024632168448	abedishahroudi	 
2744740601	MeysaSh	 
317576817	hekayat_shz	
43531323	mahdinasseri	Mahdi Nasseri
2341795572	hoviat88	 
1262800075	Marii0072	 
803587281479237632	GfrRoya	
2680151262	icanzonesh	
3213965890	parisaa_akbari	  
53406241	bhzdsbt	
2787911245	EmadSaedi	Emad Saedi
791163284686835712	Delaramhssn	Delaram
195485006	Miss8elle	 
737691893283344384	mim_zedd	 
816185921204719616	imbishour	  
1964772620	MohseniMH	Hossein Mohseni
1285261646	M_Shahbandi	mohammad Shahbandi
837184336675889152	nasimbahary	Nasim Bahari
790659917107568640	mermaalad	Ellie Zahedi 
734886377305853953	Sheyda_Arhami	sheyda Arhami
3309679060	beporsim	 Beporsim
3768837255	Roshanyyy	Roshanak At
2905857210	darya5083	Darya
1935696145	hfarashte	
757553675338387456	Qanistupulus	
827285299822620678	RefaeiMahdi	 
791627749496594432	SanazNikii	Sanaz Nikii
743963594409250816	Zhila87254421	parie ghamgin
2154573722	AtiEtipeti	 
178646340	Sharareh_	Sharareh
777250116738617344	amsashia	 
1324546226	Parysatiis	 
300719309	Vahidhs77757	Vahid Hassani
714183117880303617	ghaandor	
721382284562079744	zahr__aa	Zahra |  
808305708	pendartechs	PendAR
2367193327	alivaez20	Ali Vaez
2615173525	SGhanbarpour	Sina GHanbarpour
23741938	hosein6626	Hossein Mousavi
504824664	SMirjahani	Shahrzad Mirjahani
1860797563	tooska70	
2149548061	MSoheilMKA	MSoheil Mohamadi
704788915761389568	mahbano1312	 
938977387	NiloofarLiloo	
754228904093704192	yasharsahaleh	Yashar
27263714	rezasaki	 
791301435375882240	isfmetropolis	   
4144266028	Khoshechinir	
746040588	shahram_sohrabi	
372779092	a_taghizadeh	Ali Taghizadeh
4623165274	Farimah_byt	Farimah 
740128933610442752	kimiya_sharifi	Kimiya Sharifi
816728553555365888	sahardokhtarnaz	....
3014481139	ehsanamiri9214	Ehsan Amiri
767962322895646721	moh3njamshidi	Moh3n jamshidi
827507639886155776	arwin_az	Arwin AZ
4166898197	aminghazime	amin ghazi
23830105	joedamato	Joe Damato
805069747989704704	soori_land	sooriland
14953442	faghihy	Amirhosein
718488102109585408	Ziaowsky	Amin Zia
746001401017315328	_derakhshani_	Hamed Derakhshani
711202450846384129	ali_amanZ_	  
714007841732968448	wZN8sHltG9KwpAj	 ......!
570190120	sinaahosseini	sina hosseini
765414632	PahlavanAli	Ali Pahlavan
96394122	abtahi_m	Mohamad Ali Abtahi
2229049841	Javaddalirii	Javad daliri
714789498442399744	hamedbazrafkan1	hamedbazrafkan
1912306676	AliRezaVafakhah	AliReza Vafakhah
739902006777761792	mortazavi_afg	S.Mehdi Mortazavi
765999490432139264	Nazif_MR	Mohammadreza Nazif
2301576298	bahram_khan__	  
3968651075	thomyorkesgirl	  
734075733522436096	NavidRaeisi	Navid Raeisi
14517156	donyarad	Donya
3317633539	MGhorbanali	
751721055031586816	mah_sadeghi	 
757363864359038977	TannazVakilgil1	Tannaz Vakilgilani
809743447246733312	alimotahari_ir	Ali Motahari
4452251001	northselkie	
813620287711363072	savezayanderood	Zayanderood calls me
4540025172	abbasifard	Mohammad AbbasiFard
4841708497	mo0rch	
3481179625	mahdikeivani	mahdi keivani
609215158	Arm1nE	Armin Ebrahimi
57864278	FarzadRahmani	Farzad Rahmani
2785727192	sz_shaaadi	 
15842280	miladkdz	Milad
37916396	amirsedighi	Amir Sedighi
716654890517442561	parva_rabiei	Parvane
1033921416	Aghil_azadvar	AgHiL
