3271605907	AleeSoumi	AleeS
143655396	aamiri77	Prince Ali
18009781	joshgroban	josh groban
450522640	Butterflygest	A butterfly Mind
279522990	naghmezz	
812993155901640705	smhadimousavi	Hadi Mousavi
746013161711673345	simin_srb	Simin
58961589	vattandoost	Iran   
877342278800490496	alizalizad	 
635183428	AhmadMedadi	Ahmad Medadi
16673552	az_koala	
96343410	Khaaasteh	Reza Khaasteh
291702144	ScM_Habibi	Masoud Habibi
2270005728	BookThief___	Nill
2829788026	barfak6	
3147156490	Retooeter	
14443762	hajagha	
1930349760	MrMamal00k	
273304968	pe_gaah	
30819442	Elham_Mp	Elima
268770489	Unknown321ee	Moe
297884368	AlanEyre1	Alan Eyre
2338555040	bluejoy02	Blue Joy
847449630421827584	trenditter	
2941090939	Shirinnezafati	Shirin nezafati
4791119002	mohmd_mozafari	 
794396225025937408	onsrax	 
552225288	SaraAlef	
1323365461	awat_me	Awat( )
46870594	mehrlran	
2190106878	NazaniNKZM	 
763434874996977664	MakondoMarkez25	 ! :)
775328814448640000	KaleAbiGirl	Blue Floyd
343494492	_Sahar1201_	 Spencer 
1956587779	zahra6991	 
180038801	FarnOoSh_	FarnOoSh
714246015700897792	Maryamnaz1358	Maryamnaz Mahmoudian
742318400203063301	Gorge_Biaban	 
2340960691	gelofen400	
15173446	FaridArzpeyma	Farid Arzpeyma
831519910463434752	mostafatajzade	 
451705078	jahangard4	
1644892543	HisMorteza	Her Gudeness
813694961216581632	kopololmolook	pate
575999970	RojaBandari	Roja
8920142	mimnoon	Masoumeh Naseri
485567742	Baghbaghbaghoo	
542072898	RaakStaaar	 
704361376479879168	HajarRazmpa	Hajar
73314028	soo3_	 
2192166942	Ace__0f_spades	Ace
787963511729184769	SahrasArtDolls	Sahra Rajabi
232184153	joanofarc92	Mylo Xyloto
2948140018	elaheaurora	ElaheAurora
1872820130	soormeh	soormeh
2615173525	SGhanbarpour	Sina GHanbarpour
1613111934	ArminNP	ArminNP
51509291	dazasimetra	RemeVII
856947317789929473	minimalist_m1nd	  
1546354519	sh_janan	
18393192	2littleprince2	NargesAzad
1689118477	Olivier_1369	_
367154974	howshani	
4834721307	amin3mej	 
4825523067	eXtrem0us	Mehdi Hamidi
368827355	alikeyvan_	alikeyvan
37916396	amirsedighi	Amir Sedighi
2373186906	SOYUZ_97	
717671603107143680	Mossartt	MosarT
747538076197601280	zohre_rama_h	:
1116427544	asysepid	
746863766	mamal72	Mohamad Jahani
768363361658626050	aneanesthesia	
528773240	NilSaAr	Niloufar
244937063	sadeghrohani	 
178646340	Sharareh_	Sharareh
162999519	kordestanchi	Saber Kordestanchi
260695909	goliammar	Ammar Goli (Erdelan)
818993579418849280	EmamiSadra	Sadra Emami
498186892	MisterSalehi	
829653977964888064	DorasPersian	 
863192576	Mirza6283	 
159581241	aliinba	Ali Taheri
726678093583228928	elBerator	
226703695	ssahebi	Sherry Sahebi
738377200190271489	sajedesalimi	Sajedesalimi
4125817240	sh_atlantis	Eldorado
723589039	Pearl6384	
156808331	HegaaP	Pegaah
704492390	HajeiWashington	 
810816858463109122	MichelFokol	Michel Fokol
4845704910	NoonooshMahdie	NoonooshMahdie
4776838734	Banannnafish	 
3923372239	bird_loover	mahyar
1143627343	_Jonah_87	
814488739133145089	sepidar_m	 
1034108520	nilihasa	 
238330325	zirwanz	zirwan
171000329	peka1355	pejmn
2229974630	rabbitam__	
348351730	AleinAlien	Alein Alien
1331357930	Negarkhatoun	AbolfazlNegarkhatoun
534369286	MMzadegan	Mohsen MZadegan
2671711217	moimeme_s	Sepideh Hashemi
736565077252378624	happy__reader	  
2179821316	soodehh	Rita
970206680	H0ZEIN	Hozein
228053073	GlobaLeaks	GlobaLeaks
713106278478979072	Mariiiiiman	
1629887622	si_rish	
253707215	DonDiegodeZama	 
2660358254	AFallah94	 
2174821	aziz	Allen A. Bargi
527507433	amir_Rezaei_88	Amir Rezaei
713167257438806017	Free1986Raha	 
104676683	adadpay	Ali Dadpay
131194794	Mrehsaaaan	Ehsan
765114110761586690	EliSoprano	Crazy Cat Lady
534286075	hbanaee	Hadi Banaee
816721494562787328	mehi_golbehi	mehi
22131023	bartolomeew	Barthlmew
837928787996127232	Zoheiirr	Zoheir
2344017453	proMcyon	Maryam
4717726395	AzarMaaliNasab	. 
825065930757541888	milaniabbas	Abbas Milani
1324753417	shinlady17	
58441672	arghaOne	Arghavan
484284489	SirHermesMarana	
4299498374	AliMosajjal	 '' 
966708174	pooriuasafara	Pooriua
1490564120	avarisazad	
4106521684	ARFsh83	  
2164850889	aminkhss	Amin Khalighi
1016112062	pouyamich	
3297632319	mehrodadm	mehrodad
714859824505360385	AidaAmaranta	Aida 
731293116569915392	terry_evey	! !
51916135	Aryaestark34	Arya Stark
223480328	a_abdolahi	ali abdolahi
814063344541978624	obalaghati	Omid Balaghati
18510860	MotherJones	Mother Jones
2233426872	sh_ha_n	Shahed Hallaj
70907968	HosseinMO_	
762815829847277568	Titi62banoo	 
2519149145	baaahar35	
1522239996	elishkh	 
765414632	PahlavanAli	Ali Pahlavan
2210894430	sharifi_91	Mohammad Sharifi
3404209331	H_Hajipour60	 
867130899145662468	e_taa_	
82555110	ab_kimiya	 
95157497	minashehni	mina.shehni
2321143256	MZargarpour	Maisam Zargarpour
73374826	alinzm	Aliuoo 
269284145	tofbeinzendegi	  
751477850365169665	taranneh	taranneh
446054341	MaryamNiki	Maryam
2246051298	minanobahar	Nobahar
507853089	tata_violetta	Tahereh
2676609551	MehranGhandi	Klaus
7160202	symkx	Syamak 
806577315773706241	DehpouyadKawe	Kaveh dehpouyad
2364387988	masoud3d	 
223372811	Hassanvand	Sobhan Hassanvand
600921099	Lunistopher	Lu
815665746323849216	fatemehkarimi74	Fateme_jrs
740425193424883712	zaneshoo	  
469485864	Mrsrsh	Soroush
4849843563	MaryamTaleshi	 
47299753	GhazalGolshiri	Ghazal Golshiri
70667235	namihos	Nami
2769469398	Afra_Jsimon	Afra.
814960950432464897	haydiii_88	
775333387909431296	Tobot007	
709997209916456961	negin_aramesh	neg ar  
1544944771	amirsepehrnia	amir Sepehrnia
4861013172	daroshafaeij	 
820643050305323008	sahar_sadatt	   
451783052	_velGard	
840184267	Delafrooz	 
3674038456	MaliheRiazi	malihe riazi
747751558398500864	qoliyan	sepide
963869858	kashanivahid	Reza Kashani
4772206711	msfenderski	
376435807	AliVaez	Ali Vaez
1125540355	Payamenasim	
2647951	Saeed	  
3741596361	DarkBlueGnome	Sina
2304581796	rajabzz	
29385460	paymanmj	Pay/Man
839705149127933952	Prague__Spring	 
13861312	ehth0n	Ehs@N
1681293510	ehsan7069	Ehsan
326707918	PedoOoL	 
4697911333	TaraKh5	
1122480248	JavidIzadfar	Javid Izadfar
849621031	shakiba_sadeghi	shakiba sadeghi
72901659	atralheaven	atralheaven
747200649138413568	thelittleAmir	 
1126992949	mary_mhmd	
