779024223809437696	7sobhh	7sobh
883022765535645696	shahrzaadmir	shahrzadow
236697038	EbrahimTabar	  
67444327	saman_hf	
857944534436786176	hadis1nrz	hadis
878850022380589056	newmh9	 
4565124497	YouTdii	 
1404590618	HassanRouhani	Hassan Rouhani
2923843697	zaghtweet1	
238229483	kuffmode	Kayson
464215135	alaagol	Aalia
864952866137661440	ZizMou	Ziz Mou
875803216742674432	699ynwa	 
1139229804	ser_serpico	NANI
873677826779734017	samiroww	
831519910463434752	mostafatajzade	 
396405629	maryami3	maryam
1705204854	nusr_ett	Nusret #saltbae
839568197095460870	Saber0074	Saber
2714403018	_Canceling	Cancel
139335493	Admiral_13	
1584066241	alibozorgian	Ali Bozorgian
732294164696698880	apherehh	
860139501460606976	somaye6800	Somaye6800
853662554492735488	pouryia	
852981644420161537	chawtaar	Mr BigHand 
852056086668562432	golnazsoltani	GOLNAZ
1256706829	zat_ara	
4821216310	_WinSmith_	 
3131466466	abdollahram	AbdollahRamezanzadeh
3369245271	mou_seer	
822175024782123008	Ennzocoli	
2564307187	toothlessbear	Navid
764179147	uglyfloki	flki
764964058697232385	4shakhe	
834016652932952064	notion_01	notion
1712460258	___ladyEl	
1011748788	Zanboori	
2156923266	tiyooter	naser
2761328116	Candoooou	
4538783414	azdla	
773817048728207360	kakmaki09	 
1926351276	sarakb91	
711142603	Khoftak	
125139828	nazaninroghaye	Nazi
1330739544	rahhaai	
542922194	hunebt	(-)neeee
183206087	hadiahmadii	
392131408	_sepide	
3472988657	Khale__Rize	 
1963038348	venusmetaling	  
2680151262	icanzonesh	
1488161298	_leili_	leili
751721055031586816	mah_sadeghi	 
3647559792	reyhanehha	REYHOON
1630259731	venosaam	  
743532384516190208	Son_Of_The_BEEH	J
583668898	asfaltekhis	
217861092	ArashGir	 
996638082	Ferrrrri	   
3780415212	lesgiigg	
311955214	uesaran	
1153375556	Kaambil	
750707250612858880	Ronakism	ronak
71771084	essfand	maryam
1079354744	HpAlireza	
262117382	SahariAx_x	
751764121876475905	MarjaSadeqi	Marj Illustration
2957610355	faramooshh	
4710261842	AdasiShakie	
4073941822	__HanR	
3311853538	youngerbrotherr	younger brother
3245408322	Sahbasad	sd
3405249253	arenesmaili	Aren
3343826925	__Saa_13	
1268317310	gholianh1	  
410856472	gheziii	
2829490734	hfs90	
2739841289	unluckylook	  
2208981517	Geor9eAli	
2258754506	monaesf	
700230066	m_h963	 
2327069574	0111khs	 
1867193580	Yokhda	 
2431531934	marjjaaa	pointless
2598275395	_farnazzzz	
210719582	asadgharighi	
51038780	homay_	
15086510	pngle	PnGle SeleYeR
3233549131	RSubutai	 
742159824	MehdiT1	Mehdi T 
472852789	fateme_j	Fateme
285089763	negkhd	
1076891778	sajjadsat	
350238560	noghre_	
2427624403	srnmhda	
33478393	elhammoin	elimin
2889896601	Hombilious	 
1137940129	Khanoomiii_1988	gisu
4250674173	ely_shahy	
3262634951	_samirow_	
15301963	zalardo	Zahraa
397951068	schwifterin	
1137670134	Abandokhtt	
4276084158	anbarbazan	Kasias
4202434203	_Bugles	
264309749	z85510	
3727936577	_kebrit	 
2422359110	sardAAk	3
1162915387	zirsigari_1	 
231180234	onlymuratt	
151349203	Kutlas_e_Kabir	Kutlas
2203231058	felaskechayi	
1106275189	kalegondeh	   
707440129	FaziasS	
1522028761	musaesmaili	
45604639	Naznoush	Nazanin
755142367	sakene5	 
2227308599	Pepper0nii	 
474457553	msihusi	msh
129279460	petroCna	
2241127988	Mndiiiy	
181078043	Errfands	
2657696780	Golnea	Goln
2282006784	MissMiiiim	
2588075474	Jeberson101	
2205167191	donya_meinhof	
739251613	pirate37b	
1646226361	Raavii_	
141475921	leyleaf	ley
42804157	S090L	
195295198	guilaneh	saba r
576495812	mndctld	
1371618385	Rouhani_ir	 
3276597846	TMoheidin	
14516781	3tareh	3tareh
2442617371	Sesheh	 
1577623176	SharareMishavam	   
255038870	1masochist	
1962558661	_rezZza_	reZa
287088046	ReviverOrator	
1420440420	Honismack2	h.o.nismack.2.
803786935	__F_a_T_i__	8888
813630798	89darvinjeh	Li Li PuT
323127279	stere_kh	
268447783	hesamism	  11
1180588441	GholianH	  
1895233676	ForEverOskol	
3337329621	ambooli	
2196627649	shaboonmI	
889782678	sanatayulmaz	snz
1065252554	aahoovism	
2582005813	Helmar_kh	
1872820130	soormeh	soormeh
14864068	niraa206	 
1600494840	il__virtuoso	Amir
40445053	n4Cr	Nasir
19758530	elsereturn	
3009900139	kayotRaRa	
2693599770	_alphamin	min
1089662899	mino0ol	
2320649540	_OhReza	
296382255	shimzing	Bored 
1391562487	jimbeltarin	jimbel
403668878	Abestanioooos	Abestanioos
70338768	AminLotf	Amin.Lam
544584414	hessamsba	HE
1490302489	fahim_te	
366559590	BeingNimra	
1058107008	Sanazz_h	SaaNaaZ
856259738	Mohsennsaba	Mohsen
1188774008	bahikh	
1488935436	ne4gro	
2615612538	Erfan_777	Erfan
540824037	DokhtAban	zohaw
309863890	ahamid1989y	
629107318	EyL0t	
552252520	engmahyar	
3172908592	9sshhss9	h.sara.h
2235133873	o0nfs	
49149284	7_________8	
404218200	ahooel	Ahoo
1691157427	elnoraaa	el
1328751476	Negaaru	
806453748	danydanyfa	
528771986	zhivannn	
2683632479	mammadsein	
3203149822	Edvaardoo	
533118771	amiirbr	amiirbr
757892550	franny_ftm	franny
519773434	SaharDery	
268958654	OstadAssadi	OstadAsadi
1904550685	St_ErFun	Shut Up Head
2932856324	eynmim_	
465363827	Masooti	
1920731322	intheWISH	
362518723	Rebe__cCaa	 
403999527	Coffeeelizard	Coffee Stark 
2724965099	maskandartabbat	
1670630851	O_RedHair_O	   
