864952866137661440	ZizMou	Ziz Mou
719076832	mani_arch1404	
2234816707	ShabnamRahmati	 
848991293971857408	shoultzone	Shohab
2933173953	shervinsaa	
877276158139748354	Rez_1_one	rez-1-one
875803216742674432	699ynwa	 
1317096660	R450001	Rasool
2609363460	iliya313	MISSING WORD
2683632479	mammadsein	
571964518	TrollFootball	Troll Football
814231264765026305	Eshaq_jahangiri	 
1413989882	Hosseien	 
96394122	abtahi_m	Mohamad Ali Abtahi
1136798288	Lil_Miil	 -
803925117621387264	M_A_Maaleki	M.A.Maleki
1655961289	khengekhoda	
894875454	AghBahman	Agh Bahman
2233134438	SadraMohaqeq	Sadra Mohaghegh
94305172	arminoza	Armin
2748835769	Seyed1841	Seyed
1872820130	soormeh	soormeh
3208303877	nahjolbalaagheh	
582887565	PerspolisFCIran	 
1691574356	SharghDaily	 
599637777	velgard100	   
751721055031586816	mah_sadeghi	 
809743447246733312	alimotahari_ir	Ali Motahari
2303142614	idinsayyar1	 
3124214812	pmiliii	  
2249057784	eshghi15	
255038870	1masochist	
96130616	alborz_z	Al
578568954	tanuchkaa	
232814544	Hossein_Aghaa	 
2489759365	Hamid_wood	 
80556837	dsahba	sahba
309863890	ahamid1989y	
873867872	Teymoursg	
457676025	sepiiidegh	sepide ghh
1043632808	AbdolFakher	 
2714403018	_Canceling	Cancel
1500491118	imanbrando	DON iman
2249564136	Teradiator	
315178519	black_m75	MamadReza
730654559417323520	_HADOL_	
1554405398	mamaly9	  
51038780	homay_	
434442640	shaakhtaar	Shakhtar
2208981517	Geor9eAli	
2265783968	re302za	 
533118771	amiirbr	amiirbr
43865592	vahidlp	
2314077164	blopblipp	Not like I'm Maddie
602629562	Ferinaando	
1423188918	M_Asmmm	
1495951248	hosseintanha89	 (UNESCO)
853290625	TwitteeTod	
979042861	behzad_bh	shex
2285581932	ehsaningg	
1711145732	ahmad_ovski	
1100641922	Mrqauf	
1920731322	intheWISH	
2320649540	_OhReza	
1256706829	zat_ara	
510074074	aalset_	
3009900139	kayotRaRa	
2255375036	LUMPY_54	LUMPY
630294980	1st_nafar	
