330836615	HanaRoshani	  
1511480538	__Bernard_	
725593922773356544	anaghilou	Anahita Naghilou
875398623781060608	SetareArani	SetareArani
858665721362075649	aly_jnb	ali jnb
168827211	Jooyande7	Mohsen Elhamian
716254104746635264	New_folder3	wiran
2439597240	Nima_Rafiee	Nima Rafiee
2321143256	MZargarpour	Maisam Zargarpour
3123206131	SepAssadian	Sepehr Assadian
3718940728	KianaMsqt	Kiana Masqati
1160792402	yekvakil	
1537546399	ebisonghori	Ebrahim Songhori
580178331	metuuli	
340295403	amMoriss	Moriss
127178635	ghargharak	
814587438433566720	CityPlusio	CityPlus
708590255658631168	1Bahmani	 
14372881	ponez	Shahriyar Jalayeri
28506038	ROWGHANI	Ali Rowghani
851186784	sanjaaab	
17516114	hallaji	Vahid Hallaji
250334247	aryamazaheri	Arya Mazaheri
223480328	a_abdolahi	ali abdolahi
381390041	mhsn_nsr	Mohsen Nasr
719039958	KamaleTassof	 
2623211	alephmim	aleph.mim
353739343	oliverteeut	 
4628489566	takanume	
723990333734944768	m_13archi	 
274090263	hamedtaheri	Hamed Taheri
735457824403259392	sinanamdar	 
575709466	ArmanTaherian	Arman Taherian
3242368285	Rockkettto	
3177061323	PasKoocheh	
605155763	sia_mac	Saa 
182803171	navid66	Navid Kashani
269941857	mozhgoun	
211109927	shatobery	Shahin A. Tabary
2200689324	EhsanAhGh	Ehsan Ahmadi Gh
12839222	saeedmsdi	Saeed Mashhadi
236510048	pariius	parius
3246588672	abaharian	AB
19758530	elsereturn	
556833733	SWTehran	Startup Weekend THR
11397942	Lameei	Mostafa Lameei
867187434	feriinoosh	Feriinoosh
81065874	AbbasMHosseini	Abbas Malek Hosseini
47916486	amiriano	AmirArsalan
99047235	farhadex	 
101311106	momekajo	mehdi
309064867	ArashBarahmand	Arash Barahmand
396450103	saeed_fard	Saeed Fard
618068420	khashayargiar	 
17738399	sallar	Sallar
76172541	MilaDnu	Milad
418076619	hadihadda	Hadi Haddad
2279281220	alinshahab	Ali Nemati Shahab
2320505144	mohsen_barati	mohsen barati
29031508	ArmanPlus	Arman
12629792	atakhalighi	atakhalighi 
1077233186	MrShabanali	M.R Shabanali
1580884105	hooshmandk	
2796086408	stshowir	 
66491046	hoomanrezvani	Hooman Rezvani
1597869073	___saraab___	
223202535	itiransite	ITIRAN |   
20533840	majidalavizadeh	Majid Alavizadeh
2471316128	zhilevan	zhilevan
15207420	pooyaz	pooya rajamand
3986051301	AppcharCom	
14196161	alireza1356	Alireza
14170710	ehsandiary	Ehsan Diary
1607955728	Peivast	 
51964398	emtized	Emtized
71482204	exavir	Farokh Shahabi
298759096	nazdnr	Nazanin Daneshvar
670643	mhmazidi	mhmazidi
47256060	alibangi	Ali Bangi  
1617526993	radiochehrazi	 
230507750	hamedbd	Hamed Bidi
56319902	MasoudFatemi	Masoud Fatemi
24901663	agharoobahe	 
400062723	57muel	
231759271	MehdiBahraami	Mehdi Bahrami
16864971	alirezashirazi	Alireza Shirazi
6029522	jadi	jadi
180334190	iahmadina	Ahmadina
121077756	Rouhania	   
255038870	1masochist	
13058682	amir_abbas	Amir-abbas A.
15306499	aliajafari	 
42935219	nakhjavani	 
146793905	saman_soltani	Saman
470857299	AuHasardBalth	
250832083	alireza_mirian	Alireza Mirian
108229748	wanderTheWeb	ehsan babaeian
155582335	davodm	Davod
212687187	Tofangbazi	
614574504	navidbehrangi	Navid Behrangi
171116097	AliGondo0o	
1575360636	tnapurity	A.M.A
