18424473	_Cafe	Cafe
1423188918	M_Asmmm	
2754330819	Ashkan_hn	 
2256186895	Alireza_Moein	 
37413528	Parpanchi	Mehdi Parpanchi
1648719602	m_bayatzanjani	mohsen bayatzanjani
878850022380589056	newmh9	 
3606333976	_mzn665_	Mah
865887985199448067	stolzam	saber
795241199795863552	sadafmontaseri	   
3367994644	farshadxrii	Farshad T
3271605907	AleeSoumi	AleeS
32460469	Leemou	Neda
62634095	amirassan	AmirHassan
1403886157	RFatemeh	Fati
803545652135362561	xakesque	xak
814063344541978624	obalaghati	Omid Balaghati
16914220	baharnarenj	
2657696780	Golnea	Goln
883299758785282048	may_mkm	 :))
859822332478726144	mozhgann_70	Mozh.r
706985351571709952	iAhmadoo	iAhmad
1490525245	pesarack	
723594638	shahe_shahan	  
132898764	mohz67	
841665113836904448	NMorshedzade	Nafisemorshedzade
107223327	nafisehkBBC	nafiseh kohnavard
804474150	hermandovo	Amir
2267404705	0sefr	
860139501460606976	somaye6800	Somaye6800
704888193754116097	Sami8094	
1201045933	BBCBastani	Hossein Bastani
4872224901	mohseni_1	mohseni muhamad
335488613	oloollol	 
45936656	fakhraie17	Pooyan Fakhraei
817442973893857280	Feryalthegirl	
2337222685	davwvod	DavoT
1946196584	navid_bhz	Navid Borhanzehi
1650001394	Hadiiaan	
3052657133	SamirBinTuta	  
796345333999607808	Vaziat	
799985566590922757	haafezeh	
4478539653	barlas_murtaza	Murtaza Barlas
294014531	GoodbyePaterson	 
246539682	nakhae	mohamad
3143094618	shahrvand_paper	 
866382409876590592	Maashaallaa	
19919875	kambizhosseini	Kambiz Hosseini
1527271645	tinoktinok	Tinok
799018152562753536	nimafas	Nima
712203671258451968	Gavrch	
751721055031586816	mah_sadeghi	 
822175024782123008	Ennzocoli	
1205343776	allexsupertramp	..
1600742850	mowlaverdi	 
1588420616	Jedaaal	Aliz  
4897803268	h0d3r_fa	 
852981644420161537	chawtaar	Mr BigHand 
852056086668562432	golnazsoltani	GOLNAZ
819981807689039872	najafi_tehrani	 
858394645885313024	IPPOGroup	IPPO
801272664333647872	YekRay	
71771084	essfand	maryam
3271928300	ghobbe	S0viet
2560960958	meisajd	meisaj
2784511987	Atlaaan	
751176025	kevinmiston	Kevin Miston
306801715	szamanzadeh	SZaman
2492359679	93_shahab	  
2282006784	MissMiiiim	
427552437	bramezani	Babak Ramezani
818974708360060928	phebelooism	Phebeloo
835934937081655296	LotfollahiAmin	Amin.L
1596117578	RZA_the_2nd	Reza
472852789	fateme_j	Fateme
2761328116	Candoooou	
4189631008	tubocasequivoca	Soledad
1332127904	M0rpheu3	 ()
822517901294845953	HalfOnionInABag	Half An Onion
948476688	mimrasouli	Mim Rasouli
3258228709	_Solale	Solale
396405629	maryami3	maryam
606066557	cav_iar	Payman
183206087	hadiahmadii	
743532384516190208	Son_Of_The_BEEH	J
2617132201	imanh	O2
854595619	sosha999	Peyman Yazdani
723021815271055360	_whoRUkidding_	~
2214869083	BehnoudMasoud	masoud behnoud
4867091386	channelBpodcast	 
14746535	Nilie	Nili
717671603107143680	Mossartt	MosarT
242890784	ari_mah	             ArASH
727184171915993089	1shekastani	blank
242675590	shahabodiansari	 
410632639	pharshid	Pharshid
713313773038223361	soshiio	Baphomet
1522028761	musaesmaili	
2706416816	bayusaan	Sheikh Arsalan 
4836726076	tannazZz7	
4565124497	YouTdii	 
151823945	arhnm	Amirhossein Mousavi
542118369	Ashitaaka	 
390717525	teztezoo	Mahshid
2647609783	_Dogmatist	
973490311	BacheGorbe	Adagio
2233134438	SadraMohaqeq	Sadra Mohaghegh
3195876470	8Retro	Retro
4717726395	AzarMaaliNasab	. 
1546354519	sh_janan	
2286253674	saman0018	 
2711956260	Sel1z	Sel
963224328	DreamerSheba	 
446198169	MaraaNuo	
3879133462	AliBayayii	
2541217467	IRAN_Dhampir	
461187378	Tarsefed	
268958654	OstadAssadi	OstadAsadi
415856693	3lebriti	SELEB
1449249954	poonehirani	Pooneh Irani
3422770163	hamash110	
4710261842	AdasiShakie	
270375773	0ff_again	us
522169393	SomayehN	somayeh
27992411	ablomof	
45681993	Saba1981	
3407797169	_Saayeh	_dass_
3123714614	Faarrraaaah	  
3075474801	IranHistoryPics	Iran History Pics
210719582	asadgharighi	
24396140	darvish23	 23
484921502	un00sha	
1388907636	MehdiOloomi	Mehdi Oloomi
819615408	rezashad	Reza Shad
357035792	Viiidaa	Vida
353739343	oliverteeut	 
409103921	NangilaA	naziii
3297632319	mehrodadm	mehrodad
57276671	elllegreen	Eli
6828	KingQuaz	   
16326063	samousavia	
342875391	haneud78	
624482361	cdaal_paydar	
635071709	agha_sl	agha_sl
82099695	Nostra__Damus	   
1633718743	Jeddanmaster	 
591844839	P3Dr4m	
1920259278	KabezTela	Kabez
700230066	m_h963	 
4015758021	grzngi	
2889896601	Hombilious	 
279522990	naghmezz	
3727936577	_kebrit	 
4624773153	t_alidoosti	Taraneh Alidoosti
136010577	alirezaftm	  
1915012974	historyepics	History In Pictures
2717614346	huussb	
1649616901	MasoodMoini	masoodmoini
2958304667	gorjico	 
14341131	roozbehdotnet	
169179541	mamlekate	
3203149822	Edvaardoo	
755142367	sakene5	 
3900937816	_zirwan_	zirwanz
2427624403	srnmhda	
3848862313	__ft_	 
2598960999	KhatKhati_P	 
788571313	aaahhmmaaddd	Ahmad
2924459980	yakhdoonsabz	Bootteh
3882682708	Thorinoakendish	
3423711914	Mr_amiri2020	 
3151758239	derSteppenw0lf	steppenwolf
33478393	elhammoin	elimin
3224160826	kargardoon	
110972781	trumangray	Truman
3305613461	hadie_k	Hadie K
248525138	alchemistlilith	lilith
2683632479	mammadsein	
70338768	AminLotf	Amin.Lam
451705078	jahangard4	
953374298	soheil2058	 
754918338	foreverbedehkar	
1511480538	__Bernard_	
2540088943	mahyarAg	mahyar Ag
313764078	latimorato	Vagabond
2303142614	idinsayyar1	 
1627725895	ahangar_hassan	
1161795360	AidaAhadiany	Aida Ahadiany
621786437	_a_k_i_n	
407278040	alskvrda	
2693599770	_alphamin	min
2963943623	nmuseaoe	
1530332280	ArezooA_	
87653387	zekipedia	
521253979	Af5anehha	Afsaneh
1180588441	GholianH	  
130549887	BahmanKalbasi	Bahman Kalbasi
2320649540	_OhReza	
411483717	K1sadri	
554534768	shaghaaa	sha
