3879133462	AliBayayii	
2446077384	Aftab_Naghashi	Narges Moosavi
820738028536791040	RoundYearF	Round Year Fun
886851477599379456	synusi	
2657696780	Golnea	Goln
323127279	stere_kh	
156605463	mirzaadamjan	 
2769714516	LalehMonsef	Laleh Monsef
876488607703351296	VandiSam	Vandi
853290625	TwitteeTod	
3271605907	AleeSoumi	AleeS
860302354821910540	BehrangRajabi	Behrang Rajabi
806080675	mowtion	
796742863912632321	kheradoo	Ali Qanavati
16864971	alirezashirazi	Alireza Shirazi
1015258032	BabakZakeri	Babiish
755784580825833474	GertruStein	Raavi
17324308	nafise	nafise
252771727	Taiwanii	
4452251001	northselkie	
3052657133	SamirBinTuta	  
381361654	mahsaee	mahsaee
746747167335940096	AshkanKhorasani	Ashkan Khorasani
4705551966	v6rgdotcom	v6rg
279585574	mr_pen	ali amini
622301034	vahidmf	vahid mf
852056086668562432	golnazsoltani	GOLNAZ
3003039241	lawliet_90	xanefar
747320835728277504	Parnassus1871	ParNassus
2623211	alephmim	aleph.mim
47298953	goftogu	Ali Honari
183206087	hadiahmadii	
845856412551000065	mamadimami	.
99999538	Mirzadeee	
1081021026	MaryHarmonyy	Mary Harmony
2279168016	NsinTR	n
332954705	v1d__v1d	Nveed
2703527899	maryroost	
16715457	asalakhavan	asal
3390708399	banafch	
835934937081655296	LotfollahiAmin	Amin.L
2909024749	LeilaSamani	Leila Samani
3112094744	ReyhaniReyhan	Reyhan R
4738510044	_eve1_	
4912093401	radiodeev1	Radiodeev
3706223712	SeeYouinIran	See You in Iran
4474681	parastoo	Parastoo
3247703020	MenschOhneMusil	Mordecai
818408371854409728	boktanbulut	benam
716300327289368577	a_eslaminejad	A.Eslaminejad
793404671293583360	tsedgrof	fog
736414496852299779	ZahraAyatollahi	Zahra Ayatollahi
252192282	delshade	Delshad Emami
3292866378	LeilayeLeili	Leilaye Leili
742397045256953856	aidinhalal	Aidin
609146118	Noushabeh	
210719582	asadgharighi	
3240737464	Ata_3f	
949421389	m_sharifi121	Mohammad Sharifi
2237397852	amirebtehaj	amir ebtehaj
1228319875	Golrokh88	Golrokh
55186127	HoseinVahdani	Hosein Vi
11748692	bamdadi	Bamdad Irani
704617394333810690	ashahrabif	Abbas Shahrabi
1349187420	fkeshavarz	Forough Keshavarz
749551939483004928	bahmandaroshafa	 
4070890694	Ctrl_STD	Ctrl+S
407315593	_sheved_	
222682480	_ZedZed_	
43680503	aydeen	Aydin Salehi
47000864	payam_f	
3245988709	Mohamadvalii	Esmaeel
212861860	ComiserJacobs	Nikbakht
38638966	Kelishe	
2889896601	Hombilious	 
4849843563	MaryamTaleshi	 
93448934	sareghorbani	sare ghorbani
587885385	amiryaghoubali	Amir Yaghoubali
287088046	ReviverOrator	
57276671	elllegreen	Eli
14498809	smto	Somayeh Tohidlou
4821438778	TalaShad	
253971447	Omid6887	Omid Rezaee
3314223935	SohailjanFA	 
540135012	EmilyAmraee	Emily
57204216	Emaadb	Emad
22817560	MithraYousefi	Mitra Yousefi
66098953	Taymazimi	Taymaz Azimi
255038870	1masochist	
624031683	mooshtebol	
4621229295	mohsen_azarm	mohsen.azarm
3674038456	MaliheRiazi	malihe riazi
3204018261	baharanegh	beghball
713313773038223361	soshiio	Baphomet
3405249253	arenesmaili	Aren
2971106949	SeifiFarnaz	Farnaz Seifi
1542912613	rahelehr	raheleh.r
181078043	Errfands	
1522028761	musaesmaili	
946338937	hid__	Nah
1631343384	petitdelta	
403999527	Coffeeelizard	Coffee Stark 
4558668389	zamzamti	
264309749	z85510	
381797777	mam_mad	mohamad.masoumian
70338768	AminLotf	Amin.Lam
242807567	_aTaha	taha
2693599770	_alphamin	min
518681801	fhinese	Hamed
1530332280	ArezooA_	
3311853538	youngerbrotherr	younger brother
2573205648	kour20	
1584066241	alibozorgian	Ali Bozorgian
2511871525	zenomek	zeno
179404703	Nasim____	ns
425985598	notoall	Sraan
3080762480	Sleimoni	M-hdi 
1969083710	sepidefa	
578568954	tanuchkaa	
411483717	K1sadri	
927276392	zafmaaar	Zafmar.jpg
2362474561	_Taaher	TaHer
43288974	elrazez	Al
2180633748	MehdiAHM	
1689118477	Olivier_1369	_
353739343	oliverteeut	 
2314077164	blopblipp	Not like I'm Maddie
2320649540	_OhReza	
979042861	behzad_bh	shex
96130616	alborz_z	Al
397951068	schwifterin	
2564931008	Seeeeher	
2228762088	1hoseim	Hosein Norouzi
123577879	aazaad__	Merkwrdigeliebe
707497585	Nazaniin_	
403686789	mm__amin	
511883965	Mosht_aba	Moshtaba
601234471	colonelaorliano	colonel
457676025	sepiiidegh	sepide ghh
404218200	ahooel	Ahoo
1663018050	Juani____	Juani
270375773	0ff_again	us
1511480538	__Bernard_	
1110143388	Sany___	Sanar
434442640	shaakhtaar	Shakhtar
956058134	Berouz_	
15086510	pngle	PnGle SeleYeR
203678193	shomare29	29
630294980	1st_nafar	
294014531	GoodbyePaterson	 
2255375036	LUMPY_54	LUMPY
480737104	HamedTabaar	HamedTabaar
475664526	taraneh16	
1542988380	shaahin1368	
14873102	ArashBahmani	Arash Bahmani
238330325	zirwanz	zirwan
109707441	albarezzahedi	Alborz Zahedi
135679428	danimoh	
1691574356	SharghDaily	 
2303142614	idinsayyar1	 
4921131	nima	Nima Akbarpour 
4782551	Vahid	Vahid Online
171116097	AliGondo0o	
14690170	PhillipOfAjam	P
403668878	Abestanioooos	Abestanioos
371875071	khers69	KHERS
1161795360	AidaAhadiany	Aida Ahadiany
293681367	marzie_r	Marzie
