725777660085940224	_MostafaAkbari_	Mostafa Akbari
747026003583721472	3nowbar	
99999538	Mirzadeee	
571259119	hamidjanipour	Hamid Janipour
713810570705653760	ManiFarsaie	Manifes
97617682	Shadibeyzaei	Shadi Beyzaei
701484140206673921	kommunia	communia
314792669	pinkfloyd	Pink Floyd
728918606	rogerwaters	Roger Waters
4621229295	mohsen_azarm	mohsen.azarm
1978984752	awkwardpuppets	Awkward Puppets
96059519	rudymancuso	Rudy Mancuso
2174141100	Azadeh_pak	azadi paknejad
866382409876590592	Maashaallaa	
3284433818	ShirinNr	Shirin
16312576	EW	Entertainment Weekly
1349187420	fkeshavarz	Forough Keshavarz
14873102	ArashBahmani	Arash Bahmani
2722848061	Keykhoon	
425985598	notoall	Sraan
130549887	BahmanKalbasi	Bahman Kalbasi
3044877227	Khatamimedia	Khatami Media
47813521	JZarif	Javad Zarif
1371618385	Rouhani_ir	 
1634854514	khatami_ir	Mohammad Khatami
197264075	quote_friends	Friends Show Quotes
403686789	mm__amin	
821885828	hastaloo	Hastaloo
183206087	hadiahmadii	
519286880	MNaemeh	Morteza Naemeh
55186127	HoseinVahdani	Hosein Vi
1037092932	lusinafer	
840139878	BavigForough	bavig
1691157427	elnoraaa	el
803545652135362561	xakesque	xak
722033390208335872	Westerosir	 #
42385985	halVlid	Ham!d
3339412221	kulturkervaniIr	Kltr Kervan-ran
236349116	kasra_nouri	kasra nouri
784498983716675584	AlirezaRoashan	 
732208864725217282	A_a_A__a_A____	arwen
970206680	H0ZEIN	Hozein
472852789	fateme_j	Fateme
854595619	sosha999	Peyman Yazdani
407315593	_sheved_	
114165346	tehraner	Tehraner
522878221	shaataqi	
2445807229	ArtPicsChannel	Art Pics Channel
760437030	HamediEbrahim	Ebi
1422957211	3pnood	UFOBB
785510422875021312	cutiesoverload	Cuties Overload
718048707791437826	elahekhyegane	Elahe.khosravi
464225105	arashpahlavoon	 
2214082525	SaraNoshadi	Sara Noshadi
749551939483004928	bahmandaroshafa	 
751176025	kevinmiston	Kevin Miston
815154493671309317	kaviz_express	 
4921131	nima	Nima Akbarpour 
2623211	alephmim	aleph.mim
1160106757	El_Hypnos	
411483717	K1sadri	
2766257868	K1Tadbiri	K1
15015672	Raaadin	
598600732	jackthefatalist	
810910346156376064	roozbehvld	Roozbeh Valadian
255038870	1masochist	
2889896601	Hombilious	 
323127279	stere_kh	
253707215	DonDiegodeZama	 
628118074	rezahn56	Reza Haghighatnejad
498177610	TheFunnyVine	Best Vines
2441831348	oldpicsarchive	Old Pics Archive
156605463	mirzaadamjan	 
1495951248	hosseintanha89	 (UNESCO)
4867091386	channelBpodcast	 
76949162	pedestrian	Sidewalk Lyrics
920317916	bbckalbasi	 
2721296281	JalalSamiee	Jalal Samiee
480737104	HamedTabaar	HamedTabaar
1580884105	hooshmandk	
429560383	AydaPour	Ayda Pourasad
562784876	FRIENDSshowsays	FRIENDS Tweets
1396161031	FunnyVines	Funny Vines
210719582	asadgharighi	
3708275903	restot50	restot
4907934826	atiikey	ati key
581554897	papakoorosh	Koorosh Ranjbar
403668878	Abestanioooos	Abestanioos
540135012	EmilyAmraee	Emily
873867872	Teymoursg	
484284489	SirHermesMarana	
4223383694	ClemKruczynsky	Clementine
4382567835	VaghayeDaily	 
2370842576	et0ilefille	 
264056767	zadsarv	Zadsarv
15846407	TheEllenShow	Ellen DeGeneres
1582853809	HistoryInPics	History In Pictures
1480319263	35degree	35
273478225	xentrixus	 
3124352347	ataasadeghi	Ata Sadeghi
72492752	deraakwordpress	 
3075474801	IranHistoryPics	Iran History Pics
2945599269	siamakansarii	Siamak Ansari
451783052	_velGard	
979042861	behzad_bh	shex
2169040444	GoT_Cast	Game of Thrones Cast
518681801	fhinese	Hamed
434442640	shaakhtaar	Shakhtar
3739682116	SheTweeting	Shahrzad Beheshtian
54133469	alireza_rezaei	Alireza Rezaei
2716942388	parsiyak	Pardis
46061625	NewshaSaremi	Niusha Saremi
151349203	Kutlas_e_Kabir	Kutlas
13832792	EbrahimHeidari	Ebrahim Heidari
1270953186	KayhanKalhor	Kayhan Kalhor
14674260	RadioFarda	 
97251203	behnam2k	Behnam2k
35201190	digaran	Meitham
16829914	alooche	Alooche
388195837	samadbeygi	Behrooz Samadbeygi
17030435	khashayarsha	Khashayar Joneidi
18424473	_Cafe	Cafe
510074074	aalset_	
1691574356	SharghDaily	 
2495920369	minimalismar	M I N I M A L I S M
3028230143	NedaTaiyebi	Neda
476199422	awkwardgoogle	Tips & Tricks
215537170	Laughbook	TED
16548023	9GAG	9GAG
145978797	NeuroNiMa	 
24375268	india40	
4565124497	YouTdii	 
504767598	1mohitban	  
306749095	Porteghaletalkh	
343875193	teeyamaat	Reza Zavari
14341131	roozbehdotnet	
302860174	chapdast	Aka Lefthanded
751764121876475905	MarjaSadeqi	Marj Illustration
295896090	Diandowsky	
2365857397	tachurvan	 
2325402652	akhareen	
46844100	Stalag17_	
400062723	57muel	
3556885452	kingpoto	Photos
2416257290	roshannorouzi	Roshan Norouzi
55796372	ashourinia	Arash Ashourinia
712203671258451968	Gavrch	
1872820130	soormeh	soormeh
96130616	alborz_z	Al
727941805405290498	SalehTasbihi	Saleh tasbihi
321882513	Baahaaraan	 
2233134438	SadraMohaqeq	Sadra Mohaghegh
2885302458	leylikarimova	Leyli Karimova
404186516	misterbex	Bex
2303142614	idinsayyar1	 
4782551	Vahid	Vahid Online
1617526993	radiochehrazi	 
968061396	BaharehFaris	Bahar Faris
967990669	Banafshehfaris	Banafsheh Faris
1032451255	hosseinshirzad	 
602629562	Ferinaando	
1920731322	intheWISH	
2256186895	Alireza_Moein	 
894875454	AghBahman	Agh Bahman
1667371002	plaque9	
14690170	PhillipOfAjam	P
2255375036	LUMPY_54	LUMPY
853290625	TwitteeTod	
371875071	khers69	KHERS
1161795360	AidaAhadiany	Aida Ahadiany
1584066241	alibozorgian	Ali Bozorgian
2228762088	1hoseim	Hosein Norouzi
