2781800388	TheNadiest	 
1171908210	asmane	
2731886933	nazaninmatinnia	nazaninmatinnia
14885493	damoon_k	
471022109	9GAGTweets	9GAG Tweets
3945972795	ItMeIRL	me irl
849107322	NoushaTava	
1685936720	Animmina218	Mina Akbari
721654613410230272	ashkanismo	Amaxland
491548301	SMoslemi	Saeed Moslemi 
22296977	chalist	
2554773349	golabtoonmd	 
2644197410	Snapp_Team	Snapp 
1512833803	nimanifest	Nima Rasoulzade
57360803	MiMjan	
3364272279	meyssssssssssam	 
544318453	g0lnar	
804474150	hermandovo	Amir
108146158	Favstar_Bot	Favstar Bot 
2573385548	ninochkkaa	
396775293	melzinro	elz
1914769632	Naghmehras	Naghmeh Rastegar
2517118753	Ghrzmj	 
404186516	misterbex	Bex
198324192	Rol3erto	
580836808	simin50682999	simin
747854959836749824	MahsaaHekmat	Mahsaa.hekmat
723924583083053056	kaaqaz	
4892081189	bookcitymags	bookcitymags.ir
239313282	saatchi_gallery	Saatchi Gallery
1673735821	SShahsiah	 
2751461283	logosporn	LOGO DESIGN
280996234	thekamyar	Kamyar
3284433818	ShirinNr	Shirin
381361654	mahsaee	mahsaee
2233134438	SadraMohaqeq	Sadra Mohaghegh
3084788147	macholand_fa	
724057606440902656	Mahzadel	 
970302740	nillzhe	 
1580884105	hooshmandk	
814231264765026305	Eshaq_jahangiri	 
2653294999	ki4n4f	Kiana
14490065	azoli	azooli
824283145855967234	factnameh	
446148324	MddMim	Chawan
818676647939477504	cyclamineae	Raha 
1600742850	mowlaverdi	 
536250646	2na2nz	
854595619	sosha999	Peyman Yazdani
860302354821910540	BehrangRajabi	Behrang Rajabi
1080275058	rouzesfand	Rouzbeh Esfandarmaz
828292841147351040	z_mousavikhamne	Zahra Mousavi Khamne
64023775	Aida_me2	Aida
814904788408266754	mrpsychologist_	Mr. Psychologist
203843716	sushyant	Sushyant Zavarzadeh
1180588441	GholianH	  
1050897936	__mahtub	
858619959316013056	p3d7am	pd
4719367442	j30_j30_	
864952866137661440	ZizMou	Ziz Mou
858582165898088448	dukshi1	
1561145676	ltsHarryPotter	Harry Potter
178284525	gelsominaam	
4825722189	Sh0hHhr3h	
730265270	MO0hamMad_ReZa	  
738453066341441536	A3ydmehdi	  1975
602992485	LeStyloRouge	mesdames.
865330616568557568	meeh_rayisi	MEEH
2355474654	Sandoogh	Sandoogh 
849887955527368707	jebhejavanan	 
30640023	khashayar7	khashayar
57482564	BehzadBani	Behzad Bani
860964994988597252	Se4Saal	    
14567230	1mahraz	mahraz
239078394	gollpar	Golpar
3353391599	Mahsaf7	Mahsaf
848660859178147841	MehrangizKar	Mehrangiz Kar
14631088	goolih	
1018070677	_Jenab_	 
862975404	xplusboy	  
835806895	mohammad_vahidi	
278658275	coo0per	
136627335	LifeFacts	Life Facts
385002135	p_la_cebo	(  )
1234768950	neb_____	stephen
2437655180	coupIegoaIs	couple goals
471434443	sami_tu5	
145211238	a3dAliii	 
1324753417	shinlady17	
2657074714	Garsardoon	 
2716942388	parsiyak	Pardis
483344180	commod0re	
97617682	Shadibeyzaei	Shadi Beyzaei
1345320942	_mamaan_	
600921099	Lunistopher	Lu
619441647	khabgard	
3899218528	Hasodbanoo	
2574410834	ghaz0olix	
3513699208	Ghazi_0105	
3622364902	ali_p2703	 
742402098	Namak_1	 
4884383909	foroughshines1	
472852789	fateme_j	Fateme
838376226989441025	liptontea1396	Lipton Tea
2543813160	HrXIII	Herr 13
211984011	SelfConflict	SelfConflict
1422957211	3pnood	UFOBB
14743763	slt_fa	
711633566367674368	the_shemsu	Shemsu
754067589190606849	s0niiia	Sonia
2885834694	alibiqam	Sir_alibiqam
835039363805425664	sanaz_q	Sani
747751558398500864	qoliyan	sepide
837022149579800577	afikhanom	Afsaneh
43680503	aydeen	Aydin Salehi
27955781	Firouz_Naderi	Firouz M. Naderi
717349448523902976	pulsante_pausa	
2941090939	Shirinnezafati	Shirin nezafati
160459780	sashaavlogs	sashaa vlogs
786892569443786752	iamkhaje	  
750338880285634560	serkangabin	Masira
156754511	avpml	
2189485108	Pkhoshahang	unzeitgemass
717133348884320261	Machiniist	 
1336248866	BehinedTheScene	  
3147241117	mandaanai	ManD
1136798288	Lil_Miil	 -
734287544268001280	arsalanusefi	 
814023955270930432	ZhinusPikaso	 
711121549	Emyjamalian	Emy Jamalian 
1396552554	santiaaagoooo	  
737721151888064512	hoomanitto	
4000644370	Faezze3	
725218119380295680	alireza_kh7	
813328250059493376	rangolff	
2724965099	maskandartabbat	
48430724	fedra_j	fedra
2754330819	Ashkan_hn	 
762893078457782273	man00chehr	manoochehr
2491432076	EmiroSharif	   
750240706514550784	Shakhyaw	Shoana
255038870	1masochist	
2314179055	azpilliqueta	 
2731137937	ParisRezaie	paris
3374012465	QahveChiii	
2689828657	NIlINEGIN	
99999538	Mirzadeee	
127178635	ghargharak	
3827008992	esipacin0	
724681861910401025	sinadramatic	
781142056106360832	wantoneo	   
1711145732	ahmad_ovski	
760437030	HamediEbrahim	Ebi
704719027160145921	Alpainn	
195485006	Miss8elle	 
1146382622	Chissttaa	 
1190054473	goosfandofgod	 
549478437	Yek_sara	
840184267	Delafrooz	 
4870549641	moniiaaaaa	 
779847251229224960	wandrerorseeker	Naghmeh
2680151262	icanzonesh	
707961003015856128	nassiiis	
2957610355	faramooshh	
606176980	behbah89	   
497383599	aannaahitaa	anahita
815616205402816516	elisamavat	
802993088948006912	jandarmhastam	
803545652135362561	xakesque	xak
3029882540	Travis_Bickle9	 
1028214691	___mAn____	 
322549818	Dr_Garfield	 
353739343	oliverteeut	 
826309249315725312	TrumpDraws	Trump Draws
279522990	naghmezz	
4717726395	AzarMaaliNasab	. 
830391032	MaryamMohtadi	Maryam Mohtadi
226973327	GhzJabb	 
703695036446330881	s90ta20	 
786991480258854912	tzeta_	zeta
752593	Mesbah	Mesbah
62351829	AlirezaJJ	Alireza Jazayeri
223623512	MehradHidden	Mehrad Rad
806080675	mowtion	
1404590618	HassanRouhani	Hassan Rouhani
373003141	__Kasra	Kasra M.
425985598	notoall	Sraan
2448033019	Marzeheh	
2623211	alephmim	aleph.mim
3708275903	restot50	restot
5785682	Pedram	Pedram
736915932308770816	Chronic____Pain	 
609146118	Noushabeh	
3394900941	mzlive23	Memollisa
1505251758	sajjadbrd	 
48348643	bitternism	
67444327	saman_hf	
405394309	vajgon	zi
151349203	Kutlas_e_Kabir	Kutlas
403192903	hebrown7	Hebrown
