631756761	RasputinG21	
891291783874924544	JohnyGondo	   
181198159	HichkasOfficial	Hichkas
3123583371	rozhan_serry	Ninochkkaa
882205003489964033	GreenPeaceIr	GreenPeaceIr
2158832738	tweetchup	Tweetchup
2717868820	Nona71117	 
3000114677	OfficialDOEIran	Dept. of Environment
3296464828	doe_ir	  
38146999	UNEP	UN Environment
2215506452	Dust_Barcelona	Barcelona Dust
903564260	GaryLewisUN	Gary Lewis
48936972	sahartwitt	 
736556386377572354	tousheh	 
3297632319	mehrodadm	mehrodad
831585114974982150	nilooffar	Niloofar
294525521	farn_sis	farnoosh
822382592779427841	SoheylMzb	Soheyl
867138543369555969	Anaaphar	
2269066730	DrAboutalebi	Hamid Aboutalebi
819981807689039872	najafi_tehrani	 
863683513408774147	ElhamFakhari	 
860964994988597252	Se4Saal	    
860468669310173185	horodudu	Vvvvv
894875454	AghBahman	Agh Bahman
1359258895	Farahmand__	
2257615118	elhamjim	
195224039	Mimabedi	 
406625692	phoenix0k	Phoenix
2566975149	Alizadeh_me	Ali Alizadeh
47813521	JZarif	Javad Zarif
3044877227	Khatamimedia	Khatami Media
1404590618	HassanRouhani	Hassan Rouhani
94305172	arminoza	Armin
1100641922	Mrqauf	
42385985	halVlid	Ham!d
822017041859284993	mrantelect	 
300399372	NaaNuss	NaaNuss
562378144	marhoomakhavi	 
975402740	chela200427	   
1048090928	arriokamran	 
1349741095	Zhigram	 
1401347208	mahlagha_hs	  
1539366252	hamed__p	hamed
2499866211	Sohrabsepehri3	 
3228486557	erfan23r	
3399124558	Marii_Abdi	 
4877667052	vxdthi	 
717270765364752384	green_power3	Vol'jin
789440847926484996	MajidMhp	Partizan
451783052	_velGard	
849887955527368707	jebhejavanan	 
705638657617633281	sahariiam	 
849867090727141377	Mirkarimii	Reza Mirkarimi
819708196554096640	zafarjenni	 
828567493098745857	arteshbodelekte	
822186232973328385	mohammad271577	 
815072815653261312	Dr_EJahangiri	Eshaq Jahangiri
814019074879410176	KhaMayam	  
841004725155819521	FajrFest	FajrInt FilmFestival
37413790	Ali_Moeini	Ali Moeini
797311077998559232	ZahraAhmadipour	 
2208981517	Geor9eAli	
519673696	ron_nakk	Ronak
794785005759295488	arbabe_khandeh	
831519910463434752	mostafatajzade	 
253004443	ThomasErdbrink	Thomas Erdbrink
774512402373238785	Shahgrap	 
813286	BarackObama	Barack Obama
379307832	Hassan_bad	
823145302228082688	sahar_golgoli	  
2297426458	SAEDI_F	FARZAD SAEDI
822215679726100480	POTUS	President Trump
3038638900	eslahatpage	  
1498178576	Nakhoda_HMB	
1396552554	santiaaagoooo	  
4921181909	AhesteoPeivaste	
795241199795863552	sadafmontaseri	   
814023955270930432	ZhinusPikaso	 
1624979592	rassam_hossein	Hossein Rassam
713250628747796480	awrminn	Armin
25073877	realDonaldTrump	Donald J. Trump
382027918	ApA_Pj	   
1180588441	GholianH	  
758621043107962880	amin_saffari	M.Amin
718339679465140224	sina_mesori	Sina Mansouri
2563072348	ass_ghar	 
706182612935696384	mahaneto	 
1584066241	alibozorgian	Ali Bozorgian
979042861	behzad_bh	shex
121077756	Rouhania	   
815277525270200320	anjoman_sabz	  
705284625996840960	i_nansi	
773042524994826240	mazaniahmad	Ahmad Mazani
758679740005945344	Dr_vakilii	 
994511047	hesamodin1	hesam ashena
789497569890013184	S_A_Salehi	Seyyed Abbas Salehi
1588420616	Jedaaal	Aliz  
805817760	AliAbdi88	Ali Abdi
371875071	khers69	KHERS
2870467090	MJalaeipour	 
799378392747483136	Macensi1	  
770661709073686529	AhmadDastaran	Ahmad Dastaran
95096767	pooyesh_a	Pooyesh Azizedin
2853471434	ehsan_rastgar	 
1600742850	mowlaverdi	 
1905589586	sabaazarpeik	saba azarpeik
790642493561987072	hibou3371	
169179541	mamlekate	
809743447246733312	alimotahari_ir	Ali Motahari
293681367	marzie_r	Marzie
751721055031586816	mah_sadeghi	 
706087754841649152	_jakesh	
1373938740	constructiveee	samS
65805181	Abreshalvarpush	 
3368076195	MansoureHallaj	Mansour e Hallaj
708664749702168577	matiinna1	
708541606354358272	milamanoo	
1542912613	rahelehr	raheleh.r
2214869083	BehnoudMasoud	masoud behnoud
14690170	PhillipOfAjam	P
246837594	baharerahnama	Bahare Rahnama
375039988	FeryChita	FeriChita
1699671602	mhkharj	 
62231770	sahandiranmehr	 
1530332280	ArezooA_	
2867091303	FereshtaAbbasi	Fereshta Abbasi
2408533145	ramin620	  
439177994	ShahynC	Shahin
735457824403259392	sinanamdar	 
2977994039	Agha_Shadi	  
2923843697	zaghtweet1	
1329018038	culaan_	Dra
2945599269	siamakansarii	Siamak Ansari
3097656921	Mester_shin	SherWin
269941857	mozhgoun	
628118074	rezahn56	Reza Haghighatnejad
3687290356	Mrs_ppppp	Mrs.P
44574930	Nivanchi	
832523732	parisasemi	parisasemi
2596325994	erfan_neo	
1672522988	antieverythingi	antieverythingism
715296930767708161	EmiEmiKav	  
1094704862	parniann66	 
127178635	ghargharak	
714389157	cheekypicky	
4624773153	t_alidoosti	Taraneh Alidoosti
714290383094734848	shkve	
2963943623	nmuseaoe	
1726305288	AfsharMahnaz	Mahnaz Afshar
12837042	tayfeh	M. Tayfeh
557883977	aidin299	Aidin
4782551	Vahid	Vahid Online
1582341876	pakalupapito	pakalu papito
551217090	Rezahoonejani	Reza Hoonejani
255038870	1masochist	
2255375036	LUMPY_54	LUMPY
470857299	AuHasardBalth	
618068420	khashayargiar	 
