2282947818	IronsideBob	Robert Ironside
29873662	MKBHD	Marques Brownlee
504020426	dbrand	dbrand
2196922086	oneplus	OnePlus
143104075	KyleKulinski	Secular Talk
4049336124	Soosan48600520	Soosan
43815496	TheRealRyanHiga	Ryan Higa
239672340	UnboxTherapy	Lewis
14163722	rhettandlink	Rhett & Link
854581958	overleaf	Overleaf
19725644	neiltyson	Neil deGrasse Tyson
232814544	Hossein_Aghaa	 
1419182592	Maryam_jfn	
832734967	mggtTaylor	Matt Taylor
9695312	billboard	billboard
27404107	neeraj_17	Neeraj Kumar
201202138	Hamed_Noori	Hamed Noori
15081340	gogreen18	Laci Green
15143478	RichardDawkins	Richard Dawkins
334921581	CHSommers	Christina Sommers
56768257	femfreq	Feminist Frequency
397756361	JaclynGlenn	Jaclyn Glenn
18744815	amazingatheist	TJ KIRK
32949727	thunderf00t	thunderf00t
180505807	instagram	Instagram
2471217968	ArianSalehi0	Arian Salehi
2471438221	mohammadmanshad	mohammad manshadi
2819024107	soroushtz	Soroush Tafvizi
15485441	jimmyfallon	jimmy fallon
2699518477	MiladEkramnia	Milad Ekramnia
2470749319	Amir_Tombak	Amir
395477244	tweetsauce	Vsauce
68412310	Nirvana	Nirvana
195365075	binooshe	Binoosheh
98765275	QueenWillRock	Queen
74712538	PaulMcCartney	Paul McCartney
27760317	thebeatles	The Beatles
22832029	Slash	Slash
95955871	gunsnroses	Guns N' Roses
27150723	Pantera	Pantera
45316175	DaveMustaine	Dave Mustaine
21163600	Megadeth	Megadeth
19114743	IronMaiden	Iron Maiden
238475531	Metallica	Metallica
35865024	eddievanhalen	Eddie Van Halen
42038337	9esfand	 
342415420	OfficialYJM	Yngwie J. Malmsteen
18424473	_Cafe	Cafe
20753767	1wiran	wiran
161049344	___achilles___	achilles
255038870	1masochist	
