823259240	pedramwese	
336178254	F0gMind	Vnus
3556885452	kingpoto	Photos
1691157427	elnoraaa	el
3405249253	arenesmaili	Aren
3080762480	Sleimoni	M-hdi 
379175662	RecipeGifs	Recipe Videos
813463440476041217	Andishehblue	  
4710261842	AdasiShakie	
803131274399334400	Ali_Nirvana_	 
125139828	nazaninroghaye	Nazi
789068165191864320	DonSeyed	 
2615655384	leymm_	Ley
1328751476	Negaaru	
3003039241	lawliet_90	xanefar
725696643757006848	0sattari	sattari
735490212126691328	new_folder4	Nirvana  
2241127988	Mndiiiy	
1620130892	raz__mari	
736921720603455488	miss_gh92	
736095873285787651	ssinngerr	lhvgh
4558668389	zamzamti	
525711105	Missy90_	Missy Elliot
270375773	0ff_again	us
713313773038223361	soshiio	Baphomet
239568115	habib62	habib
31080039	lenadunham	Lena Dunham
1495951248	hosseintanha89	 (UNESCO)
2776120300	absurd9555	  
3949915642	_felliniesque	
3052117019	gha___zalll	Ghazal
14690170	PhillipOfAjam	P
80556837	dsahba	sahba
2237667674	jojehhhh	
478377028	nima_farzaneh	nima
2284624992	21st6	captian
1099435338	andishehviolet	 
803786935	__F_a_T_i__	8888
1283174828	yeganeeeh	Yeg
2871746085	new_folder5	Nirvaneh
14684242	lvlalvlaD	
2196627649	shaboonmI	
255038870	1masochist	
1940131855	lafcadiooo	
813394986	sinbanoo	sinbanoo
2723749248	heyejimi	.
242807567	_aTaha	taha
612449478	FashionAndStyle	Fashion & Style
2561907538	Mr_mehdishb	  
2314077164	blopblipp	Not like I'm Maddie
387282897	Nika_kalani	Nika
768897169	giso0	giso0
1456748646	RezaRezaj	 
872039994	mehdak	
461187378	Tarsefed	
341366669	TrinaxFam	Trinax Fam
1413989882	Hosseien	 
1648322305	ModrikINO	Modrek
88396026	AmirYosof	Joseph
339273368	Ghodewalla	Abbas Mansour
718592708	maa__saa	
170902512	Capriccioooooo	
1197802136	tah_sigar	 
4782551	Vahid	Vahid Online
1198269103	aaam0_0	 :  
398413431	LaK_PaK	DeLaRaM
931835258	ehsanjiim	 
292950567	YasamanBah63	 
369454450	SICKKOWL	 
571966407	nasrolbandari	 
66491046	hoomanrezvani	Hooman Rezvani
195224039	Mimabedi	 
398096961	nima_unforgiven	 
814136	sejii_	
766566517	saeeed_sb	
813630798	89darvinjeh	Li Li PuT
