872790682506625025	4leme	Allyn
710719111605530624	goorbachof1	
879046581466562560	PestehKhandan	 
1160792402	yekvakil	
552225288	SaraAlef	
1522028761	musaesmaili	
601148365	novaramedia	Novara Media
3124214812	pmiliii	  
2994639981	Mdoai	Meysam Doai
3879133462	AliBayayii	
701010112245276672	zoyaniknam	Zoyaniknam
1330953236	d_raghadm2	raghad 
801168056059707392	Vess98	Vessi
711789200077676544	Bbirdwomann	
18900771	vintagebooks	Vintage Books
227837742	AC360	Anderson Cooper 360
110396781	ajplus	AJ+
1919397666	arashzamani_87	Arash Zamani
142323611	I6_6_6I	devil's advocate
810576990164156416	BrokenNixon	Broken Nixon
2412846020	PejmanRahbar	Pejman Rahbar
2314179055	azpilliqueta	 
712192815837679616	HannahArendt16	   
2676609551	MehranGhandi	Klaus
58003911	heinboll9	
429560383	AydaPour	Ayda Pourasad
200105578	Nimajam	
68440549	libe	Libration
114706033	myriamin	Myrim
2428712171	hbbi_r	Rehb (Reza)
857306615485276160	ooomooot	ooomooot
2940271462	sadeghnaame	
2370842576	et0ilefille	 
1490525245	pesarack	
1611064620	Samang__	
736775534013616128	holyhomers	 ()
717349448523902976	pulsante_pausa	
46880590	Havangz	Havang
724711515186585601	MarziQz	Marzie Qazvini Zade
1944461948	gomgoor	
16664681	latimes	Los Angeles Times
752593	Mesbah	Mesbah
1652541	Reuters	Reuters Top News
14293310	TIME	TIME
51241574	AP	The Associated Press
87818409	guardian	The Guardian
2467791	washingtonpost	Washington Post
2884771	Newsweek	Newsweek
21313364	lobs	L'Obs
24744541	lemondefr	Le Monde
9300262	politico	POLITICO
14677919	NewYorker	The New Yorker
807095	nytimes	The New York Times
894880915	FRazizadeh	Farzad Razizadeh
830371493565562883	daalloway	
13904872	maryaminaa	Maryaminaa
464225105	arashpahlavoon	 
169204084	SamanYKJ	Saman Fara
1584066241	alibozorgian	Ali Bozorgian
137244321	asadasgari	asad
3399124558	Marii_Abdi	 
4909103187	payamsh6162	payam shaabani
808370492704858113	Armaghan_Jangal	Jangali
801651	amin	Amin
92621633	davoodam	Davood Mousavi
443151819	spiralitiTe	Azin T
431497615	OosHoushang	 
738780232774242304	s_rezaei1970	Saeed
46460157	Saeed0f	
739888472551510022	YasehChay	 
14958128	bahaare	Chlo
614987519	osip_ha	Osip
4755943217	Sabonagooloo	 - Daanieh
751176025	kevinmiston	Kevin Miston
753717151450574849	vivamous_	Derack
3230566541	MEEMsColony	''
1031010596	_Minaa_p	Minaa.p
210719582	asadgharighi	
810816858463109122	MichelFokol	Michel Fokol
22296977	chalist	
775614880133021696	Ivanechkaa_0	
57135448	abeskholghi	AbessKholghi
784983112262397952	Salaamatian	Salamatian
732274448838103044	sargardoonist	
2841018393	_swordinkton	The Nerd
704358587615866881	wonderNima	 
1066690128	1chopogh	   
3052657133	SamirBinTuta	  
712286109699596288	dfordonya	 
18426098	memohi	mohi
751321916	MMY98	
4331146582	sinmimra	smrium
2337222685	davwvod	DavoT
284155357	anikabanoo	anika
304363745	19TheBigBrother	1984
819366702	HmNwrd	
4452251001	northselkie	
2599050073	Weeping__Meadow	
95521017	Amoo_Sibiloo	
2193717104	SaeedSJY	Kerogen
1324229384	ryukushinigamiA	Amir
731293116569915392	terry_evey	! !
375041930	admrbl	Sahand
562125675	Niloobb	
2577391416	sorrkh	sahba
614340303	astranger27	 
3739682116	SheTweeting	Shahrzad Beheshtian
754004444	MarryKzm	
3242078979	alee_c137	AleeReza
4698301597	Parodo3	shad4b
158436416	MitraaMira	Mitra Mira
1470791113	ShiRinKHV	Sh!R!n
2704252690	yellow_tile	_Henry
1444859365	StalkerAndI	
572051429	Serpicoo3	Serpico
729561006096158720	DrDRamoray	Tribby
16829914	alooche	Alooche
219088504	_AlliNeed_	 
779887069757706242	__shouka	
4791860718	sianespar	
2203231058	felaskechayi	
255107290	Mez_zzo	
843650366	DarrkGlobe	  
1853916264	Poludnit_Sa	Poludnitsa
418951760	PandaArshi	Pasionaria
2174619216	Zarinhaaa	 
1636072164	zarmeh	Zahra Alipour
754067589190606849	s0niiia	Sonia
717671603107143680	Mossartt	MosarT
2444309917	quiestK	
749727095593570304	anacoluth0n	Hazel
712704116254908417	liminal_	mehrnoush
4410997053	me__Sam	
714859824505360385	AidaAmaranta	Aida 
3123016344	BardyaMousavi	BardYa
54493333	khiaalbaaf	
294537916	hzakarami	  
230147735	DasistJD	Jane Doe
189758944	MelinaKh	Melina
755876010789220352	Inqilobiy	Tarikh
715798864129835008	_de__ailleurs_	Anna
861318920	farzanaaa90	farzanaaaa
34310801	CNNSitRoom	The Situation Room
128979642	Friedrish	Farid
630578888	KavehGhoreishi	Kaveh Ghoreishi
158414847	TheDailyShow	The Daily Show
704658471497687040	rezasiaan	Rezasian
16716834	Ammir	AmiR Rashidi
14873102	ArashBahmani	Arash Bahmani
57204216	Emaadb	Emad
309850429	NazaninNamdar	Nazanin
47191725	Grammarly	Grammarly
253707215	DonDiegodeZama	 
3195876470	8Retro	Retro
277658479	SoheilRp	Soheil
97040343	MerriamWebster	Merriam-Webster
23187207	VersoBooks	Verso Books
15876845	openDemocracy	openDemocracy
17161138	VintageAnchor	Vintage/Anchor Books
290086105	Mahsasaremi	Mahsa Saremi
587885385	amiryaghoubali	Amir Yaghoubali
14743763	slt_fa	
458966079	NeinQuarterly	Nein.
3023418868	SaeedSolhjou	Saeed Solhjou
22817560	MithraYousefi	Mitra Yousefi
89018014	merytamoon	Foruz Faraji
4705551966	v6rgdotcom	v6rg
253971447	Omid6887	Omid Rezaee
2419642736	turinepi	Turin Epicurean
117777690	jeremycorbyn	Jeremy Corbyn
29442313	SenSanders	Bernie Sanders
