1377921709	kahoopich	 
334525603	attt_h	
3204018261	baharanegh	beghball
255038870	1masochist	
536250646	2na2nz	
403668878	Abestanioooos	Abestanioos
2203231058	felaskechayi	
238330325	zirwanz	zirwan
4341725836	Silhouettepani	  
1660909368	ManUtd_Iran	
852056086668562432	golnazsoltani	GOLNAZ
268958654	OstadAssadi	OstadAsadi
270375773	0ff_again	us
853290625	TwitteeTod	
1656200701	MEHTII_	 
853233671712669696	HT8589	Hossein Tahna
1153375556	Kaambil	
308955873	Motelllo	
2716942388	parsiyak	Pardis
471287735	GaryLineker	Gary Lineker
2246074231	Solisal63	
2902902580	Azarestaaan	
483994106	gandomsin	gandomgoon
16914220	baharnarenj	
80556837	dsahba	sahba
3407797169	_Saayeh	_dass_
14516781	3tareh	3tareh
45118805	ADALISH	DALI
14490065	azoli	azooli
306801715	szamanzadeh	SZaman
14367829	saman77	saman77
125139828	nazaninroghaye	Nazi
4710261842	AdasiShakie	
3405249253	arenesmaili	Aren
34545980	zakhar_	mohamad
19758530	elsereturn	
2383030438	M4DG0DD	 
419711595	hadiyalin	Hadi.Yalin
946338937	hid__	Nah
353739343	oliverteeut	 
425985598	notoall	Sraan
4717726395	AzarMaaliNasab	. 
821885828	hastaloo	Hastaloo
179404703	Nasim____	ns
551730765	zahra2101	Zar
750345464218779648	Maryamim1	Maryamim
392114023	HosseinMahini	Hossein Mahini
757870866906480640	MehdiTaremi9	Mehdi Taremi
3124352347	ataasadeghi	Ata Sadeghi
705273636190621696	_SerJaime_	
14851948	Katayoon	 
212687187	Tofangbazi	
14690170	PhillipOfAjam	P
2889896601	Hombilious	 
3313382326	Mimozim	MimoZ
332954705	v1d__v1d	Nveed
273478225	xentrixus	 
755142367	sakene5	 
1521752815	dadaist20	Dadaist
57276671	elllegreen	Eli
724057606440902656	Mahzadel	 
860290470	Aidaazz	Aida ezzati
3388906929	rozhansteiger	
14341131	roozbehdotnet	
4821438778	TalaShad	
15086510	pngle	PnGle SeleYeR
611959284	FreakingTrue	Typical Girl
434442640	shaakhtaar	Shakhtar
177746835	sayeh_ro	 
2228762088	1hoseim	Hosein Norouzi
485724200	U__qu	Vendetta
2945599269	siamakansarii	Siamak Ansari
4624773153	t_alidoosti	Taraneh Alidoosti
1522028761	musaesmaili	
1511480538	__Bernard_	
1673735821	SShahsiah	 
67444327	saman_hf	
2255375036	LUMPY_54	LUMPY
323127279	stere_kh	
3080762480	Sleimoni	M-hdi 
707440129	FaziasS	
1474390170	Negar_CI	NeGar
1151818194	aghRmin	agh Rmin
403999527	Coffeeelizard	Coffee Stark 
1495951248	hosseintanha89	 (UNESCO)
1542912613	rahelehr	raheleh.r
1110143388	Sany___	Sanar
33478393	elhammoin	elimin
540135012	EmilyAmraee	Emily
1530332280	ArezooA_	
1542138595	golyjonsnow	
70820390	ehsaniaa	s
2945529348	HarryPotterest	HarryPotterest
578568954	tanuchkaa	
571964518	TrollFootball	Troll Football
96130616	alborz_z	Al
1584066241	alibozorgian	Ali Bozorgian
3148539860	_atiiit_	Atiyeh
158462986	SunazZ	
1872820130	soormeh	soormeh
600244924	_harukimurakami	Haruki Murakami
598600732	jackthefatalist	
180038801	FarnOoSh_	FarnOoSh
480737104	HamedTabaar	HamedTabaar
14567230	1mahraz	mahraz
1391562487	jimbeltarin	jimbel
404218200	ahooel	Ahoo
624031683	mooshtebol	
2430045980	veronicafmk	
360006756	negooni	negloot
222682480	_ZedZed_	
48318358	amir_r_k	Amir Reza Koohestani
2303142614	idinsayyar1	 
282077865	Chivas_Regall8	Shiva-Aba
835064155	sadrabaktash	 
12355832	opiums	Opium
161049344	___achilles___	achilles
1161795360	AidaAhadiany	Aida Ahadiany
93473625	mina18aban	Mina
95111551	Veroonaa	Verona
163433987	bob_johnson	
66970278	AzadehJoun	Azadeh
14755862	VahidStar	Vahid
14517156	donyarad	Donya
293681367	marzie_r	Marzie
457676025	sepiiidegh	sepide ghh
337333917	farshadjoo	shab shab
277480935	schizoph90	
46835790	doopi	
7424342	milaad	Mild
14327568	mohsenemi	Mohsenemi
15276504	fatemeh_t	fatemeh_t
4921131	nima	Nima Akbarpour 
16829914	alooche	Alooche
62634095	amirassan	AmirHassan
53804216	Ferihelper	Ferihelper
65865392	pemiphilo	Pemi  o
