2214869083	BehnoudMasoud	masoud behnoud
3727936577	_kebrit	 
2958304667	gorjico	 
576495812	mndctld	
733628449374474240	Homeless_No3	Homeless_No3
474858333	1studieux	
62634095	amirassan	AmirHassan
745329853235265536	ashgvari	Makan Ashgvari
40557106	Fun_key	Alireza Pourasad
2888503524	nimamojiz	Mojiz
203678193	shomare29	29
381797777	mam_mad	mohamad.masoumian
2601674191	9GAGGifs	9GAG Gifs
367016987	NikhMI	
2320649540	_OhReza	
2955300991	rahaeiii	Raha
1577623176	SharareMishavam	   
1391562487	jimbeltarin	jimbel
1136798288	Lil_Miil	 -
285264406	Icaruswobegoner	Lamentus
1241695088	gaaf_gaaf	 
1318375603	__SeeMore	
387166467	hoseinlfc	Hosein
3276597846	TMoheidin	
2442617371	Sesheh	 
255038870	1masochist	
847442851	A_bird_	 
371875071	khers69	KHERS
1920731322	intheWISH	
2255375036	LUMPY_54	LUMPY
212861860	ComiserJacobs	Nikbakht
3194468168	KirTuHamechi	   
403668878	Abestanioooos	Abestanioos
2362474561	_Taaher	TaHer
517911259	_amoookia	 
2419502588	Hortensia_anna	 
1521752815	dadaist20	Dadaist
373003141	__Kasra	Kasra M.
605380945	moha_ir	 
26447736	Lilyinapad	Ana Lily Amirpour
927276392	zafmaaar	Zafmar.jpg
47000864	payam_f	
397526232	gray1real	B|_|
2767171653	jokerini	
329186874	mhmbram	Mohamad
47813521	JZarif	Javad Zarif
1371618385	Rouhani_ir	 
601234471	colonelaorliano	colonel
2496909840	takshaaakh	nazanin
2408928240	_Shayegan	
181198159	HichkasOfficial	Hichkas
2242141918	sevenblueforevr	
636936027	Seenvaav	.
3080762480	Sleimoni	M-hdi 
475664526	taraneh16	
895789044	fortifiser	fortifiser
2824549552	Farinoud	
158462986	SunazZ	
2427624403	srnmhda	
123577879	aazaad__	Merkwrdigeliebe
5225991	Tate	Tate
239313282	saatchi_gallery	Saatchi Gallery
19758530	elsereturn	
18134829	Great_Dark_Lord	Lord Farhad
16829914	alooche	Alooche
630294980	1st_nafar	
238229483	kuffmode	Kayson
1329018038	culaan_	Dra
480737104	HamedTabaar	HamedTabaar
979042861	behzad_bh	shex
790728	bbcpersian	BBC Persian
387930507	sajjadMzyn	SajjadM
