472385081	sz_https	
880656387939938304	azadeh_dalir	Azadeh
825040998032105474	ElixirPrime	elixir prime 
844486527220625408	Dziwuzona	
2456670672	pourya_shaker	Pourya Shaker
58307542	hajmir	Seyed Haji
875803216742674432	699ynwa	 
3372146811	sytdian	YT
864745400519065600	Shazdanii	Zereshk
298330518	erotominia	  
712959220103176192	derakhtt	
2200518138	hoda_arman	hoda arman
2887705609	tashisamaneh	Samaneh Tashi
812771242554118144	3Code47	
2416257290	roshannorouzi	Roshan Norouzi
3505303997	Pdaaawg	PD
2355168188	AmirKiani1985	Amir Kiani
3362394964	skinNyVID	 ' 
870053353329393664	one_babak	1Babak
879046581466562560	PestehKhandan	 
3020500828	sallymcbright	
2809141976	_nemoooo	Nemo
706326211744542722	Gharivv	
781207694313189376	__projax__	Projax
736639184	DonKavexo	
873377975709913089	_hartarian	
835262704185114624	mikelanjeloanto	
740261270016954368	sefrtanhaie	
814063344541978624	obalaghati	Omid Balaghati
864952866137661440	ZizMou	Ziz Mou
20834720	theReticent	Ilia Vakili
812055033806262272	sahious376	 
3674038456	MaliheRiazi	malihe riazi
872316947161116672	judgolmolouk	
2951271238	meyami93	mey. ami
294355579	Medlarrr	Medlar
1360909866	mana7856	
15154636	S3micolon	 
1567603753	shaditavoosi	Shadi
865353222952583168	moazabam	Nani
840139878	BavigForough	bavig
845466164008386560	3pisha	Sepi
222518034	alirezakhan20	 
857948300112220161	derMondschein_	
4177192377	ihassangh63	
1636192328	VahidTilaki	Vahid Tilaki
716373736383971328	__Star_Gazer	
354781621	OrdinariusAmet	Saint Hades.
852981644420161537	chawtaar	Mr BigHand 
2722635709	_projax_	Projax
520879927	mooniter	 Moony
24855062	nimadehghani	nima dehghani
767760877315579904	hamidoddin	
779887069757706242	__shouka	
4353047415	fatoohe_m	
812401235164884993	shabzadehhh	 
1448342898	rafieii	Matt
4824438124	ParinazMA	Parinaz
746996346037608448	S_M_J_M_1212	   
3351255682	jemappelleamir	. 
970997731	Sheikh_Mozer	 
390462172	M_A_G_88	Maryam
17422452	Mr_Cheh	 
725981240	akhmnaaz	
48654237	Ghazaalo0o0o	Ghzi
822294996837662720	Asabkosh	  
46769839	marroomy	Marroomy
116185997	rzgar_sh	rzgar
852056086668562432	golnazsoltani	GOLNAZ
242153833	efgech	ef.g.ech
2723749248	heyejimi	.
187507193	soheila_h	
871380631	Tarsa56	
74523584	amirhs66	   
766969728506081280	farahani777	farahani
1672522988	antieverythingi	antieverythingism
114706033	myriamin	Myrim
288988334	sahar_jf	sahar
22296977	chalist	
9222412	mhrnb	Mehran Bolhasani
373003141	__Kasra	Kasra M.
1061515795	nasimb2_	Nasim 
2191649354	Alibakhshi_M	 
14808514	hamiddm	Hamid M
745681014429749248	F_Malekzadeh	Fatemeh
196225450	BariranB	Bariran
543660237	beygoo	Begi
818676647939477504	cyclamineae	Raha 
48348643	bitternism	
993251641	Ehsanbehsetan	Ehsoon
1309878324	behnam_beh	Behnam Behzadi
513478434	SamanMovahed	SamanMovahedirad
830391032	MaryamMohtadi	Maryam Mohtadi
718048707791437826	elahekhyegane	Elahe.khosravi
2941090939	Shirinnezafati	Shirin nezafati
704658471497687040	rezasiaan	Rezasian
777985451906965504	ErfanGhazizadeh	Erfan Ghazizadeh
2886226879	AwesomeEarthPix	Earth Pics
87374085	seawildearth	okitog
17030435	khashayarsha	Khashayar Joneidi
1678377776	Nunrezad	n rz
810576990164156416	BrokenNixon	Broken Nixon
834787471036653569	hanibalkhann2	 
2492468995	raminium	
4189631008	tubocasequivoca	Soledad
36315171	TheLogicBender	Tala
519396874	Zed_Moon	
779754690191974400	empil18041	 
97617682	Shadibeyzaei	Shadi Beyzaei
587280188	Reza8410	Reza Haji Hosseini
765414632	PahlavanAli	Ali Pahlavan
356842518	GolrokhS	
776652552645570560	live_Miss_Z	Miss Z
6579092	Ardeshir	Ardeshir
2272735766	msaunti	 
2890458526	Nadershokoufi	Nader Shokoufi
796195509715267584	gherekamar	
3097611071	GhorbaniRamin	Ramin Ghorbani
705167543783317504	federico_xolf	Reza
737997305106837506	Leiilon	
166638829	morghlim	
2380976226	mahdivd	mahdivd
2550390265	mhbahrami1989	 
1126110247	Hamidreza_MP	Hamidreza
2716942388	parsiyak	Pardis
4747620262	_Sargashteh_	
183206087	hadiahmadii	
472852789	fateme_j	Fateme
1676448314	CharlesGholam	  
835934937081655296	LotfollahiAmin	Amin.L
15782990	shahrzaad	shahrzaad
58467166	RoSaAe	RoSa
802994025695510529	navidnamayandeh	
4862682239	ash4579	 
101454268	k_sara	Sara K
854595619	sosha999	Peyman Yazdani
760152868880052224	Atoocha	
2424408324	Marsson89	
2967119188	NKazemifar	Neda Kazemifar
14490065	azoli	azooli
310172462	clapton0N	signal
310896088	Daynaz7	
3124214812	pmiliii	  
15931902	parhiz	 
2202047257	rezvanehmahdavi	Rezvaneh
2285182472	meisoner	Meison
2282006784	MissMiiiim	
822175024782123008	Ennzocoli	
264730636	f0ro0gh	
628276440	SaraKmz	
2476303654	amoojoooon	 
370673822	Kam1Ross	
3136041970	d04d90561d36408	Amir Salahshor
3367943315	tala_kiani	tala kiani
48485920	RL1358	Roozbeh
46921646	Nooshan	
2836424228	s_chegini	s.chegini
2156923266	tiyooter	naser
1481028025	sarjoookheh	
786991480258854912	tzeta_	zeta
235892187	alexramez	   
2239727276	___levis___	  !
776526910583111681	ebctw	banana peel
3149126243	ghazaljabb	Ghazal Jabbari
88621782	laurentbaheux	Laurent Baheux Photo
738405821068025857	Foroogh_y	
1038996313	ma_ahii	
331280459	anita_1302	ani1302
46028420	EhsanAzaddokht	Ehsan
348725925	_sherzzz_	
95096767	pooyesh_a	Pooyesh Azizedin
3657000439	ebrahimp_p	Ebrahim P
720691143529390080	sadegh_shahbazi	sadegh shahbazi
1553879496	SiminK_	Simin Kargar
755076778385895424	Irann_N	Irann N
484284489	SirHermesMarana	
2304581796	rajabzz	
17334750	hojat	Hojat
3380395299	ImWeirdlyNormal	  
119672147	FareedJacoB	  
1406882029	Kasfuckingra	Karsa
53090808	rh18641	Raheleh Homaie
2517118753	Ghrzmj	 
54564589	Ghasemfar	Mehrdad Ghasemfar
2718629074	yaghoubi_ir	Samad Yaghoubi 
1651293074	5haghayegh	
738185048	DarkPasenger10B	Lily Anne
1594802682	mostafaHnia	Polar Bear
162984636	AliOfPersia	AssdolaaKhaan
2290617709	qoli_ali	
1953248767	RoZiNMohammD	RoZhiN MohammaDi
896668789	hnrtrust	
796129070	Zbigniew_13	
268742766	EhsanShirazi	
22024691	siavashh	Siavash
571202198	shivahastam	butdoesitfly
90388594	sina241389	
803639578875822082	_biaboon	
86749597	sareikha	Sara M
726926814589808640	sepidv	
