544318453	g0lnar	
136010577	alirezaftm	  
268958654	OstadAssadi	OstadAsadi
1217533536	RanandeTaksi	Khalil M
297081530	Kaafffff	
3172908592	9sshhss9	h.sara.h
24396140	darvish23	 23
806080675	mowtion	
2623211	alephmim	aleph.mim
2300354767	Zy3na	
87653387	zekipedia	
18424473	_Cafe	Cafe
973490311	BacheGorbe	Adagio
894875454	AghBahman	Agh Bahman
2303142614	idinsayyar1	 
1161795360	AidaAhadiany	Aida Ahadiany
371875071	khers69	KHERS
822175024782123008	Ennzocoli	
425985598	notoall	Sraan
822517901294845953	HalfOnionInABag	Half An Onion
233828445	saharghh	sahar ghh
44857900	pooyashaahsiaah	Pooya Shahsiah
24375268	india40	
294014531	GoodbyePaterson	 
519412755	ZUntitled	Miss unTiTled
1521752815	dadaist20	Dadaist
2335832970	shah_hosein	  
404218200	ahooel	Ahoo
757892550	franny_ftm	franny
522878221	shaataqi	
873867872	Teymoursg	
2228762088	1hoseim	Hosein Norouzi
1180588441	GholianH	  
2693599770	_alphamin	min
3900937816	_zirwan_	zirwanz
4624773153	t_alidoosti	Taraneh Alidoosti
3075474801	IranHistoryPics	Iran History Pics
2711956260	Sel1z	Sel
293681367	marzie_r	Marzie
6135642	dw_persian	DW 
790728	bbcpersian	BBC Persian
1691574356	SharghDaily	 
4782551	Vahid	Vahid Online
407278040	alskvrda	
15015672	Raaadin	
169179541	mamlekate	
3151758239	derSteppenw0lf	steppenwolf
189462386	dutyMessIr	Taha
366559590	BeingNimra	
4565124497	YouTdii	 
1522028761	musaesmaili	
2320649540	_OhReza	
255038870	1masochist	
4710261842	AdasiShakie	
1673735821	SShahsiah	 
2233134438	SadraMohaqeq	Sadra Mohaghegh
91092088	MrSulley	P.SULLIVAN
2427624403	srnmhda	
279522990	naghmezz	
287088046	ReviverOrator	
1663018050	Juani____	Juani
1247404532	PesareMamooli	 
216840450	Zimcoe	
2286253674	saman0018	 
4015758021	grzngi	
475664526	taraneh16	
238229483	kuffmode	Kayson
353739343	oliverteeut	 
2889896601	Hombilious	 
183206087	hadiahmadii	
403999527	Coffeeelizard	Coffee Stark 
1234768950	neb_____	stephen
821885828	hastaloo	Hastaloo
979042861	behzad_bh	shex
700230066	m_h963	 
99999538	Mirzadeee	
238330325	zirwanz	zirwan
1872820130	soormeh	soormeh
14516781	3tareh	3tareh
551730765	zahra2101	Zar
33478393	elhammoin	elimin
1474390170	Negar_CI	NeGar
67444327	saman_hf	
713313773038223361	soshiio	Baphomet
400062723	57muel	
210719582	asadgharighi	
1530332280	ArezooA_	
755142367	sakene5	 
14490065	azoli	azooli
135679428	danimoh	
195224039	Mimabedi	 
601234471	colonelaorliano	colonel
250009609	Ehsaan__	
1511480538	__Bernard_	
403686789	mm__amin	
96130616	alborz_z	Al
3305613461	hadie_k	Hadie K
552252520	engmahyar	
3080762480	Sleimoni	M-hdi 
323127279	stere_kh	
1580884105	hooshmandk	
125139828	nazaninroghaye	Nazi
483994106	gandomsin	gandomgoon
232814544	Hossein_Aghaa	 
434442640	shaakhtaar	Shakhtar
853290625	TwitteeTod	
2255375036	LUMPY_54	LUMPY
2180633748	MehdiAHM	
457676025	sepiiidegh	sepide ghh
602629562	Ferinaando	
156605463	mirzaadamjan	 
411483717	K1sadri	
1329018038	culaan_	Dra
480737104	HamedTabaar	HamedTabaar
203678193	shomare29	29
123577879	aazaad__	Merkwrdigeliebe
14690170	PhillipOfAjam	P
403668878	Abestanioooos	Abestanioos
655093	god	God
