797811802734268421	badtariiin	 
3253603783	sh4yea	  
708451381791875078	emovm	
889087586727231488	Sa__ba__sh	
820005185812623360	Hedayat_1903	 
864062293662892032	kimdikimdi	
3124000174	black_swan187	black swan
735457824403259392	sinanamdar	 
738093607677235201	someonentsp	 
2594762822	AssMahmoud	 
3426839050	SadrParisa	Parisssaa
2387078268	_sahar____	  
1913843934	lunadiary21	
797429626729533440	judyings	
825058882758258688	nell_banoo	
751132611288846336	azarmahy	 
4266696255	falode_shirazi	 
808480875650420736	MRbabanejad	 
2155675939	hiddeeen	 
2905345601	Miiminor	 
705828397998428160	MosalaSepideh	
2418664466	HooMii8	
815616205402816516	elisamavat	
4895975267	mammadjaan	 
558927416	janewinchester3	
847878470332022784	ona04372344	ona
825243983718793216	alipaiderman	 
3369281536	mrDALSad	 
830033363104911360	nedabalouccian	NeDa
738316350070870017	MinaAkbarii	i
812751078026575872	Cha_Bukowski	 
836494733132324864	Tarokhamir2	
2645286608	shshin_shshin	
849576723826044928	nstrn_azd	nastaran
770524327972179968	banooye_music	
1661157584	4lir3z4m	
764889667426717696	Ch_mbennington	   
385758207	shuride_dokhtar	 
2572593847	H_luigi	 
789961537175818241	fakhermoftakhar	 
3239430035	H_ssein	  
703318512085962753	Reza_Seyedii	  
773800176398036992	n0tron	
783549706022584320	DrLyoko	Dr LYOKO
846156700705050624	adol_fh	AdolfH
1584718176	OfficialMadio	( )
927235386	Monjjee	
803916038580666368	zhoolide	
840861680779329536	dela_a74	
843236652881494016	nasim_rad1995	
4360897047	soheilinho	
783972460660228096	ali__r_D	
712486314701156352	Nilinona	
3373967770	rominanazari95	Romina
732562471735689216	Sarv_Naze	   
728630569937055746	fandoqsjv	 
1960088160	AmirKho3ro	 =))
1515438272	SarBeHavam	
1451191472	Rasta_222	
2443023581	Boloooorkhanoom	 
2257615118	elhamjim	
792117588557955072	tg_iuom	 
2849172361	balabeik	 
798621402375004160	sertralinaaa87	
3394900941	mzlive23	Memollisa
714157144816422912	Sweet_sweetttt	 
841996265017741314	abijenab	
810593271428894724	solmajorrr	 
731157241722720256	ha_di_lay	  
817787905057976322	phenol97	
2452862984	Sepi12_22	
1859769271	Janzmarj	  
2218130028	majidmov	KingBee 
841983644357005312	fozhman	 
4287534622	Asozusta	
515747804	hunniegi	
754635436543217664	Damboli75	
846064347029950466	datRollsRoyce	Roya
776795001783214081	dchnp9	
1155192594	yekadameinjoori	   !
771415835671826432	marisingsf	
707078987542040576	Elham90310	****
806771726637875201	fawrimah	FarimahF
53406241	bhzdsbt	
3357402496	lia_f_f	Lia
706512161711849472	stevemacnamanam	    
1566879452	saambian	Amin Sabbaghian
1522825879	marzibanoo	
3438980320	DavoodVatan	the DAD
816971600021045248	Nasim_ac	no one
2447000395	Hatori_Hanz0	 
3811743503	l3lueheart	 
844870347799220225	rahaaak	
833065973565452288	bahar_shahraki	 
847329491613433856	Aminvahedi4	   
763434874996977664	MakondoMarkez25	 ! :)
822564925285552129	BenjaminButtonA	 
780854598173020161	daneshjooy	 
829800763324985344	chistaa3	 
789949840763547648	safa_ultra	
4185303153	ArtaTtaa	Arta
846806207763546115	misspariii	MissPari
2331142290	soroushMDi	  
724567362972844033	gijobitab	  
4820765663	Fati16O	
2609508967	butterrfly	
2742124953	nimich8	
718373637431128064	__chocolate18__	
777860697388621825	tootii_fh	 
842666900962402304	safarnazsahari	 
785546707576717312	moonlight_mah	Mah tab
824340171286073347	laleavag	
838427616386433029	mar20yam20	  
735951431895781376	alllefeh	-.-
754564692367015936	mettta_talkh	Farzin  
2207296386	Musio_Reza	
818138321331388418	snow__queen___	  
822849066098946048	R_Saha_S	Saha
2442856062	Vikar_21	 
1732983685	omid_sen	 
2679330278	salak671	vahidzerange
827748577640325120	deepinsidemzf	  
726047112882847744	DiCagliostro	
777782574894682112	dokh_mal	Moonlight Lady
838410243478532097	parsa__y	
748691944256118784	mansadafam	  
840527979671371776	moon_sa_nu	
780354177893486593	mis_noell	  
758176310678155265	EteHomy	igor
704541517889859584	mim_naderi	Mohammad Naderi
808386187442397184	mr_nonkhamei	   
3244153466	mrymaz__	
832175005966356480	shakibism	
772790909771603968	mohammadnd11	   
1576054135	sorbitolC6H14O6	
2211030762	_NgRiN_	   - 
634771203	NotoriousMid	
2478900341	msadegh122	
775634238	Niiikssie	
817570262354956288	biggrayowl	 
840555580116852737	SweettHG	
760140624007954432	_saraiism_	
731154446823112704	romina_sch_	Wednesday Addams
812055033806262272	sahious376	 
712186929530404864	MrExceptNoBuddy	 
1628720071	psynaaaa	
776438079569657856	GolBaahar	
810438081715249153	khasteeh	 
814488739133145089	sepidar_m	 
4809549914	p_e_54	 
4617314675	Limootorsh23	 
844970575	Antihero_BC	 
2748835769	Seyed1841	Seyed
1379963191	amirrezasoos	
799018877200060417	S_o_l_i_	oi
707586351915520002	Lili_M_1980	
1210486981	Supermarketiyan	 
719206025241456642	MiiindMaze	 
797515793303011328	parsahashemi22	
840671505046491136	SamanehSajeD	Samaneh
827385711259103232	sepideh_ms	 
429383407	HappyM0on	  
816711681438990336	setaeesm	
795735258800984064	Iceberg_yy	 
818741760839090176	saba_s_h	
4408546762	aminhesh	
833281885736407040	mahniya_bano	MahniyaBano
813142037969174528	a_m_i_r_r_e_z_a	 
1034108520	nilihasa	 
823898469970616321	yonsnaroei	 
745284470	s_mohammad3m	 
817081532682739712	YasnaPgh	 
803492636015362049	mahaya_t	
1320389455	golsa_94	golsaa
784375097180250112	soltooAn	 !
779266152312832000	Reza_shell32	 
3794276172	hamidam_22	hamidreza
821096696117600256	ali_haghsetan	  
3064041015	Erfanism	
721445779999748096	fmhm0	 
3012374688	MahdisCheraghi	
837635044470624256	gisgolabeton	 
3427739745	h2193shnew	haniye
785778049212030976	b_i_i_d	
112251679	mahdidavoudi	Mehdi
1182804702	Giigantiism	
753158862446944257	Mhdisvv	
814934697969090569	Illusional_lily	
2766288148	Tahtaqari	 
1034275788	ladyjupiter90	
344080587	arash_rh	 
600801470	_5_n_m_	
3069520600	_Will_Colbert	 
3298497512	farshoolina	
1480827248	VenusZohreh	
1719380528	7Metti	METTIHO
986746398	yoradelrey	 
792138532529639424	About_Aliii	 
2911887836	Corleoneeeeee_	
3192426156	mh_FA96	  
