3226731	hadis	hadiss
4877065337	G0nj4	
820506302	jaspertruyens	Jasper Truyens
163802435	fietsprofessor	Cycling Professor
2810500905	earthtonadine	Nadine Galle
213694762	torgheh	  
97617682	Shadibeyzaei	Shadi Beyzaei
2885302458	leylikarimova	Leyli Karimova
18657360	madyar	Madyar
49113039	SamiraGharaei	Samira Gharaei
182940485	behnoush_h	Behnoush
736647032547348481	barisae7	
42365683	amirx	
4780612048	mgmonana	Nana
519396874	Zed_Moon	
1377921709	kahoopich	 
4867091386	channelBpodcast	 
817105298590572544	BahmanAmouee	Bahman Amouee
4861013172	daroshafaeij	 
738185048	DarkPasenger10B	Lily Anne
44064699	pourostad	vahid pourostad
542118369	Ashitaaka	 
278684304	shkohanchi	Shabnam Kohanchi
1574912168	amir_372	  
743532384516190208	Son_Of_The_BEEH	J
2941090939	Shirinnezafati	Shirin nezafati
241965650	Hosseinbeik	
27712022	JoseArcadioXVI	Erfan Mojib
711789200077676544	Bbirdwomann	
1225513884	hosseinhamdieh	 
45936656	fakhraie17	Pooyan Fakhraei
1160106757	El_Hypnos	
4223383694	ClemKruczynsky	Clementine
832939634	HamiNaki	
30186494	aliereza	Alireza Vaziri
52000195	Sam_SM_	_Sam
731940454527340544	Ramin_1054	Ramin
3297594548	masoudkazemi81	Masoud Kazemi
273478225	xentrixus	 
2355168188	AmirKiani1985	Amir Kiani
248525138	alchemistlilith	lilith
210719582	asadgharighi	
235680174	hamid_karimii	
1636072164	zarmeh	Zahra Alipour
3739682116	SheTweeting	Shahrzad Beheshtian
3138642203	ShahbaziTahoora	Tahoora Shahbazi
4243969032	a_h_khorshidfar	Amir.h Khorshidfar
28539552	Mehrdxd	Mehrdxd
58247329	monoasis	Rza
587885385	amiryaghoubali	Amir Yaghoubali
4859337176	hafez_hakami	Hafez Hakami
21847653	HAM3D	Hamed Pourhosseini
353739343	oliverteeut	 
2889896601	Hombilious	 
482234152	ShimDashJim	
14756433	meysam86	
1184510671	stascapando	
3124352347	ataasadeghi	Ata Sadeghi
88215600	khsmani69	 
611777878	Grandios	
63645014	Pargas	Aida Saadat
598600732	jackthefatalist	
804474150	hermandovo	Amir
572051429	Serpicoo3	Serpico
187139551	_MehryarS_	MEHRYR.S 
14386146	manibj	manibj
57276671	elllegreen	Eli
47000864	payam_f	
14851948	Katayoon	 
794299734	rainy2nds	 
2383030438	M4DG0DD	 
999094380	_Mozhgan_	Mozhgan
3238292444	Aban_Dokht	SeaShell
18378093	blind_owl	
14355043	GeneralFarhad	 
15607337	aroozbeh	Ardavan Roozbeh
429560383	AydaPour	Ayda Pourasad
1350132571	__Azita__	t
353676620	_soro0r_	sooloo
332907128	l2eza	Mohammadreza
14341131	roozbehdotnet	
624031683	mooshtebol	
1577623176	SharareMishavam	   
19409734	Hasan_Farahani	Hasan Farahani
76172541	MilaDnu	Milad
1462818511	ozirice	Ozee
1658543364	abak1371	abak hamidreza
2212622112	rana_schams	
3118160867	KhoshounatBas	 
2586910680	BaharKhosour	 
566125600	nosferatu08	Nosferatu
704014849	citysituated	Mel Taylor
551730765	zahra2101	Zar
226973327	GhzJabb	 
51687319	Entex	Ali Ente
243307338	haniyehh	Haniyehh
863587717	Nedddaaa	Neda
14808514	hamiddm	Hamid M
133237155	Nix_Nikooo	Nix
411483717	K1sadri	
290528246	Mehrenaz	
17562196	Mahtob_M	Mahtob
109539713	Elnaz_Elz	Chaysig
1927297616	miss_janan	
25354833	mrkavousi	MohammadReza
2913547533	amirhosseinag	
2914216117	AbbasHakimzadeh	 
1708762915	samanthaldy	
57360803	MiMjan	
2439772098	azhman1	The
525711105	Missy90_	Missy Elliot
232297221	HadisSsbn	  
531885947	drmalih	
480614590	Mahdis_amirii	Mahdis Amiri
245005041	SamanAghvami	Saman Aghvami
98573930	naaffise	nafi
91092088	MrSulley	P.SULLIVAN
2756085988	Parparbanoo	Parvaneh Vahidmanesh
12355832	opiums	Opium
22024691	siavashh	Siavash
2228762088	1hoseim	Hosein Norouzi
16401418	mimjeh	
429935650	zeus_dreams	
47592111	adissimo	
238212113	Samanta_gol	
46028420	EhsanAzaddokht	Ehsan
896668789	hnrtrust	
2594204948	alirezamahmodi3	alirezamahmodi
302860174	chapdast	Aka Lefthanded
60276219	realArash	Arash.itect
1142970684	rezap1371	Rezii
2173733523	ElhamRs2	Elh@m
1225160701	KhanehAmn	 
1490525245	pesarack	
510012293	hheFetaa	
20235694	Conformist77	Conformist
224534648	MastoMasstaneh	Masstan  
225120372	MaxShadd	Max Sh
20502990	Soltoun	soltoun
189462386	dutyMessIr	Taha
247698878	ali_appleseed	Ali Appleseed
39975891	SaeedBaygi	Saeed Valadbaygi
2202047257	rezvanehmahdavi	Rezvaneh
538340357	69Erfan	
1465448533	Shiweed	
14700316	hrw	Human Rights Watch
14511951	HuffPost	HuffPost
2352069402	SoheilMigrant	soheil
528773240	NilSaAr	Niloufar
766645963	Tolerancing	
427194124	FreeSaeedM	Maryam Malekpour
48454250	greenfall_1983	 
356842518	GolrokhS	
282935352	SH4HR4M	
310295780	ghazinouri	Reza Ghazinouri
540812894	EverydaySexism	EverydaySexism
171001767	immersivio	
15784302	JonHutson	Jon Hutson
19270523	AmnestyNZ	Amnesty New Zealand
17137628	UN_Women	UN Women
18461573	1hojjat	HoJJaT
1036369338	NNiloufar	 !
29031508	ArmanPlus	Arman
2373186906	SOYUZ_97	
76739544	Doonesht	Hossein Haghighat
229210653	Saimonjafari	Saman Jafari
36370774	B3RSAM	Bersam
45546294	MehdiHeydarian	Mehdi Heydarian 
14755862	VahidStar	Vahid
1652541	Reuters	Reuters Top News
21640689	neemeeaa	Nima
2446077384	Aftab_Naghashi	Narges Moosavi
564686965	Brilliant_Ads	Brilliant Ads
145978797	NeuroNiMa	 
49084050	alirezat	Alireza Taba
14545668	Kayvan_Hosseini	Kayvan Hosseini
448882034	HamedKhabbazi	Hamed Khabbazi
515825014	PherPhere	
1086485478	History_Pics	ClassicPics
14180025	alirezaa	alirezaa
44572728	amirkaz	
1576054135	sorbitolC6H14O6	
97251203	behnam2k	Behnam2k
460495466	BBayani	Mehrnoush b
203456795	SHoBBar_MZ	  
163433987	bob_johnson	
6135642	dw_persian	DW 
19758530	elsereturn	
518681801	fhinese	Hamed
624459884	AliKhalilifar	Ali
988661137	merry_8_4	
1371096722	NZ_Planning	NZPI
904290278	transitized	Transitized
894875454	AghBahman	Agh Bahman
1584066241	alibozorgian	Ali Bozorgian
195224039	Mimabedi	 
72492752	deraakwordpress	 
806080675	mowtion	
434442640	shaakhtaar	Shakhtar
14690170	PhillipOfAjam	P
