277558757	Aminusf	Amin
1028214691	___mAn____	 
818411493368664064	omretabah	 
730043629851398150	winstonvscamel	 
3356947570	sertraline7394	
816204066623733760	Mohamadreza444	Mohamadreza.444
49149284	7_________8	
803545652135362561	xakesque	xak
1074608533	dt3pi37	he sum
603813509	SAEID_HESAMPOUR	 
282935352	SH4HR4M	
292884476	SiamakTgzd	Siamak Taghizadeh
1525529425	zoheirIRAN	 
129020575	hosseinblr	hossein
970443032	MShahdloo	Mo Shahdloo
2955794743	bahmanb88	   
872923757391872000	heyransahereh	Amin
431441904	alikhara1	Ali Khara
871761946898571264	_Moh_Beh_	Moh Beh
712704116254908417	liminal_	mehrnoush
865887985199448067	stolzam	saber
871067803301928961	ElhamEsmaaili	
2750196420	Hedayat1330	 
802817024632168448	abedishahroudi	 
2850594323	MJ_Akbarin	AKBARIN
822332704242991105	Nimches	
781513212160192518	LiLi_maneli	* LiLi *
3123016344	BardyaMousavi	BardYa
2175217307	Ravankav	
1268317310	gholianh1	  
2889896601	Hombilious	 
813246541301485569	abedini1976	Reza Abedini
211947015	Nillzjdg	Nilz
741930751265021952	KavehKoh	 
2475313177	Masslubricunt	Masslubricunt
3271605907	AleeSoumi	AleeS
200513844	n_im_a	NIMA
521253979	Af5anehha	Afsaneh
456717704	PAYAMiiN	PAYAMiN
228037535	Tafaghod	
238330325	zirwanz	zirwan
302860174	chapdast	Aka Lefthanded
15569989	siahvaz	siahvaz
177746835	sayeh_ro	 
317615639	NooshFaR	Farnoosh Nik
601234471	colonelaorliano	colonel
20235694	Conformist77	Conformist
111075212	1naji	 
38385927	NarimanGharib	Nariman 
552252520	engmahyar	
373003141	__Kasra	Kasra M.
416616863	dezirehk	dezirehk
1136798288	Lil_Miil	 -
1909162928	dentopy	________
285640165	ArianHimself	El Duderino
1391562487	jimbeltarin	jimbel
403680194	bobroger1	bobroger 
1180588441	GholianH	  
268958654	OstadAssadi	OstadAsadi
245680664	aamino0	
22024691	siavashh	Siavash
2292544795	fariddmm	farid
2330857326	siniorzambi	 
822175024782123008	Ennzocoli	
15086510	pngle	PnGle SeleYeR
804474150	hermandovo	Amir
852056086668562432	golnazsoltani	GOLNAZ
2392433731	MastourehNasiri	Mastoureh Nasiri
3512008875	hasanasadiz	  
587885385	amiryaghoubali	Amir Yaghoubali
33493951	fardaa88	Fardaa
3405249253	arenesmaili	Aren
14490065	azoli	azooli
855488685931999232	abmomeni	 
3993602968	Nasttaran	Nastaran
819981807689039872	najafi_tehrani	 
779357551087452160	drhafezi	dr.hafezi
704177576978219008	asieh_bakeri	asieh bakeri
800738467453931520	namvarha	 
1634854514	khatami_ir	Mohammad Khatami
181198159	HichkasOfficial	Hichkas
864042450419163136	navidmamza	Navid Mohamadzadeh
2155475958	fashkhamiyaghma	yaghma fashkhami
3044877227	Khatamimedia	Khatami Media
143896671	Kaleme	
853290625	TwitteeTod	
820322052846579713	emad_bahavar	emad bahavar
28539552	Mehrdxd	Mehrdxd
348498840	m0hagh	
2536462023	amirseyedin	 
747751558398500864	qoliyan	sepide
2229049841	Javaddalirii	Javad daliri
14341131	roozbehdotnet	
236349116	kasra_nouri	kasra nouri
1723327903	neg_kt	neg kt
1371618385	Rouhani_ir	 
1600742850	mowlaverdi	 
894875454	AghBahman	Agh Bahman
309064867	ArashBarahmand	Arash Barahmand
817105298590572544	BahmanAmouee	Bahman Amouee
3132683170	m_golru	Mahdieh Golru
1850273407	khvatan	khatereh vatankhah
802901280784076801	MAfroozmanesh	Mehdi Afroozmanesh
2889560387	vida_rabbani	vida rabbani
814231264765026305	Eshaq_jahangiri	 
854595619	sosha999	Peyman Yazdani
2489759365	Hamid_wood	 
1480319263	35degree	35
1512833803	nimanifest	Nima Rasoulzade
724391426180657156	ketabfinder	 
713313773038223361	soshiio	Baphomet
2256186895	Alireza_Moein	 
56135734	nauzaneen	Nauzaneen
831519910463434752	mostafatajzade	 
2575440769	AbdolrezaKahani	Abdolreza Kahani
1145806178	mhnajmi64	Mohammad Hasan Najmi
17030435	khashayarsha	Khashayar Joneidi
3739682116	SheTweeting	Shahrzad Beheshtian
49290080	shirafkan82	Amene Shirafkan
619441647	khabgard	
4906304499	maryam_zohdi	Maryam Zohdi
3139107506	Existentialer	
335163791	shazdeahad	shazde
43857522	LilyNikfar	Lily Nikfar
819131293514469376	sajedeharab	Sajedeh Arab Sorkhi
2754330819	Ashkan_hn	 
18657360	madyar	Madyar
45188226	ranarahimpour	Rana Rahimpour
920317916	bbckalbasi	 
1201045933	BBCBastani	Hossein Bastani
16326063	samousavia	
96394122	abtahi_m	Mohamad Ali Abtahi
94305172	arminoza	Armin
828292841147351040	z_mousavikhamne	Zahra Mousavi Khamne
3131466466	abdollahram	AbdollahRamezanzadeh
1905589586	sabaazarpeik	saba azarpeik
811576263248723968	hnooraninejad	Hossein Nooraninejad
824283145855967234	factnameh	
760437030	HamediEbrahim	Ebi
4861013172	daroshafaeij	 
123577879	aazaad__	Merkwrdigeliebe
35067843	iranbaan	Fershteh Ghazi
572051429	Serpicoo3	Serpico
279522990	naghmezz	
254217543	MaryamKarimie	Maryam Karimi
852884516041617408	AAnnAAQQ	  
4921131	nima	Nima Akbarpour 
2234816707	ShabnamRahmati	 
2471392868	mahsamrabadi	Mahsa Amrabadi
742646192	behnazn2	behnaz n
628139384	HosseinRonaghi	Hossein Ronaghi
2335175053	NahidMolavi	nahid molavi
2941090939	Shirinnezafati	Shirin nezafati
780723991778504704	DidbanZanan	 
1146382622	Chissttaa	 
125139828	nazaninroghaye	Nazi
5943122	LevaZand	Leva Zand
210719582	asadgharighi	
714363474382557185	bbbbb_274	sayan
3367251779	WinsWolfe	Mr Wolfe
484284489	SirHermesMarana	
48455619	KooroshZeyghami	Koorosh Zeyghami
752724987203710976	H_Rafatnejad	Hamidreza Rafatnejad
710719111605530624	goorbachof1	
3879133462	AliBayayii	
712203671258451968	Gavrch	
873867872	Teymoursg	
598600732	jackthefatalist	
841665113836904448	NMorshedzade	Nafisemorshedzade
403697402	mahsaef	mahsa f
58441672	arghaOne	Arghavan
546241539	majlool	jan
701020487971901441	AliBayayi	
3068716126	Azematt	Azim
46870594	mehrlran	
1160106757	El_Hypnos	
730129892877049857	jilabani	Jila Baniyaghoob
279501453	inthemoodfortw	JeanPhilippedeTonnac
3091727255	ShahramRafizade	Shahram Rafizadeh
2286253674	saman0018	 
3124214812	pmiliii	  
240150566	sm_rndm_gy	
99999538	Mirzadeee	
2237397852	amirebtehaj	amir ebtehaj
761262722378072064	ICHRI_Fa	   
18424473	_Cafe	Cafe
3052657133	SamirBinTuta	  
751721055031586816	mah_sadeghi	 
251763473	imanpaknahad	Iman Paknahad
2663611812	SasanAghaei	Sasan Aghaei
14873102	ArashBahmani	Arash Bahmani
751176025	kevinmiston	Kevin Miston
1256706829	zat_ara	
3009900139	kayotRaRa	
1920731322	intheWISH	
439324615	ArashKhoeini	Arash Khoeini
2253748658	EvaArriagaD	Eva Arriaga Durn
2883837808	charshanbeh	 
4382567835	VaghayeDaily	 
574410344	Narvan_Carmir	
