145157151	omid_keshtkar	Omid Keshtkar
4701357078	Mohsen_Kadivar	Mohsen Kadivar
1726305288	AfsharMahnaz	Mahnaz Afshar
751721055031586816	mah_sadeghi	 
860790481650941952	sepehr_khorami	Sepehr Khorami
823259886364585985	QobadiMasoud	Masoud_Qobadi
207131968	Mary_MNa	 
799703646841618432	itssarahka	Sarah
238982755	asalbshrt	Asal 
4794059380	mehdadkh	4+mehdad.kh
1160792402	yekvakil	
108721610	ali_lashkari	  
3038638900	eslahatpage	  
88271762	YAStunes	YAS
2945599269	siamakansarii	Siamak Ansari
47421258	Golshifteh	Golshifteh Farahani
4624773153	t_alidoosti	Taraneh Alidoosti
1040246827	mr_alireza2004	Alireza Asadpour
2589787570	patylotfi27	Patricia Lotfi
463531961	shinqaf	Shinquf
36940817	ChrisPalmerNBA	Chris Martin Palmer
3004071436	myLetter4u	#Letter4U
95023423	UberFacts	UberFacts
270960311	DemeroI	Demerol
16548023	9GAG	9GAG
2946225721	MissArefeh	MiSs arefeh
255038870	1masochist	
2452760151	azaleanazemi	azalea
560263792	ArvinMir	Arvin Mir
1577113752	mahshad_mo	mahshad mohammadi
1910588761	021Sade	Amir Abbas
410718052	ManotoNews	ManotoNews
1416725066	shahinnajafi80	Shahin Najafi
1196841164	IranTalks	IranTalks
37019708	applenws	Apple News
25837337	MaxComedian	Max Amini
790728	bbcpersian	BBC Persian
19919875	kambizhosseini	Kambiz Hosseini
800532157	AminMansouri_	Amin Mansouri
183072836	BahramRadan	Bahram Radan
250509589	moulavi_robaee	 
248567837	Mehdi_Shelby	 
61903131	JavananNews	Javanan Magazine
161049344	___achilles___	achilles
184910040	Adele	Adele
19923144	NBA	NBA
23083404	KingJames	LeBron James
24901663	agharoobahe	 
91082254	alisharifi1	ali
