827646141722357760	samin_banoo	 
14567230	1mahraz	mahraz
8493702	Shinings	Setareh
878480301659500544	Mon__a_	Monac
305471365	Xendawn	Xendawn
726531218	arghavaniiii	 
93712572	Dokhtarhaji	Dokhtarhaji
297929344	Ferediiii	farnaz
366128775	Ferigis	
357541884	Sogol84	 
89673662	Xerxes_II	Masoud
279522990	naghmezz	
17066033	Boushveg	
203456795	SHoBBar_MZ	  
251489671	Hena_Tena	
160921092	riznevesht	
440916381	Saaber7	
3499890861	homijalali	  
45796305	RaminTZ	Rmi
229164525	PeeJameh	
275221481	xmangamma	HadiRostami
21977719	AmiiiirHassan	AmirHassan
3525259217	__m_o_n_a	Monic
1106275189	kalegondeh	   
216798913	esfanj	
3231986070	shoyoot	
148141056	Paanyht	Paany
163433987	bob_johnson	
83819295	Aroooom	
840696344	paapion	.
245153743	buuuugh	 
161049344	___achilles___	achilles
578568954	tanuchkaa	
371746231	Me_The_Sun	.
51087520	Sepidehma	Goje!!!
618287221	R3ZA_	R3ZA
851186784	sanjaaab	
579187083	taataa_h	.
137492261	vahidmali	Vahid
15515208	Arrgha1z	Arghavan
633005262	Etiiiii	Arash
632302318	Aquariane	
293789869	Gagi_B	saghi
7424342	milaad	Mild
138422490	nimsede	
30640023	khashayar7	khashayar
125139828	nazaninroghaye	Nazi
17447154	saeedhbi	Saeed
292443693	ferferiiii	FerFeri
213444096	isaaeed	 
457676025	sepiiidegh	sepide ghh
70353908	3raah	
398413431	LaK_PaK	DeLaRaM
29031508	ArmanPlus	Arman
330424049	yegmal	
153160819	graysnowflake	Raha
210473384	tjkmrz90	 
45805407	NiiLs6	 
191039765	ErFUN_KH	ErFUN
241859181	mamalZZ	
189212142	FeeReeSHTeeH	fresh.azd
39706356	Tahiiram	Tahir
240630212	AzZyAsbOurne	AZzy
55511555	MaaloOX	Delaram
221017623	miiimmiiim	nazi
