3303691961	Dream_Backpack	Dream Backpack
819131293514469376	sajedeharab	Sajedeh Arab Sorkhi
2152866594	KAMRAN_JABARI	
731393824078073856	ayyoobeh	 
804443910399492096	AliKiaan	Ali Kian
856302532146200576	karimshireee	  
799372523460849664	GNevesht	 
883293508806877184	shokol_	 
834034128223891457	HosseiniTwt	Ali Hosseini
150592136	HamzeGhalebi	 Hamze Ghalebi
880674046731485184	Ghheidari	gholamrezaheidari
519810127	Miyamoto_Sa_Ba	
832613852	PoneSia	 
886611633535152128	mahboubeeh	    
1926523099	MortezaGhadimi	 
811952968333410304	ashkankarami67	ashkan karami
3076835745	maliii84	
782859869690945536	soltansorush	 
782909467029635072	ferifaran	 
879904057422475265	movaziii	
713263968517812225	SMMousavilari	S.M.Mousavi Lari
834069795423285249	fatem_y	
820005185812623360	Hedayat_1903	 
2577203870	sam_famili	sam famili
619441647	khabgard	
883419828941447169	MmdSz	Mmd Sz
244154076	navid_mgd	Navid Moghaddam
48430724	fedra_j	fedra
483024490	DailyGrowthHack	Daily Growth Hack
782573208985739266	kianmehrr	  
873823395519057922	ghuleakhar	GhuleAkhar
848924694606696449	JNaiemi	 
859306098448355328	moeinshokraei	 
273603872	cpascalar	Charles Pascalar
887029922304327687	azadehgholami	azadeh
2348409834	mehD_ard	MehD
712327716746436609	eidebaz	   
854805137487007745	MoavenAval	 
532146997	nimamohsenii	Nima Mohseni
866582426025414656	Elnaz_Zam	
872914941308796928	Matin__Mti	Matin Mottaghi
861879811861610496	hivashaker	 
2787911245	EmadSaedi	Emad Saedi
755491823280357377	masoud_kaviani	masoudkaviani
775895848592871425	Gheiremotanafer	   
26435658	mbabazadeh	Morteza
882223000703119361	omidakhavz	Omid Akhavan
1487307116	SohailRazmjooy	iSohail24
1908105828	Z_Asghari	Zahra Asghari
868147899653386241	parnia_karami	parnia
2214392502	WeaponPictures	Weapon Pictures
580066693	msourena	.
815542027987419136	Samanerabiee	Samane
747496605545299968	SasanM9	Sasan M
12837042	tayfeh	M. Tayfeh
750648542792916992	kalantari11	Pooriya Kalantari
56648618	mohsenlinux	Mohsen
39916789	doxigo	Sohail Lajevardi
822555102758273024	Bahman2123	
4664513621	Danicheeta	 
754924741	TheNewPhil	New Philosopher
868736223040458752	motrebemastan	   
4103727073	DinaJafariii	 
819182491537932288	abbas_molayi	 
3510091336	HiddenHelixmind	Helix mind
1473278234	sohogil	Sogand
763236830040981504	ZariKh3	
814644221571375104	mostafacanani	MostafaCanani
863683513408774147	ElhamFakhari	 
827367713202769920	mirza_reza051	 
621667667	Sherwini0	 
839793614796488704	discriptionme	  
834395103691210753	Kamfirouzi	 
801103102048931842	moin_mostafa	Mostafa Moin
875230282277900289	MJanfada65	majid janfada
875091244208336897	_ahemmati	 
178646340	Sharareh_	Sharareh
816636827578826752	Hoseinsaeedi3	 
263554126	gadirsa1	gadirsa
1011751664	AviSa_Sh	
3657650776	mehrdad_toghi	 
830944037888737282	zan_boor	  
788348612879196161	garfildy	
852763004718399489	fact_sheet_fa	Fact_sheet
875992032170442752	TehranyHediyeh	Hediyeh Tehrany
2348465401	re98se	 
873469402645241856	10amPodcast	 10
879939986707099648	Hosseinshahba12	Hossein.shahbazi
17272701	habil	Meysam Ramezanali
73185418	myoosef	  Yusuf
3022596524	hila_sedighi	Hila Sedighi
863710340957253632	mhdmhdpour	 
870445317807894529	shazdekhaghan	 
230450668	amiretat	Amiretat
272335988	alirezavaahedi	AlirezaVahedi
799449411390701569	MaryamD2759	 
551503079	AliJafariPw	Ali Jafari
867199285636497409	coldcoffee7ahz	 .
517414478	behzadw3	Behzad Yazdani
3141865629	KavehNabii	
2842530136	MangueMangeur	 
3380705759	lovelynature12	 
703575137694715904	aidinoff	
81428829	GreenShiva	
53646823	yousefpour	Mohsen
4907934826	atiikey	ati key
834842167164207104	fahimeh_saleh	Fahim
804335980568317952	Mli_math	Limit
114814408	EhsanTarighat	Ehsan Tarighat
861108594753884161	erfan_jani	erfan jani
9621242	theanother	Pooya Mahmoodian
302019429	sahar_hastam	 
106131533	ElhamMH	Elham Mah
3379253201	sadafahi	Sadaf.A
3171707026	AruaArsham	AruoAr75
727092553925849088	jostejooogar	 
1061515795	nasimb2_	Nasim 
4823378883	Shenotocast	Shenoto
817062684919234561	na_sadegh	  
873370373869457410	Mandana52020610	blue jasmine
839436871478427649	AhmdRamezani1	 
4836353891	davoodi27	
703431715650301952	cstrbreaker	Constraint Breaker
759471390231846912	ozllat	
1614847698	Farzaneh_343	Farzaneh
868717708917035008	mohsen_qasemi	Mohsen Qasemi
15518172	ryanfoland	RyanFoland #GingerMC
3367943315	tala_kiani	tala kiani
301645503	NakhjavaniSm	Sadegh Nakhjavani
829321609739505664	naghmeye_gham	  
272394796	blessedfather7	
875627795224735744	violetanarchist	  
815277525270200320	anjoman_sabz	  
873302941020688384	Sadafbanooo	  
1608248455	MTwoFans	  
2320505144	mohsen_barati	mohsen barati
19409734	Hasan_Farahani	Hasan Farahani
146793905	saman_soltani	Saman
61756905	Kooroshfar	Ali
867634649241202688	amirh_yousefi	amirhosein yousefi
874651080495386625	lilius55	leilaaraji
2905345601	Miiminor	 
426525178	yoesin93	
7157132	gamespot	GameSpot
851747015222599681	AbdulDadras	Abdul Fatah Dadras
949472707	mughb	Mohammad Ghassemi
820885366035152896	Memareman	 
198563041	febrahimzade	Farzane Ebrahimzade
847224747586748423	sabzzeh	
869179627436097536	MeysamEbady	MeysamEbady
1907356520	demo_hamed	   
2462743081	imanmohammadali	iman mohammad ali
752786347312676864	rezwani1993	Mostafa Rezwani
870789974077177856	arghorbani51	Alireza Ghorbani
3149438120	bard1219	F@rzad
22044101	reza_nedaei	Reza Nedaei
4906304499	maryam_zohdi	Maryam Zohdi
720056922041409536	FenzerBenzer	
21656739	mrmiim	
780505512819425280	shakkakman	
603003471	samamehr10	 
2228762088	1hoseim	Hosein Norouzi
870053353329393664	one_babak	1Babak
808355497329983489	m_h_aarabi	MOBTALA
802526024520974336	Big_Fudge_	 
846646307586543618	khandaaie	
813863563362181121	Capitanmm	mr.sina
868766001084682240	saberiMohammad0	Mohammad Saberi
824245377746538497	Lady_shar_are	__
55668161	rasoulabdollahi	rasoulabdollahi
100747187	arashkarimian	Arash Karimian
4491702442	oostaadd	
725640757	YasinRahmani	Yasin Rahmani
531699251	masoudvr	Masoud Amoozegar
1036596127	elyashazrati	Elyas Hazrati
93133101	HasanTBT	Hasan Tabatabaie
863418984946970627	KharamanSarve	Sarve Kharaman
798086089281978368	zhezhoooo	
847190525962846209	amin_jahanbani	
3221673059	talktegy	
270509381	minoodarya	
811815062843355139	AMasjedjamei	  
3381623343	adibinia1363	  ...
836665272262086657	tf_mehdi	 
802817024632168448	abedishahroudi	 
2497049886	turkishsajjad	Sajjad Ramezanpour
857939034458292229	yasinnamakchian	Yasin Namakchian
1604687634	ebrahimnabavi	Ebrahim Nabavi
2189931379	R_Zandi	Reza Zandi
867566349081509888	IranAdsClub	Iranads.club
180463340	GameOfThrones	Game Of Thrones
628139384	HosseinRonaghi	Hossein Ronaghi
1697126023	ArminSoleimany	 /
1078133168	mohsenamin10	mohsen amin
858566849247813633	saeedeh69	
3303737377	M_Mehdi_Arjmand	M.M.Arjmand
817605712327180290	alidzhk	
809743447246733312	alimotahari_ir	Ali Motahari
764095540581830656	Iamlaracroft	Lara.
753179185305169920	Reza_hyd	RZA
