839568197095460870	Saber0074	Saber
61488520	jalalsaeedi2003	jalal saeedi
3262634951	_samirow_	
853233671712669696	HT8589	Hossein Tahna
878850022380589056	newmh9	 
799242587471278080	Wyroczniaa	Wyrocznia
877066731944062976	BOXOB_T	BOXOB
472852789	fateme_j	Fateme
4821216310	_WinSmith_	 
730805776969805824	whounfmeorg	Who Unfollowed Me
1110143388	Sany___	Sanar
2582005813	Helmar_kh	
1495951248	hosseintanha89	 (UNESCO)
381361654	mahsaee	mahsaee
858014018526601216	mr_rishoo	mr.rishoo
711142603	Khoftak	
1329018038	culaan_	Dra
751721055031586816	mah_sadeghi	 
2693599770	_alphamin	min
2156923266	tiyooter	naser
754064082605596699	ARTABAZAM	
736556386377572354	tousheh	 
2923843697	zaghtweet1	
860139501460606976	somaye6800	Somaye6800
946283900	Baastaardo	Aida
857944534436786176	hadis1nrz	hadis
2516171059	rfi_y	 
285089763	negkhd	
1584066241	alibozorgian	Ali Bozorgian
852981644420161537	chawtaar	Mr BigHand 
764964058697232385	4shakhe	
700230066	m_h963	 
1201045933	BBCBastani	Hossein Bastani
3009900139	kayotRaRa	
2683632479	mammadsein	
773817048728207360	kakmaki09	 
3075474801	IranHistoryPics	Iran History Pics
411483717	K1sadri	
946418576	AlmaSign	Alma
727575162892124160	AliDclxvi	
323127279	stere_kh	
979042861	behzad_bh	shex
238229483	kuffmode	Kayson
755142367	sakene5	 
1420148670	ham1367	Hamed
311955214	uesaran	
132898764	mohz67	
1580884105	hooshmandk	
224667410	dastaviz	Hossein Dastaviz
2196627649	shaboonmI	
1100641922	Mrqauf	
183206087	hadiahmadii	
4073941822	__HanR	
3405249253	arenesmaili	Aren
107223327	nafisehkBBC	nafiseh kohnavard
116185997	rzgar_sh	rzgar
4382567835	VaghayeDaily	 
264309749	z85510	
790728	bbcpersian	BBC Persian
743532384516190208	Son_Of_The_BEEH	J
1667371002	plaque9	
1522028761	musaesmaili	
242807567	_aTaha	taha
2180633748	MehdiAHM	
3242368285	Rockkettto	
14367829	saman77	saman77
4821827513	_IbI__	  
4538783414	azdla	
1268317310	gholianh1	  
171000329	peka1355	pejmn
245925753	_Haamed_	Hamed
2285581932	ehsaningg	
1180588441	GholianH	  
704418973220278272	you3efg	Yousef
717182910877532160	oustababa	
220934877	8userc	C
13832792	EbrahimHeidari	Ebrahim Heidari
2564931008	Seeeeher	
287088046	ReviverOrator	
1962558661	_rezZza_	reZa
718551697510031361	JadidMasood	  
4565124497	YouTdii	 
284513612	Fdrc67	
402559499	MammadBi	Mammad Duman
713313773038223361	soshiio	Baphomet
123623339	ru5e1	
519773434	SaharDery	
217861092	ArashGir	 
4624773153	t_alidoosti	Taraneh Alidoosti
245975098	neutrinok	Kayvan Neutrino
366559590	BeingNimra	
2320649540	_OhReza	
353739343	oliverteeut	 
1256706829	zat_ara	
1691574356	SharghDaily	 
181078043	Errfands	
544584414	hessamsba	HE
2303142614	idinsayyar1	 
2208981517	Geor9eAli	
335385925	behnamche	
1650001394	Hadiiaan	
112029481	Siiibiiilak	S!B!LaK
295706865	Meysam7092	 
1663018050	Juani____	Juani
425985598	notoall	Sraan
571966407	nasrolbandari	 
408701339	kickmehr	
49149284	7_________8	
552252520	engmahyar	
601234471	colonelaorliano	colonel
2255375036	LUMPY_54	LUMPY
271549992	Gileh_Mard	Sina
14879485	e11even	
446148324	MddMim	Chawan
228037535	Tafaghod	
470857299	AuHasardBalth	
475664526	taraneh16	
487552158	ola_la83	Miriam
1646009659	_vey__	
400062723	57muel	
261732954	Amirsoleymani	  
806080675	mowtion	
364662110	aliarjmand	Akbar
361296165	4rkanii	#4RK
297081530	Kaafffff	
175807768	asmartkid	Yazdan
171116097	AliGondo0o	
14690170	PhillipOfAjam	P
410856472	gheziii	
951343620	_sad100_	100
853290625	TwitteeTod	
602629562	Ferinaando	
203678193	shomare29	29
24375268	india40	
4948171	_l_	.
806453748	danydanyfa	
751012920	johnameen	Me and Mozee
322241329	etcccccc	eddy
371875071	khers69	KHERS
151349203	Kutlas_e_Kabir	Kutlas
255038870	1masochist	
294014531	GoodbyePaterson	 
67999178	Don_MMMM	
511883965	Mosht_aba	Moshtaba
198324192	Rol3erto	
232804345	shamaghay	
430591186	amir__s	amir s
238330325	zirwanz	zirwan
453434567	musa_ku_taqi	  
434442640	shaakhtaar	Shakhtar
125139828	nazaninroghaye	Nazi
403745898	Sam_TheRipper	SamTheRipper
403668878	Abestanioooos	Abestanioos
403686789	mm__amin	
406625692	phoenix0k	Phoenix
96130616	alborz_z	Al
156605463	mirzaadamjan	 
17066033	Boushveg	
