237258218	amiirata	
831519910463434752	mostafatajzade	 
1689118477	Olivier_1369	_
705807268835672064	fjamie013	James Fridman
389696234	_mah_di	  
48751996	KhodkareBik	 
817403221	euronews_pe	euronews 
236349116	kasra_nouri	kasra nouri
1879605918	Tarjomaan_com	
751176025	kevinmiston	Kevin Miston
628118074	rezahn56	Reza Haghighatnejad
970206680	H0ZEIN	Hozein
24855062	nimadehghani	nima dehghani
332316418	Amirpositive	
251267818	FarazVision	 
2427624403	srnmhda	
564025244	Engineer775	 775
583688290	Omidan2020	  
2727202011	Aghae_C	 
171001767	immersivio	
41789292	NegarMortazavi	Negar
16779204	h0d3r	Hossein Derakhshan
463077593	lenge_be_lenge	Ned Ned
3068716126	Azematt	Azim
54133469	alireza_rezaei	Alireza Rezaei
776242974	pooriast	Pooria Asteraky
273459383	miladfadai	Milad Fadai Asl
2769899097	mircomplex	
2221731397	AMIRNULL	
16326063	samousavia	
70820390	ehsaniaa	s
1539366252	hamed__p	hamed
2835785199	avaaaaaan	
2902125325	goorbati	goorbati
2233134438	SadraMohaqeq	Sadra Mohaghegh
766645963	Tolerancing	
2561907538	Mr_mehdishb	  
1691574356	SharghDaily	 
1371618385	Rouhani_ir	 
1404590618	HassanRouhani	Hassan Rouhani
2446077384	Aftab_Naghashi	Narges Moosavi
35670539	mmosafer	M.Mosafer
1230223212	1Yazdi	
16341288	jalalazimi	Jalal Azimi
429138325	nima2395	
1845808404	poo__neh	Poo__neh
2279281220	alinshahab	Ali Nemati Shahab
1593442909	Nargespersian	 
1005140509	RingnebulaN	 
15162270	aminbz	
228443260	Mahdi_Sanaie	o_O
247528740	mojtabammmm	 
328571787	mahnaz_	mahnaz
149599610	porya_del	 
785629638	sha_ra_re	  
476139085	bibibozorg	  
894875454	AghBahman	Agh Bahman
2221459290	1shahrivari_2	__
186386857	acmilan	AC Milan
1834293847	PEACE_REST_2	PEACE
15015672	Raaadin	
1459829803	maame_looloo	   
800712949	shab_tab_	
19758530	elsereturn	
49904043	Pooyamax	
2180626676	smismailm	KhAsTeh
1305395144	ShabAvare	
2187392948	ali2ndaccount	Ali
702514631	KhoOoDaBiaMoRz	
1500491118	imanbrando	DON iman
42748010	Sveriha	Reyhaneh
386177739	jeneral83	
17918836	HamedMige	 
119002877	yaldarta	
20295076	Masoud_Zamani	Masoud Zamani
338212359	lampsokhteh	 
1153375556	Kaambil	
47592111	adissimo	
395849994	soheilso	
37390776	M0HAMMAD86	mohammad
1011047365	iamanami	ansour
1690457977	lidlogy	
396567988	Mehribanooo	 
724935716	FA3ZEH_H	  a  z   
1463436944	MooOooBhaM	 
183599585	mjbe71	maGd
330852995	B8O8F	
369724175	BezzzzzzaD	 
1146139712	mksp99	  
1143929905	_PEACE_REST_	PEACE
716749074	Am21Nia	NiaZ
464708929	RosvaYeZamaneH	 
452832036	ArsalanNg	Arsalan
1676090100	edgeofn0thing	 
1458355405	NavidAta	Navid
250822281	3ptember	
1281544669	Hossein_Moha	 
481932464	GerdoOoo_N	na hhid
254230567	meteor_raha	_  
1183586383	MojtabaKenari	Mojtaba_kenari
412549594	Ehyeh_Asher_Ehy	
13495722	littlefarbod	
846853320	Shahr2ad	
483344180	commod0re	
274588028	drmatrix0	Dr Matrix
1534885964	khodesheh	 
45546294	MehdiHeydarian	Mehdi Heydarian 
601724056	Peimman	
1611528996	shokaran3	shokaran
1597601798	parshantafti	parshan
378486579	nader_shaah	NADER-SHAH
47813521	JZarif	Javad Zarif
402045933	Stefan_Br	Shayan!
1019441606	ffaabbaahh	
538316587	Mona_monooli	
214070244	abbasdayyani	 
227634052	Arch_Raziel	Mass
192273354	Yeksoal	 
1592021714	sina_ghsh	 
1485903080	maryam_arasteh	 
1449164646	sAr_A66	
413318464	amirreza_777	
1612255874	GhebleAlam	 
925892269	_headache__	 
291922357	Mehdikhaan	  
504836365	arash_vahid	arash
567146426	Haach_Reza	Ballad of Reza
635248544	Vahid_77	V-77
608156479	Mehdi_1368	
170902512	Capriccioooooo	
395474129	Shahrokh_shin	 
991888536	iAli_Ne	
14264800	eftekhari	efi
179925396	TIRANASOROS	 
794298360	MBelbasi	Mahdi Belbasi
1132620468	N3gaar	..
395548201	kiannml	
1655901282	EhsanGanji1	Ehsan Ganji
313832760	Black_White_II	 
16237479	DracuDentist	More
712152108	_shabdar_	
255038870	1masochist	
14619373	enigma2king	Moh3N
317873140	deadbymoonlight	Dead By Moonlight
487463359	aynzad	
315131468	AmirAbbas_Sh	 
306244136	merkantilisti	  
1517281260	R_mn77	 
88484535	aQaGorGe	aQa GorGe
231759271	MehdiBahraami	Mehdi Bahrami
579001025	FarshadBandari	
309883264	Santuriuss	sirus
887516184	THEROCK_MILAD	
15395065	Amin_m	
328128078	___D33R	maral
1114741142	emadd07	
237835946	Eng_rabeei	  
1389658500	Behr4d	  
222370169	akkasbashii	[]
1424114790	llutall	 
704492390	HajeiWashington	 
429935650	zeus_dreams	
1318375603	__SeeMore	
18378093	blind_owl	
227062846	DaeiAmir	
599108131	OmidSpeaks	Omid
831274033	Huwomanman	 
714241171	daniiish84	danish
1120203799	NyctophiliaESK	
461187378	Tarsefed	
112251679	mahdidavoudi	Mehdi
1180363074	AlirezaPersis	Alireza Vakilian
247698878	ali_appleseed	Ali Appleseed
1420119367	capsulezit	
517911259	_amoookia	 
41569894	massiha	
1391112530	ashtudazdangahe	
87004432	ah0Ra	ahur
49376085	Spinooza	Spinooza
601199492	F0hiii	
624459884	AliKhalilifar	Ali
66903666	kodoiin	
236318739	Peer_Kharabat	 !
1547939863	Abolhazl	
334161563	mamadpori	 
1027629775	SirHamiid	
783328237	Gothic_TM	Gothic
1479280195	haft_e_khabis	berad
205852352	kankanak	shahpoor
798595604	far_shadd	   
1349741095	Zhigram	 
289846798	anamis2020	Hossein
558465086	selools	
554186729	NaHann_13	 
1383926161	namrood999	NAMROOD
287162606	mirHabil	
45340945	majidjanki	
1197802136	tah_sigar	 
317150878	HamiiidAK	ImNobody
284938912	shabaneha1	Marlboro
