869179627436097536	MeysamEbady	MeysamEbady
803663348353142785	Nowhere_dfable	Infinity
2564307187	toothlessbear	Navid
833792334	Mar__Naz	
563237464	yasinsb	Yasin
779754690191974400	empil18041	 
97617682	Shadibeyzaei	Shadi Beyzaei
946283900	Baastaardo	Aida
66903666	kodoiin	
740261270016954368	sefrtanhaie	
132898764	mohz67	
285640165	ArianHimself	El Duderino
206427431	MahdyarAghajani	Mahdyar
3284433818	ShirinNr	Shirin
241099107	balvvaa	Ghazal
212861860	ComiserJacobs	Nikbakht
822294996837662720	Asabkosh	  
551730765	zahra2101	Zar
4203462135	maa_raaaa	maedeh
99999538	Mirzadeee	
279522990	naghmezz	
733628449374474240	Homeless_No3	Homeless_No3
822175024782123008	Ennzocoli	
804474150	hermandovo	Amir
817040401232199680	ddsncm	
3311853538	youngerbrotherr	younger brother
255038870	1masochist	
602629562	Ferinaando	
1663018050	Juani____	Juani
513425322	iiijiiix	Spud ^
217861092	ArashGir	 
270375773	0ff_again	us
2262597584	BabakAkbary	Babak Akbary
609146118	Noushabeh	
114217332	Laurence_Fox_	
542072898	RaakStaaar	 
292443693	ferferiiii	FerFeri
852981644420161537	chawtaar	Mr BigHand 
400062723	57muel	
353739343	oliverteeut	 
264309749	z85510	
755142367	sakene5	 
4565124497	YouTdii	 
2577189366	ghazalehabashia	 
1629887622	si_rish	
45118805	ADALISH	DALI
4782551	Vahid	Vahid Online
18424473	_Cafe	Cafe
302860174	chapdast	Aka Lefthanded
411483717	K1sadri	
472852789	fateme_j	Fateme
717341148952543233	SaeidBeygi	saeid beygi
403999527	Coffeeelizard	Coffee Stark 
1511480538	__Bernard_	
2564931008	Seeeeher	
831628056024473602	Lincoln_shish	Pearlfisher
1064927287	TheCamazotz	Death Bat
18760301	ahwaztaxi	Dr. Waver
1640362993	Faranak__	
821885828	hastaloo	Hastaloo
268958654	OstadAssadi	OstadAsadi
203678193	shomare29	29
946338937	hid__	Nah
1349187420	fkeshavarz	Forough Keshavarz
601234471	colonelaorliano	colonel
1490525245	pesarack	
425985598	notoall	Sraan
24375268	india40	
619441647	khabgard	
2575302390	Sonaarrr	Sonar
858582165898088448	dukshi1	
546241539	majlool	jan
14648025	rezaxiii	Reza XIV
1542912613	rahelehr	raheleh.r
169943731	sinsinjon	
1580884105	hooshmandk	
1691157427	elnoraaa	el
407315593	_sheved_	
434413333	Moje2100	
806080675	mowtion	
135679428	danimoh	
1037092932	lusinafer	
511883965	Mosht_aba	Moshtaba
19758530	elsereturn	
238229483	kuffmode	Kayson
979042861	behzad_bh	shex
873867872	Teymoursg	
475664526	taraneh16	
713313773038223361	soshiio	Baphomet
2623211	alephmim	aleph.mim
371875071	khers69	KHERS
177746835	sayeh_ro	 
434442640	shaakhtaar	Shakhtar
96130616	alborz_z	Al
403668878	Abestanioooos	Abestanioos
15086510	pngle	PnGle SeleYeR
238330325	zirwanz	zirwan
14690170	PhillipOfAjam	P
1329018038	culaan_	Dra
2255375036	LUMPY_54	LUMPY
853290625	TwitteeTod	
1557315432	HistoryInPix	History In Pictures
