1930828290	_far_in	FariN
334525603	attt_h	
821995795243270145	sherminnaderi	Shermin Naderi
45309135	alivahidd	Alivahid
4203462135	maa_raaaa	maedeh
1421082818	PardisSabeti	Pardis Sabeti
880656387939938304	azadeh_dalir	Azadeh
15898172	goodreads	goodreads
724942175742660608	khatkhatinevis	
70338768	AminLotf	Amin.Lam
841665113836904448	NMorshedzade	Nafisemorshedzade
3379253201	sadafahi	Sadaf.A
1653784944	veroonak	
876488607703351296	VandiSam	Vandi
841758860314574848	paniz_s_t	
107223327	nafisehkBBC	nafiseh kohnavard
864924924074393600	Aziinmd	.
818408371854409728	boktanbulut	benam
1691157427	elnoraaa	el
2978824733	1rashiid	 
297021138	2eld4	
946338937	hid__	Nah
62818936	Abarghooo	Beroozoo
4921131	nima	Nima Akbarpour 
337038595	Ghazaal_	Her.
810576990164156416	BrokenNixon	Broken Nixon
439389860	Mimna_kh	mina
349606932	smilingCrocodil	AmirHossein Jamshidi
304185486	_Snape_	Professor Snape
1962978824	NuaaaaAage	
818353639349698560	ZamoFree	
540824037	DokhtAban	zohaw
814231264765026305	Eshaq_jahangiri	 
487833518	nature	nature
26771961	pnazemi	Pouria Nazemi
703695036446330881	s90ta20	 
86527199	gelofen	
1380971438	ColorsEffect	Cinema Palettes
809346933026418689	parakandegi	Saa
8568642	Momentlive	Amir Momentlive
754918338	foreverbedehkar	
4308800543	meiti96	Mehdi
970302740	nillzhe	 
34545980	zakhar_	mohamad
1632628790	homayoonvb	
253603183	farentaghizadeh	faren
1896217968	valternit1	Walter (GALOF)
805550820	RealKharmagas	
20582089	synoptik	
3311871880	ati_ahmadi	Atefeh
984259818	BlackSuheila	
3369245271	mou_seer	
953278568	MeetAnimals	Animal Life
946283900	Baastaardo	Aida
1575025878	aztanhaei	Aztanhaei
4824735543	eglantine_570	Eglantine
704177576978219008	asieh_bakeri	asieh bakeri
4538783414	azdla	
2164626723	ebtekarm_ir	 
151823945	arhnm	Amirhossein Mousavi
110396781	ajplus	AJ+
620309873	samane88	samane
2994639981	Mdoai	Meysam Doai
2623211	alephmim	aleph.mim
2761328116	Candoooou	
764179147	uglyfloki	flki
67444327	saman_hf	
797589251563155456	mohsenely	mohsen
25667195	bozorgmehr	Bozorgmehr Sharafdin
2227308599	Pepper0nii	 
2416257290	roshannorouzi	Roshan Norouzi
773817048728207360	kakmaki09	 
4821438778	TalaShad	
808428725951987712	juje_talaee	juje_talaee
1600742850	mowlaverdi	 
1371618385	Rouhani_ir	 
130549887	BahmanKalbasi	Bahman Kalbasi
1201045933	BBCBastani	Hossein Bastani
1059918398	MlLeyla	Leyla
614340303	astranger27	 
607004755	_920627	MARYAM
425985598	notoall	Sraan
1420148670	ham1367	Hamed
45118805	ADALISH	DALI
566125600	nosferatu08	Nosferatu
14755862	VahidStar	Vahid
609146118	Noushabeh	
16646205	miantitr	Mehrdad Ghorbani
216694248	resam_mcv	Resam
755139671492001797	Oounno	
464225105	arashpahlavoon	 
177746835	sayeh_ro	 
43680503	aydeen	Aydin Salehi
14851948	Katayoon	 
2180633748	MehdiAHM	
8493702	Shinings	Setareh
256988773	sAAAyE	
480310700	theJavdan	
40938702	PiloteZebel	 
46844100	Stalag17_	
793404671293583360	tsedgrof	fog
461058351	Jvd_far	
802987504056102912	Zohreh_EsB	Zohreh.
1872853286	anakin1985_	AnaKin
255038870	1masochist	
3993602968	Nasttaran	Nastaran
1298435994	alismada	 
3376663109	faatwitt	ShahrzadShams
3124352347	ataasadeghi	Ata Sadeghi
216840450	Zimcoe	
3313382326	Mimozim	MimoZ
183206087	hadiahmadii	
797139058120003584	darkob95	Delala
22321602	emmyrossum	Emmy Rossum
2266046665	Leonaa1990	 
4015758021	grzngi	
791766324716331008	ZahraGhaffary	Zahra Ghaffary
132898764	mohz67	
4073941822	__HanR	
718048707791437826	elahekhyegane	Elahe.khosravi
472852789	fateme_j	Fateme
350235930	SaeedEsmaili	Saeed Esmaili
1542988380	shaahin1368	
755142367	sakene5	 
2735479821	stieler1756	
2398561058	thePoorian	Pouria Norouzi
51010916	Am_Ka_Mo	AKM
22287736	fereshteh_h	fereshteh
3739682116	SheTweeting	Shahrzad Beheshtian
2740135120	Qazzaal	Q
24375268	india40	
853290625	TwitteeTod	
1690584368	_1zahra	zahra
287088046	ReviverOrator	
317072168	agha_reza_khan	
2663781564	kz_shadi	shadi kz
404268423	SarviSad	
1585979053	MaHLaiiii	
770611621253308417	rebellious4ever	
12712622	nonbahrami	Nebol
2282006784	MissMiiiim	
2214869083	BehnoudMasoud	masoud behnoud
757229795209949184	DrGhazalak	 
2352611700	kAjmeh	
1721519870	Saoshy	Amir A.
750345464218779648	Maryamim1	Maryamim
400062723	57muel	
387184098	siamakka	 
551730765	zahra2101	Zar
1931356045	AminBozorgian	Amin Bozorgian
46421054	Ara9h	Arash
9222412	mhrnb	Mehran Bolhasani
3080762480	Sleimoni	M-hdi 
2420991090	learnenglish121	English121
1584066241	alibozorgian	Ali Bozorgian
2431531934	marjjaaa	pointless
3044877227	Khatamimedia	Khatami Media
309064867	ArashBarahmand	Arash Barahmand
1961290028	maryhosseinpour	maryam.hp
55186127	HoseinVahdani	Hosein Vi
13879142	maryam5063	Maryam5063
631318976	saeiiideh	saeiiideh
723414487038971904	parsaiyan	 
1617526993	radiochehrazi	 
44153717	rTahmasebi	Reza
14516781	3tareh	3tareh
33478393	elhammoin	elimin
16279339	i3argi	
279522990	naghmezz	
1023096199	HouseofCards	House of Cards
99999538	Mirzadeee	
16914220	baharnarenj	
240676055	SwarmApp	Foursquare Swarm
1891924392	Maryam__Momeni	 
353739343	oliverteeut	 
1511480538	__Bernard_	
2657696780	Golnea	Goln
24855062	nimadehghani	nima dehghani
2889896601	Hombilious	 
1160106757	El_Hypnos	
457621996	alttttar	altar
2450291	bbcle	BBC Learning English
109139946	Arepheh	arriella
322662305	Sshaghayegh	
1278538782	Shhiivaa	
511883965	Mosht_aba	Moshtaba
323127279	stere_kh	
37204416	neg_s	negar
95023423	UberFacts	UberFacts
3404096597	riraruri	 
559675462	GoogleFacts	Google Facts
628276440	SaraKmz	
49352327	_already_lost	lighthouse
226973327	GhzJabb	 
1006414813	CoralGh	M
16275448	snasihatkon	Samaneh Nasihatkon
1530332280	ArezooA_	
71771084	essfand	maryam
1521752815	dadaist20	Dadaist
2760120243	_belpomegranate	
