887391090256510978	mansedamkon	 
872790682506625025	4leme	Allyn
841758860314574848	paniz_s_t	
1136798288	Lil_Miil	 -
845995779345072129	feroceros	FELOURY
873823395519057922	ghuleakhar	GhuleAkhar
456033276	HRafiee91	Hossein Rafiee
614270059	agha_moein	  
2379395802	sinachenzo	
2751461283	logosporn	LOGO DESIGN
4538783414	azdla	
819981807689039872	najafi_tehrani	 
821811651393495040	ocdvids	Satisfying Videos
57107167	twibbon	Twibbon
820615170246508544	Faridshaaaa	 
507486251	freak_ism	nazanin
732562471735689216	Sarv_Naze	   
822775996709535744	Titi_ItiT7	 
829051019288051714	elenmchg	Elena M.
16280233	Vaahid_A	Gamaj
852986686216777728	parassto0o	Parastoo
116170745	MemeslnHistory	History In Memes
2537583027	Sh1tIraniansSay	Shit iranians say
2594970228	farajkhah	 
2609508967	butterrfly	
1074202464	mousasi_mma	Gegard Mousasi
47459700	Burberry	Burberry
364662110	aliarjmand	Akbar
752902708756119552	shakiiibaaa	hapita ;)
816351691897499652	SadafN8	Sadaf
786166159838093312	ferismic	
2356608476	youneskohankar	younes
832946465173622785	abgarmkonn	
757637263572529152	imtuberose	 
2150300630	BehzadianAli	Ali Behzadian Nejad
736647032547348481	barisae7	
1292708150	HamedEbrahimi41	Hamed Ebrahimi
4699319414	fakojist	
588487565	sofiacjaneiro	sofia
801557064405438468	pegiiiofa	   
755142367	sakene5	 
765114110761586690	EliSoprano	Crazy Cat Lady
796974347642544128	hamkhoon	
834016652932952064	notion_01	notion
2907774137	archillect	Archillect
497383599	aannaahitaa	anahita
3278957880	pistachiuo	pistachio
2776120300	absurd9555	  
614657084	TimBenjis	Ya Muhfuckin Daddy
791958578814783489	arghvnnvz	
1214777952	MinooParto	 
3347941185	KPasokhi	Koorosh Pasokhi
813325040	liamelili	
311955214	uesaran	
738106806715711489	Zararazii	Zara
948500095	ltsPepe	Pepe
821318480049926144	niloosharr	Niloofar
2422359110	sardAAk	3
4821216310	_WinSmith_	 
716662721303994368	ladiyans	 
1691157427	elnoraaa	el
546655189	FarshadSamiepor	daeh
1647692599	zephyr___s	   
815715901920202752	guilan_fanni	Guilan Fanni
789702471895711744	shr_np	
793404671293583360	tsedgrof	fog
338596703	farsh4d	Farshad
2980761702	thezhavu	 
786830918430457856	molanaye_zaman	unknown
2334117241	__anht	
781207694313189376	__projax__	Projax
951343620	_sad100_	100
4430504843	timcookfarsi	 
806604223496540160	fatemegvh	Fatemegvh
754996910516277248	meshkkat	
797589251563155456	mohsenely	mohsen
370388487	ali_haddadkar	Ali Haddad
703707988184399872	NilDovses	 
724942175742660608	khatkhatinevis	
711551276643803136	Crushnikova	
3851000734	AminAnvary	Amin Anvary
789938959782670338	mobi97j	
713313773038223361	soshiio	Baphomet
723208788011016192	homa_72	
1898476412	mim_m_mim	
745695548246720513	GavMemes	Gavin Memes
779250618275880960	hm_beginning	
4524415101	3_ndipity	
2687840425	girls_essential	Girls outfit
487736815	TheWeirdWorld	Shower Thoughts
771410478685941760	GolNoosh00	golnoosh
1545125012	UniqBeauties	Uniq Beauties
766970615656017920	niloo__oolin	 
735951431895781376	alllefeh	-.-
1355128909	par_amo	
949885723	Samane_Mousavi	SaMane MouSavi
2459578081	NegarNejati1	Negar
255347932	ParisaLoLA	Parisa Zarifi
3763746736	tinoool1	
477145763	SajedehHa	Sajedeh
1554301040	Nilu__Nila	Nilufar
286137139	itsjustrozhiina	 
3242368285	Rockkettto	
2259073441	mojblueivy	
745673228086087681	hushyar_r	 -.-
765072163166707713	elisuos	 
702789578076332032	Mahjino	~jino
2237844794	mm580486	
2717868820	Nona71117	 
1209051313	Fatishmaa	Fateme
14897502	Elham_Vampire	ElhaM 
4851390610	nastaran_kd_	
56182819	fakhro12	Nave Fakhr
716950278973599744	sarina1377	  
3968651075	thomyorkesgirl	  
2564307187	toothlessbear	Navid
765414632	PahlavanAli	Ali Pahlavan
996638082	Ferrrrri	   
1633675176	thearyass	
750024856876580864	Shamim_Fr	 
722806632682561536	tiiimsah	
2457636655	Gelayool	
740618743097774084	Ghazaliiiiiiii1	 
318740230	NazaninRhi	Nazanin
2734370095	vneveen	
3405249253	arenesmaili	Aren
2282006784	MissMiiiim	
4819400303	reyhan_mnd	
710376811927085057	mahshid_sajedi	
1563838279	vernal_tt	
479981193	divisionbyzero_	$ sudo su
80556837	dsahba	sahba
17447154	saeedhbi	Saeed
1220828406	CastielleLunar	  
1686380023	aleflaamnaz	Elnaz
2701374166	mahsair	mahsa
2227308599	Pepper0nii	 
2824602254	iaminnajafi	Amin Najafi
800673013	RagNza	N
362415397	SoheilYou	Soheil
1180588441	GholianH	  
1522028761	musaesmaili	
3528161540	AfArInSh84	  
482986000	sweeetHD	
3370497073	amirshkt	Amir Shokati
2517681720	ghazaliiiiiiiii	  :|
4054271234	violetgirl1997	
387166467	hoseinlfc	Hosein
323127279	stere_kh	
2991719996	Aram__Goli	Aram
4002243553	maryoomLove1	tanha_maryoom
312500205	H110607N	
1662230382	alwaysbespring	 
3900937816	_zirwan_	zirwanz
1867193580	Yokhda	 
365657909	hoseiin	
16336899	CapriCorn_Cs	
3382800010	PouyaMsr	Pouya Msr
2473497486	Atefeh26	happy
1872820130	soormeh	soormeh
840696344	paapion	.
3276597846	TMoheidin	
2510744178	frfr1991d1	   
3388906929	rozhansteiger	
2775118107	_mahimah	Maede
2852861556	HVmehri	 
1230760460	Yasiii27	Yasaman
739251613	pirate37b	
352510356	PariaSabet	P@r!A
194478630	ZzanasS	
3311853538	youngerbrotherr	younger brother
3242364151	hichi_khob	
628589350	itsme_yaa	
942961087	shivakhosravani	shiva khosravani
9313772	onlymehdi	Mehdi Saharkhiz
722483970	Tamana_Hz	Khaleesi
1612380258	psammnd	mariaam
1114741142	emadd07	
2466348422	nima_toofani	 ()
217930906	BonyaviD	Nova
217930906	BonyaviD	Nova
315131468	AmirAbbas_Sh	 
1550840137	HodaCH1	HoDHoD
1058107008	Sanazz_h	SaaNaaZ
37658597	aabedarjmand	Aabed Arjmand
46089626	MehdiParhizi	Mehdi Parhizi
280397212	HosseinMahmoodi	Hossein Mahmoodi
475687275	MotahareSafajoo	MoTii
2789913751	MoeinGh	Moein
2723749248	heyejimi	.
542922194	hunebt	(-)neeee
343494492	_Sahar1201_	 Spencer 
515747804	hunniegi	
1851255212	Siavash_HD2	Siavash Hazhir
510074074	aalset_	
2220393402	mistinfinite	farnoosh
1423712623	InJoorNegar	 
867187434	feriinoosh	Feriinoosh
2291122518	atbox	Atbox
712009938	parandiii	parand
