537598298	she_yd	
131964777	mj1370	 
4015144764	Merno0sh	Mehrnoosh Baratpour
1371618385	Rouhani_ir	 
815072815653261312	Dr_EJahangiri	Eshaq Jahangiri
751721055031586816	mah_sadeghi	 
320195081	MiidnightBlue	  z 
14050643	Arashh	
4912093401	radiodeev1	Radiodeev
1278538782	Shhiivaa	
14907955	hadinik	hadi
4070890694	Ctrl_STD	Ctrl+S
2427624403	srnmhda	
756116659480342528	lleilly	leila
15808548	Leakylife	 
504767598	1mohitban	  
757892550	franny_ftm	franny
925777183	Siiim_Siiim	
1898278880	PeymanFD	
4624773153	t_alidoosti	Taraneh Alidoosti
47317659	si_ava_sh	
1271963916	Mahyasaedi	
30186494	aliereza	Alireza Vaziri
80129944	I_IastI	   
988810094	samantabaee	  
1225477956	TehranMunicipal	Tehran Municipality
207184111	yperseusy	
163547381	DreamL0RD	Moj
1628764573	farnazhoseini	
389696234	_mah_di	  
604233085	cosmo1986i	
48648723	kashkull	
2566824104	paragraphsir	
600831137	1mahtaa	
516478859	lvlarzieh_t	MR
2222060768	batele_khanoom	 
36726613	dastpacheh	
338947726	faghaemi	
1047381535	jaan_daar	Jaandaar
14949621	fero0o0o	fero0o0o
143757150	gharibvand	
2282006784	MissMiiiim	
129882328	joojetighii	
399853134	Mim__Jam	Mrym
22287736	fereshteh_h	fereshteh
193256278	looleh	
2234170923	FriendsReruns	Friends Reruns
715807999	Ma_R_Jan	marjan
270234065	ShahabRevol	Metteore
232681637	_R4MIN_	Ramin
2251753260	prinnelit	Prinne
2840926587	_SaintMary_	Saint Mary
1584066241	alibozorgian	Ali Bozorgian
863667955	aqayehich	 
517911259	_amoookia	 
579187083	taataa_h	.
2718686156	Hamsade	 
2543959800	tarfandsade	 
607071938	d0lphin_sea	  
189483010	ShararehHatami	Sharareh
95657218	_MOJ1	
527787879	Mammaadd	
994185613	Sou_Hait	
19247525	abbas1367	Abbas
131194794	Mrehsaaaan	Ehsan
633005262	Etiiiii	Arash
30903911	eliafen	Elhami
127265450	ahadyekta	Ahad
214389133	Multipare	
365657909	hoseiin	
851186784	sanjaaab	
2167949720	aliichap	masoud
353676620	_soro0r_	sooloo
2264456900	pisdikh	maryam mk
1734545611	MasssiHa	Massi
17447154	saeedhbi	Saeed
618730591	rdko0	RDK 
1931115193	behrouzta	Behrouz
468758680	minahashemina	 
430688877	PMHBK	  
600348042	zmahnim	zmahnim
1964664444	paartizzann	
586945977	shabgardd	Shabgard
24901663	agharoobahe	 
178646340	Sharareh_	Sharareh
51964398	emtized	Emtized
1219440812	moinob	Mandana B
166638829	morghlim	
323127279	stere_kh	
83819295	Aroooom	
182310776	naCtaran	Nastaran
255038870	1masochist	
429902909	Dandeliiionnn	
168860820	nasiiim	
39211550	Saadeghi	 
65865392	pemiphilo	Pemi  o
129146787	M0_ona	MoNa~
36924087	javadOftadeh	Javad Oftadeh
187507193	soheila_h	
41143803	hiiis	Omid
101311106	momekajo	mehdi
124410641	amiralino	 
1443415806	el_nino8912	el Nio
550493882	kalbandah	
76172541	MilaDnu	Milad
515825014	PherPhere	
292443693	ferferiiii	FerFeri
729013934	Z_Mogh	Zeynab
446148324	MddMim	Chawan
566293695	OstadMoji	j
221590822	Vin3nzO	
55511555	MaaloOX	Delaram
93937651	iMoh3n	
29031508	ArmanPlus	Arman
245153743	buuuugh	 
1335008269	TheDudeClothing	The Dude
396422107	Difo323	 
262163194	Hosseinam	
587885385	amiryaghoubali	Amir Yaghoubali
459498146	VahidRM	vahidRM
547839112	Amnesia_SN	Amnesia
21847653	HAM3D	Hamed Pourhosseini
222754364	mezmariz	
189545795	Khani	 Mohamadreza Khani
305200970	Silver194	No-One
22024691	siavashh	Siavash
93712572	Dokhtarhaji	Dokhtarhaji
223122702	islamizad	Milad Islamizad
279522990	naghmezz	
89673662	Xerxes_II	Masoud
248710557	zohre_ha	zohre
277141287	kiyanir	Kiyan Shalileh
203456795	SHoBBar_MZ	  
1026587516	opalogical	farshad keyvani
27196553	ELHamedHD	HamedHD
44857900	pooyashaahsiaah	Pooya Shahsiah
15175090	Sooriiiii_e	Sooriii
839905062	_Uninformed	Uninformed
496833424	_helixn	Helix
238623290	iGaav	
238623290	iGaav	
186166963	sarvi_j	SarvenaZ
296804367	petros_co	  
758994139	Far_taa	
24375268	india40	
580109117	the_duuuuuuuude	
231921106	l00l00FAR	
125139828	nazaninroghaye	Nazi
326722271	_SeyyeD	SeyyeD
163433987	bob_johnson	
394088366	ManeMosbat	 
72958719	vmilad	MiLaD
80617491	misanthropiistt	
444465214	Pezhmannism	
632302318	Aquariane	
15448418	roOzhin	!
609434420	Textazi	 
19758530	elsereturn	
348725925	_sherzzz_	
14567230	1mahraz	mahraz
248660077	khajeh_joftaki	 
246942315	2TaRafe	Hossein
71771084	essfand	maryam
91092088	MrSulley	P.SULLIVAN
335522291	_NarOoOon	NarOoOon
322662305	Sshaghayegh	
224956062	extrememodify	pejman
123863001	sepide1982	
507853089	tata_violetta	Tahereh
46967480	3Hossein	Jimmy
81783874	ElnaazM	Elnaz
317957565	100jaaad	 
15306499	aliajafari	 
35670539	mmosafer	M.Mosafer
387299070	neyemordab	
99047235	farhadex	 
233818564	Pejhan_	Pejhan
197936483	jo0aAd	
305215049	Negggar	NeGaR
49409871	aliazizi1991	Ali Azizi
331161725	lacrima91	niloofar
250009609	Ehsaan__	
71482204	exavir	Farokh Shahabi
7569082	3tlite	3tlite
246740019	NaaZaaNiN	
61989448	Armin1370	
276374050	matt_mh	Mahtab
297929344	Ferediiii	farnaz
4782551	Vahid	Vahid Online
2623211	alephmim	aleph.mim
247918042	biderang	saeed ir
273051356	farnazti	
