121809380	atahani	Ahmad Tahani
278057048	gitoool	Gitool
707961003015856128	nassiiis	
2259784887	blackvvine	
191797019	miladrey	Milad Rey
2398561058	thePoorian	Pouria Norouzi
144277669	dehqaniann	Alireza
3253181050	NiushaSafarpour	Niusha safarpour
3117287849	SinaaZK	SinaZK
845574538217766912	milad5433	Milad Ghasemzadeh
1946196584	navid_bhz	Navid Borhanzehi
898805695	AlecRad	Alec Radford
2956121356	rsalakhu	Russ Salakhutdinov
70831441	soumithchintala	Soumith Chintala
92839676	Reza_Zadeh	Reza Zadeh
1642223257	mehdi_alipoor	Mehdi
2304581796	rajabzz	
200012444	b3hroozam	Behroozam
861879811861610496	hivashaker	 
16477634	durov	Pavel Durov
806145297600704512	rezaolfatnasab	Rezaolfatnasab
3307469111	_armaghan_	
750703392524206080	fotiling	
790659917107568640	mermaalad	Ellie Zahedi 
2603233472	panteea	
727227590709268480	GhassemiN	Nasrin Ghassemi
91556694	menkaff	mehRaaaaN
15324320	bluestar58	Somayeh
2174141100	Azadeh_pak	azadi paknejad
563971711	afi1364	Bunny
73327432	ffahima	fahima
244232732	yasharsoltani	yashar soltani
2734218769	manvd1	HoMa aR.
4105753397	romina_heydari	Romina
816711681438990336	setaeesm	
3461217855	Ghazal_Hz	Ghazal helmzadeh
3034880594	_Flirticia	Sarah Helmzadeh
803492636015362049	mahaya_t	
1195954465	marketexpertir	M.Hasoumian
48430724	fedra_j	fedra
11951272	sharh	MohammadAli
3889080579	Gh___Ra	Ghazaleh
2787911245	EmadSaedi	Emad Saedi
999094380	_Mozhgan_	Mozhgan
2225938520	elaheham	Elahe Amini
2905345601	Miiminor	 
31271265	reyhunak	Reyhan Tavakol
1100276496	HR_Reyhaneh	Reyhaneh Khalilpour
3423905727	hedie_mim	Hedie Mirimoghadam
799491317659238400	follow__dream	Royaw
78637052	soheilgrand	soheil
181115691	nargesd	Narges
4547708806	Tina8pn	 
2736706383	_mahdieh_	
15797140	hhariri	Hadi Hariri
49360447	catsep	Katayoun Sepehri
35053102	hessamarmandeh	Hessam
321626097	mesinna	Xesina
852094088883163137	VMoghari	Vahide Moghari
2276421	rezamgh	Reza Moghadari
814231264765026305	Eshaq_jahangiri	 
3080120083	NaghipourM	M.Naghipour
885048450	HSarafan	Hamid Sarafan
725232778455990272	Parisannavabi	Parisa Navabi
855738175800594432	rezahashemi_fa	 
47007366	saharnow	Sahar Nowrouzzadeh
368269590	bkhezry	Behrouz Khezry
4156826357	masoudnikoomnsh	Masoud Nikoomanesh
2299909472	keivan_karimi	keivan karimi
48448134	marsalijo	lijo + 
548458645	ardalanme	Ardalan Naghshineh
950685822	mr_nabeghe	nima mafakheri
3016327070	darkbluedreamm	Mary
28435235	bigmag	$(whoami)
4782698781	iiCiiGiirl	 
2376853694	HaniyehKhaksar	Haniyeh Khaksar
954355117	mahmoodrezafar	Mahmood Reza Farhadi
3370497073	amirshkt	Amir Shokati
3086976830	maryamooo999	
2321143256	MZargarpour	Maisam Zargarpour
372756851	freenetman	MHJ
4920011412	kalantari_mr	MrK
247061792	hasangilak	Mohammad Hasan Gilak
215950639	_Exception_	Exception
11153652	sunnybashi	Be Sunny
1253635922	vagheanke	Shahab Javanmardy
839771466090577920	Programmer0631	Mohammad
840657711129907200	ArvinAzs	Arvin Aghaeizadeh
2451908592	daryaadaryaa	Darya
807334258616532992	3fishgroup	3FISH
336906221	HHamidia	Hossein Hamidia
2454489385	AnnaAlikhani	Anna Alikhani
267122304	salijafari	Ali Jafari
14955956	xo0ps	mahdi
768746792062111745	dara517	Ahmad Dara
2229841277	ayat_hosseini	Ayat Hosseini
362390390	HassanZanjani	Hassan Zanjani
2152456394	elahakbari	ela
15699865	amir_HP	amirHP
3266904572	FarhadTaheri7	Farhad Taheri
224685284	HPourjam	Hamid Pourjam
831519910463434752	mostafatajzade	 
9621242	theanother	Pooya Mahmoodian
318740230	NazaninRhi	Nazanin
223480328	a_abdolahi	ali abdolahi
279401961	amirhossein693	Amirhossein
517414478	behzadw3	Behzad Yazdani
4623165274	Farimah_byt	Farimah 
50360952	silvercover	Hamed Takmil
203038018	artlesshand	Farzan Balkani
526178637	HadiSinaee	Hadi
44196397	elonmusk	Elon Musk
270872607	Babakafshe	Babak Afshe
2785727192	sz_shaaadi	 
734799933879033857	Delisabba	 
23741938	hosein6626	Hossein Mousavi
2530535886	SalarMgh	Salar Moghaddam
2328116461	dashtinejad	Dashtinejad 
611986351	KimDotcom	Kim Dotcom
14723545	tehran	Shahram Sharif
13513582	alijmlzd	A.J
2244357740	SaraElmi	Sara 
3139353836	iabbasian	Mehdi Abbasian
4882119018	silhouetteobj	camera lucida
863165137	FZSHosseini	FatemeZahraS
817488193918566400	SamuelRezaei	Samuel Rezaei
2172506352	mohebifar	Mohebifar
3808605617	Yaser_Bahrami	Yaser Bahrami
858157502	masaatchi	mohammad ali saatchi
69602594	Aliireeza	Aliireeza T.
10181662	shayanshalileh	Shayan Shalileh
786886971109019648	Fahimeh10714570	 
2951696717	s3p1deh	Sepideh
15518172	ryanfoland	RyanFoland #GingerMC
1335813198	samirashirazi	Sami Shirazi
814644221571375104	mostafacanani	MostafaCanani
318416179	RVahidian	Reyhaneh Vahidian
246510521	TheUnicornist	Babak Khorrrami
3018163924	ali_shahbandi	ali shahbandi
809743447246733312	alimotahari_ir	Ali Motahari
807488670	YasamanMatin1	Yas Matin
304289713	Farzad_YZ	Farzad YZ
1029941094	idreams_ir	RMiN
3879294256	kalletastegeeks	Tastegeeks
805030353366843392	shadishadishad	shadi
256900512	farbodsaraf	Farbod Saraf
329600238	MasoudFirouzi	Masoud Firouzi
230507750	hamedbd	Hamed Bidi
2885760915	Ajand_	 
590750672	are_eskandari	Alireza Eskandari
153966123	CynthiaLIVE	Cynthia Johnson
14933858	fzerorubigd	 
186594781	abbas_oveissi	abbas oveissi
1627653294	shadiiranii	shadi
1595475271	arianmoghbeli	ari
784820465814560769	KavehGoudarzi	 
157979915	dastnevis	BAHRAM
48991609	nimolix	Nima Shayafar
15842280	miladkdz	Milad
6029522	jadi	jadi
28810409	malayeri	Mohsen Malayeri
18502628	mohsentaleb	Mohsen Taleb
108698830	StartupGrind	Startup Grind
211109927	shatobery	Shahin A. Tabary
47135775	hajjehforoosh	
1143054283	shohresh	shohreh_sh
375212163	cmajid_com	Majid Shahmohammadi
236880505	reshadman	./Reza\ Shadman
429982912	newsyc250	Hacker News 250
204967829	Ghenaat	Reza Ghenaat
54133469	alireza_rezaei	Alireza Rezaei
751721055031586816	mah_sadeghi	 
534028241	Mohammad2_sh	Mohammad sh
6339772	Abbasagha	 
229045564	arianrad92	Arian Rad
105510574	ehsan310	Ehsan Golpayegani
534258209	idrstreet	
21351713	rastikerdar	Saber Rastikerdar
112507479	arastuq	Touhid Arastu
777478314525093888	nimasaedii	Nima saedi
952974044	aliizzzzz	aliiz
379060945	riizz_elii	 
61217401	ara_ohanian	Ara Ohanian
2307269690	odises	Reza Ahmadi
726279642211094529	babak_farrokhi	Babak Farrokhi
202505441	ZaRneVesht_M	Zarzar
581921853	MoAbri	Mo R. Abrishamchi
335564843	MaxMahyar	MaxMahyar
58274150	Mossibat	Mohsen Khalikhali
46089626	MehdiParhizi	Mehdi Parhizi
801868766	sadra_amlashi	Sadra Amlashi
762033819662843904	elaheh_alipour	Elahe
3970564811	jaheshco	Jahesh Innovation
628118074	rezahn56	Reza Haghighatnejad
4479641	ehsanix	Ehsan
750028664310464512	m4t4p	Mhtb
13642652	krutal	Krutal Desai
93706056	aminasoode	Amin Asoode
4620140002	meysampg	  
377353967	Salia_ndl	Salia
