1691574356	SharghDaily	 
472852789	fateme_j	Fateme
814063344541978624	obalaghati	Omid Balaghati
804761375167758336	SinaGolab	Missionary Man
404268423	SarviSad	
866382409876590592	Maashaallaa	
2286253674	saman0018	 
45604639	Naznoush	Nazanin
32460469	Leemou	Neda
851362340033486848	zigplus	Zig Plus
4250674173	ely_shahy	
543660237	beygoo	Begi
703695036446330881	s90ta20	 
711633566367674368	the_shemsu	Shemsu
822175024782123008	Ennzocoli	
1884147697	yeggun	
752207710729465857	_shahraam	.
4710261842	AdasiShakie	
814231264765026305	Eshaq_jahangiri	 
799985566590922757	haafezeh	
751721055031586816	mah_sadeghi	 
4851390610	nastaran_kd_	
852981644420161537	chawtaar	Mr BigHand 
852056086668562432	golnazsoltani	GOLNAZ
210719582	asadgharighi	
1404590618	HassanRouhani	Hassan Rouhani
47813521	JZarif	Javad Zarif
831519910463434752	mostafatajzade	 
215028103	shaape	killua
95610041	TaikaWaititi	Taika Waititi
2228762088	1hoseim	Hosein Norouzi
835198284411113472	farhadbeheshtii	Farhad Beheshti
22061824	ehsan_s	 
792775445167083520	soberEule	Shire.D.dead
99999538	Mirzadeee	
3848862313	__ft_	 
1673735821	SShahsiah	 
183206087	hadiahmadii	
400062723	57muel	
3739682116	SheTweeting	Shahrzad Beheshtian
2311713680	MrPostchi	
387184098	siamakka	 
200060005	Ghzl64	Ghzl
822517901294845953	HalfOnionInABag	Half An Onion
323127279	stere_kh	
4782551	Vahid	Vahid Online
1065252554	aahoovism	
3227134055	4L4R_	Ali 
16914220	baharnarenj	
404218200	ahooel	Ahoo
1377921709	kahoopich	 
715971786677088256	rorrettaaa	Rrretta
722668042107363329	Phiilala	Phila
3242368285	Rockkettto	
3204018261	baharanegh	beghball
156605463	mirzaadamjan	 
45118805	ADALISH	DALI
746616419173937152	hamohos	 
727596383222407168	NasriiiiiN	NasriN
269941857	mozhgoun	
618068420	khashayargiar	 
464225105	arashpahlavoon	 
713313773038223361	soshiio	Baphomet
4628489566	takanume	
411483717	K1sadri	
1542912613	rahelehr	raheleh.r
2945599269	siamakansarii	Siamak Ansari
239683358	SalehRn	Saleh
181150629	Shimuszm	
396775293	melzinro	elz
3900937816	_zirwan_	zirwanz
3311853538	youngerbrotherr	younger brother
184952680	yataahoo	N@hid
18671559	edgarwright	edgarwright
3687721995	RealGDT	Guillermo del Toro
1530332280	ArezooA_	
3080762480	Sleimoni	M-hdi 
119347547	khooooood	Tara a
242807567	_aTaha	taha
2723713757	AmznMovieRevws	Amazon Movie Reviews
66098953	Taymazimi	Taymaz Azimi
14982315	JamesGunn	James Gunn
1328751476	Negaaru	
578568954	tanuchkaa	
927276392	zafmaaar	Zafmar.jpg
285640165	ArianHimself	El Duderino
2320649540	_OhReza	
2853594467	saraghh1	Saraghh
15687962	Marvel	Marvel Entertainment
829056360	MryaaAaa	
2567596670	yassamaan	yassamaan
204832963	TheTweetOfGod	God
873867872	Teymoursg	
14648025	rezaxiii	Reza XIV
46847835	Amirhshad	
2582005813	Helmar_kh	
554534768	shaghaaa	sha
408701339	kickmehr	
1110143388	Sany___	Sanar
1511480538	__Bernard_	
397951068	schwifterin	
1505251758	sajjadbrd	 
255038870	1masochist	
470857299	AuHasardBalth	
177746835	sayeh_ro	 
787360202	HIAMOVI_	hia-mo-vi
1872820130	soormeh	soormeh
40445053	n4Cr	Nasir
2255375036	LUMPY_54	LUMPY
403192903	hebrown7	Hebrown
1318375603	__SeeMore	
624031683	mooshtebol	
2221671150	mc4930	49
751012920	johnameen	Me and Mozee
871311672	aliheshmatii	AliHeshmatic
238229483	kuffmode	Kayson
630294980	1st_nafar	
236510048	pariius	parius
302460645	Yeahbanbalas	rad
24375268	india40	
806080675	mowtion	
287088046	ReviverOrator	
601234471	colonelaorliano	colonel
979042861	behzad_bh	shex
524893817	elicohaam	
397537398	callmeyasa	
364013804	CapitanArsalan	
212861860	ComiserJacobs	Nikbakht
933027068	Nperma	epoch
297081530	Kaafffff	
951343620	_sad100_	100
1329018038	culaan_	Dra
1234045368	_greege	greg
1234768950	neb_____	stephen
821885828	hastaloo	Hastaloo
556776173	meditaran	MEDI
203678193	shomare29	29
714164389	shalvarfroosh	arash
2623211	alephmim	aleph.mim
853290625	TwitteeTod	
445771095	Sepideh_N	3pd
62634095	amirassan	AmirHassan
480745329	MaryamAns	maryamAns
403686789	mm__amin	
12688062	SepehrLajevardi	Sepehr Lajevardi
609146118	Noushabeh	
67999178	Don_MMMM	
799313028	natoordasht	 | 
511883965	Mosht_aba	Moshtaba
480737104	HamedTabaar	HamedTabaar
14690170	PhillipOfAjam	P
292443693	ferferiiii	FerFeri
407278040	alskvrda	
371875071	khers69	KHERS
544318453	g0lnar	
238330325	zirwanz	zirwan
135679428	danimoh	
434442640	shaakhtaar	Shakhtar
475664526	taraneh16	
57276671	elllegreen	Eli
198324192	Rol3erto	
430591186	amir__s	amir s
403745898	Sam_TheRipper	SamTheRipper
294014531	GoodbyePaterson	 
403668878	Abestanioooos	Abestanioos
125139828	nazaninroghaye	Nazi
407315593	_sheved_	
96130616	alborz_z	Al
381361654	mahsaee	mahsaee
406625692	phoenix0k	Phoenix
472295974	shoo_mo_	 
50259717	Ehsanism	Ehsan Norouzi
381797777	mam_mad	mohamad.masoumian
233828445	saharghh	sahar ghh
44857900	pooyashaahsiaah	Pooya Shahsiah
14879485	e11even	
171116097	AliGondo0o	
457676025	sepiiidegh	sepide ghh
123577879	aazaad__	Merkwrdigeliebe
222682480	_ZedZed_	
403697402	mahsaef	mahsa f
232814544	Hossein_Aghaa	 
216133918	Xlibaba	Professional
440270645	oRRMo	
