1371618385	Rouhani_ir	 
28066831	sinavaliollah	Sina Valiollah
878328624650133504	mehdi_dehqani	 
801272664333647872	YekRay	
22899683	Omid_M	Omid Memarian
1905589586	sabaazarpeik	saba azarpeik
244232732	yasharsoltani	yashar soltani
3131466466	abdollahram	AbdollahRamezanzadeh
831519910463434752	mostafatajzade	 
2214869083	BehnoudMasoud	masoud behnoud
1053553206	hodarostami	hoda rostami
1600742850	mowlaverdi	 
2870467090	MJalaeipour	 
730129892877049857	jilabani	Jila Baniyaghoob
3380173685	majazestan	 
994511047	hesamodin1	hesam ashena
96394122	abtahi_m	Mohamad Ali Abtahi
751721055031586816	mah_sadeghi	 
3075474801	IranHistoryPics	Iran History Pics
14897852	MAS_	MAS
14897852	MAS_	MAS
1655901282	EhsanGanji1	Ehsan Ganji
2322846787	amirmiresmaili	 
722042116852051968	bighanoononline	  
2438498226	EtemadDaily	  
19919875	kambizhosseini	Kambiz Hosseini
128412833	AliAzimiMusic	Ali Azimi
748992272272941057	ElhamPavehnejad	Elham Pavehnejad
1679741827	amoomame	  
824895530	ffar_shad	
203456795	SHoBBar_MZ	  
973490311	BacheGorbe	Adagio
451783052	_velGard	
2364546846	gameofquote	GameofThrones Quotes
1201045933	BBCBastani	Hossein Bastani
55186127	HoseinVahdani	Hosein Vi
4907934826	atiikey	ati key
1058459906	raheb_c	
1037424757	simsala3	rad
470477933	runykeyoldpics	runykey
979042861	behzad_bh	shex
698821741532094464	abedxyz	
255038870	1masochist	
398611023	hanismackoOo	
87653387	zekipedia	
195224039	Mimabedi	 
1479542838	hami0341y	 
2242261040	jangalsorkh	
1197802136	tah_sigar	 
1221338972	tosbagha1982	 
3609066382	sabidoou	
602629562	Ferinaando	
315178519	black_m75	MamadReza
465363827	Masooti	
1500491118	imanbrando	DON iman
1139229804	ser_serpico	NANI
1256706829	zat_ara	
555391248	2gharn_sokot	  
712203671258451968	Gavrch	
1076891778	sajjadsat	
1396552554	santiaaagoooo	  
297884368	AlanEyre1	Alan Eyre
2256186895	Alireza_Moein	 
6135642	dw_persian	DW 
2304379976	rafsanjani_fa	 
130549887	BahmanKalbasi	Bahman Kalbasi
3295558232	twt_fa_telegram	  
1485757075	ManaNeyestani	Mana Neyestani
2147578833	tanasoli	  
4782551	Vahid	Vahid Online
18424473	_Cafe	Cafe
4921131	nima	Nima Akbarpour 
518681801	fhinese	Hamed
14873102	ArashBahmani	Arash Bahmani
2228762088	1hoseim	Hosein Norouzi
47421258	Golshifteh	Golshifteh Farahani
37413528	Parpanchi	Mehdi Parpanchi
790728	bbcpersian	BBC Persian
1691574356	SharghDaily	 
628139384	HosseinRonaghi	Hossein Ronaghi
88271762	YAStunes	YAS
2945599269	siamakansarii	Siamak Ansari
183072836	BahramRadan	Bahram Radan
4624773153	t_alidoosti	Taraneh Alidoosti
1726305288	AfsharMahnaz	Mahnaz Afshar
47813521	JZarif	Javad Zarif
1404590618	HassanRouhani	Hassan Rouhani
2255375036	LUMPY_54	LUMPY
