864952866137661440	ZizMou	Ziz Mou
2644197410	Snapp_Team	Snapp 
1872820130	soormeh	soormeh
96130616	alborz_z	Al
236880505	reshadman	./Reza\ Shadman
57107167	twibbon	Twibbon
4565124497	YouTdii	 
278658275	coo0per	
708590255658631168	1Bahmani	 
2439597240	Nima_Rafiee	Nima Rafiee
15015672	Raaadin	
400062723	57muel	
225089537	eghlimam	Dr. Eqlima
719631805	1rezaa	reza ght
137492261	vahidmali	Vahid
66970278	AzadehJoun	Azadeh
753570561842970624	iamalirezanouri	Alireza nouri
73037257	maryamCR	C.R.
735457824403259392	sinanamdar	 
719039958	KamaleTassof	 
434413333	Moje2100	
720568613921497089	codeine500	
723990333734944768	m_13archi	 
733023920811614208	tAkDAne	
232814544	Hossein_Aghaa	 
217106097	reza_eydak	Reza
175112942	suicidememori	 
1371618385	Rouhani_ir	 
1634854514	khatami_ir	Mohammad Khatami
171116097	AliGondo0o	
125139828	nazaninroghaye	Nazi
56319902	MasoudFatemi	Masoud Fatemi
29031508	ArmanPlus	Arman
396567988	Mehribanooo	 
19256096	F1000Prime	F1000Prime
3986051301	AppcharCom	
1907354676	ONYXMOVIES	Onyx Movies
851186784	sanjaaab	
121077756	Rouhania	   
34545980	zakhar_	mohamad
46579072	yyasharr	Yaa[r]
739251613	pirate37b	
127178635	ghargharak	
145160803	longvoid	longvoid
1701629071	clockworkcigar	clockworkcigar
1858497169	WisdomyQuotes	's Wisdomy Quotes
470857299	AuHasardBalth	
250514504	_babataher	  
250509012	khayyam_robaee	 
1213639842	ravannajandiha	 
160007504	Mr__Fave	 
250509589	moulavi_robaee	 
15448418	roOzhin	!
155992471	3DRobotics	3D Robotics
250510133	saadi_robaee	 
618068420	khashayargiar	 
574654481	foadi65	foad
2336318016	farzam_nosraty	farzam
2840926587	_SaintMary_	Saint Mary
248660077	khajeh_joftaki	 
163433987	bob_johnson	
255038870	1masochist	
538411606	PishMarg	ghOrale
93937651	iMoh3n	
1632188784	isfahancity	Isfahan 
17562196	Mahtob_M	Mahtob
92500457	great_pear	 
421396396	AliMatien	matin
1139229804	ser_serpico	NANI
313764078	latimorato	Vagabond
487463359	aynzad	
1376524880	RealmadridIRAN	 
633005262	Etiiiii	Arash
127146589	shadooone	shadi
478040065	_schupert	
808758854	_goli_	Goli
19758530	elsereturn	
179925396	TIRANASOROS	 
439389860	Mimna_kh	mina
14495822	TigerPalang	
109083972	Resaam	 R3SM
412549594	Ehyeh_Asher_Ehy	
70097723	samoneoneee	SAM
462770116	sinmimjim	
256215108	SIR_HOOMAN	H.O.O.M.A.N
760711976	MaRyJoOn_	MR
277568069	Wasoud	MASOUD
292876467	Armin_AghaIna	  
454529117	Jooolideh	
42385985	halVlid	Ham!d
37390776	M0HAMMAD86	mohammad
574485588	2zist	
956072970	FardisZ	
22247218	Arbaks	Babak
16829914	alooche	Alooche
138422490	nimsede	
