2564307187	toothlessbear	Navid
264309749	z85510	
927276392	zafmaaar	Zafmar.jpg
802106177656147968	GolGoliii	
5693132	ArmiinRad	
1567954478	AntonChigurh__	  
853662554492735488	pouryia	
845856412551000065	mamadimami	.
853233671712669696	HT8589	Hossein Tahna
1904550685	St_ErFun	Shut Up Head
1153375556	Kaambil	
92921497	KOUSHAAA	KOOSHA
255038870	1masochist	
16339883	amirdarafsheh	Amir Darafsheh
4565124497	YouTdii	 
491513894	SamirGolashan	SamirG
621928115	astrogirl1998	Hapworth
1907518016	mamad_hector	  
4126388668	FogholHuman	
4202434203	_Bugles	
2205167191	donya_meinhof	
1895233676	ForEverOskol	
2588075474	Jeberson101	
956058134	Berouz_	
396775293	melzinro	elz
2623211	alephmim	aleph.mim
552252520	engmahyar	
511883965	Mosht_aba	Moshtaba
1636476440	shaiyian	N
270375773	0ff_again	us
2227308599	Pepper0nii	 
129279460	petroCna	
42385985	halVlid	Ham!d
2235133873	o0nfs	
888740846	Civilianpro	
181078043	Errfands	
3379085849	arminsae	armin
215028103	shaape	killua
1495951248	hosseintanha89	 (UNESCO)
2362474561	_Taaher	TaHer
1047381535	jaan_daar	Jaandaar
13873432	yar00001	Hooman
400062723	57muel	
361296165	4rkanii	#4RK
14648025	rezaxiii	Reza XIV
252862130	ammarhzr	Ammar Vaezi
272305928	shahab_shabibi	Shahab Shabibi
