852056086668562432	golnazsoltani	GOLNAZ
888480427	hernameishanieh	Hani
831117801448431616	sadsahba	saad
853662554492735488	pouryia	
887408800260648960	piiraza	Solo
773378389768081408	nelphar	
850283703582375936	Orenzzo	
852981644420161537	chawtaar	Mr BigHand 
388720725	mmayamr	maryam
854595619	sosha999	Peyman Yazdani
2509360928	FarsNews_Agency	 
823466039228907520	Gilnegah_ir	 
751098102	5h005h1	bida
203832409	qomnews	Qom News
890742182	Varzesh3	Varzesh3
2156923266	tiyooter	naser
727184171915993089	1shekastani	blank
3084522786	Acclaime01	
1882624646	ksjvkk	ksjvk
818408371854409728	boktanbulut	benam
1972805412	arasch11	
742397045256953856	aidinhalal	Aidin
2479698715	mejidrnjbr	Majid
613815209	MaMaZ_63	..
1436286990	nargessi_a	 
750028664310464512	m4t4p	Mhtb
1525022232	niushee	niushe
712704116254908417	liminal_	mehrnoush
1660909368	ManUtd_Iran	
797567053095993344	sherikkhhh	Sheri
2790665443	radiodarbagh	  
996638082	Ferrrrri	   
583668898	asfaltekhis	
1650001394	Hadiiaan	
708744822186704897	eternalshiit	
714009498126520324	ahmadinejad_ir	  
1615619642	MitraKh777	Mitra Khalatbari
771350573572624384	HotLikeAhvaz	
2214869083	BehnoudMasoud	masoud behnoud
278008658	SerieA_TIM	Serie A TIM
797196477927985152	Orphanedat	Lemonade
2373734923	ACMPersian	 
88396026	AmirYosof	Joseph
801141612	aliahmadi_96	Cast Away
891524125	Sia_mk	_
777079152797188096	Nfatourehchi	 
2498818435	Latrij	Dmn ltrij
824964756	whofuckingkerz	jesus christ
589789291	_mrymr	mrym
793404671293583360	tsedgrof	fog
792311583884054528	liveshahrestan	 
633263939	Samarghandkhan	
790534243692797952	MazadMim	
3245408322	Sahbasad	sd
297034913	FerDokht	
2889325054	Hanimehdinezhad	Hanieh Mehdinezhad
66098953	Taymazimi	Taymaz Azimi
832754216	Aazzz77	Arzu
1000589126	EverythingMilan	Everything Milan
1896217968	valternit1	Walter (GALOF)
3401364256	hastibo	hasibo
37204416	neg_s	negar
1324753417	shinlady17	
1070332669	SahbaNikraftar	sahba
726930530017632256	YawningAlice	Alice
140070953	FIFAcom	FIFA.com
1272279127	Footballcast1	
755313983691776000	Tinnaist	
728951887190462464	sepsepooli	 
5693132	ArmiinRad	
727596383222407168	NasriiiiiN	NasriN
1610121559	iwantafuckingid	Nast's lack of money
2254957935	mercedeh_sn	
278174042	Gio_oia	
777987478078849024	shayankianiart	kianis
1964664444	paartizzann	
2552953676	GoLiii	Solo
946338937	hid__	Nah
3438099731	Najva8	Najvax
3058990348	bitooo_s	Bitooooo
974792148	mohammadnrz	Mohammad
764179147	uglyfloki	flki
146026726	bbcpersiansport	BBC Persian Sport
937116199	parastufd	
4851390610	nastaran_kd_	
1758839185	sepidealy	
1050897936	__mahtub	
396405629	maryami3	maryam
48771579	fookoolikoo	Furugh
312485691	Melzuj	volek
3379085849	arminsae	armin
1554301040	Nilu__Nila	Nilufar
766078125772009472	SerieAPics	Serie A Pics
268958654	OstadAssadi	OstadAsadi
3012132606	CaHa33	
54493333	khiaalbaaf	
4250674173	ely_shahy	
995677213	mostytoonam	  
44358393	Nooshyar	Nush
627673190	ChampionsLeague	Champions League
761964350303338496	NonexistentOrca	
714159230245142528	kimiaverita	Kimia
1157580240	Albertica14	alberto
974196661	Shindokht	 
2614030938	NiushaZarifi	
759490991279763456	Khani2Mina	Mina Khani
2431531934	marjjaaa	pointless
4698301597	Parodo3	shad4b
1050192284	Shamshirielmira	Eliimiira
755170516928004096	Talazmn	T
1017888356	Herforher	
1047565914	_elahe_f	El
715971786677088256	rorrettaaa	Rrretta
621928115	astrogirl1998	Hapworth
294014531	GoodbyePaterson	 
1382030096	Aisalized	Vellichor
2485035683	3rendped	Pedram
3003039241	lawliet_90	xanefar
3204018261	baharanegh	beghball
4864779897	nil_l4	
16087875	Mehrshadr	Mehrshad
1873133659	Aleeusha	Aleeusha
279522990	naghmezz	
2909238619	metahole	eterno en mi
181150629	Shimuszm	
752207710729465857	_shahraam	.
390000960	niimpaar	
367899368	nedsneds	nasoor
749431901950279680	hawraman_sj	    
757856102	meygooi	
2276641434	IgiveZerofuccks	Sanaz
212687187	Tofangbazi	
2722635709	_projax_	Projax
2511923155	Zhamzhamzh	
361296165	4rkanii	#4RK
1691157427	elnoraaa	el
46421054	Ara9h	Arash
750240706514550784	Shakhyaw	Shoana
151823945	arhnm	Amirhossein Mousavi
396408830	soodImim	Dos Santos
2379395802	sinachenzo	
2245915064	juventus_iran	 
392114023	HosseinMahini	Hossein Mahini
2207352019	xjdew	Oh
4755943217	Sabonagooloo	 - Daanieh
739888472551510022	YasehChay	 
747320835728277504	Parnassus1871	ParNassus
3254860796	choubin1987	   
745329853235265536	ashgvari	Makan Ashgvari
61151508	jeffscissorhand	Zahra
334525603	attt_h	
813325040	liamelili	
1895233676	ForEverOskol	
179404703	Nasim____	ns
2740135120	Qazzaal	Q
3236572308	__vodka_	
701484140206673921	kommunia	communia
2577391416	sorrkh	sahba
332954705	v1d__v1d	Nveed
712943659096780800	negar_nk	Negar
472852789	fateme_j	Fateme
1860411289	ghzl_n	
469508969	azzurri	Italy
751012920	johnameen	Me and Mozee
189859877	s_a_m_L_m	sadegh sam
2339925799	Katiosha11	
219026000	SamanArbabi	Saman Arbabi
377306947	__Hana_____	
15037539	doostmah	Partly Cloudy
1239867078	_sinada	sonada
723589039	Pearl6384	
710376811927085057	mahshid_sajedi	
4762057154	fmirmussavi	
724921765886066688	amiidg	  
109707441	albarezzahedi	Alborz Zahedi
4841708497	mo0rch	
1651293074	5haghayegh	
4452251001	northselkie	
1153375556	Kaambil	
3224411070	Meeka6th	Mika
3023418868	SaeedSolhjou	Saeed Solhjou
713313773038223361	soshiio	Baphomet
1566865952	helvettiren	Diabolical 
10762282	2ndmoon	2ndmoon
353739343	oliverteeut	 
715422653025267713	Hide_gurl	Lonely Potato 
2599275228	mohammad33_75	
1288642495	maralaram	maral
2687297047	mahafarid10	
1732497217	aWinology	
357511026	mehradhasanpour	Meursault
238330325	zirwanz	zirwan
158436416	MitraaMira	Mitra Mira
806453748	danydanyfa	
1640158008	_PrettyGun	PrettyGun
2241127988	Mndiiiy	
3405249253	arenesmaili	Aren
2459578081	NegarNejati1	Negar
3141292600	MinaPoorkarimi	Min
1047381535	jaan_daar	Jaandaar
