253229302	m00rche	MoOrChE
866699203879333888	Chounaaan	
783512178506760192	mafghood	
819438981611917312	contactJHW	John H. Watson
737224058	ContactSH	Sherlock Holmes
244232732	yasharsoltani	yashar soltani
770524327972179968	banooye_music	
2731137937	ParisRezaie	paris
25576002	Snuna	Luna Svarrer
2587055858	Gazorpazorpi	Gazorpazorp
25073877	realDonaldTrump	Donald J. Trump
1470791113	ShiRinKHV	Sh!R!n
808008901417455616	sin_sinatti	CnCinatti
129279460	petroCna	
17324308	nafise	nafise
785934813970755584	kligoretrout	Kligore Trout
780854436096675840	Powerfullwoman0	
711789200077676544	Bbirdwomann	
525233905	almostgaveafck	Gaveafuck
2431531934	marjjaaa	pointless
18055737	johngreen	John Green
532594628	FereshtehAkradi	Fereshteh Akradi
2272877258	behnam_taghavi	Monsieur B
1898278880	PeymanFD	
2317351705	LastWeekTonight	Last Week Tonight
3979378569	faaajh	
3350646335	ShogofaNoori	kuluoch@
1655961289	khengekhoda	
438615738	lvlahcli	
293681367	marzie_r	Marzie
2669893616	Amberkhatoon	
557954164	roserokh	 
2345680626	chekhof_	chekhof
468457155	Straw_Hat_She	Sheeva
580234210	Queen_prsephone	( )
739239236	Mahsaa_b	
255038870	1masochist	
181150629	Shimuszm	
2954609425	Arimassim	 
184952680	yataahoo	N@hid
279585574	mr_pen	ali amini
4827490385	Hghd61	Nikolaus
3258228709	_Solale	Solale
757892550	franny_ftm	franny
579001025	FarshadBandari	
1955348299	poiaan	  
798595604	far_shadd	   
2574429417	Mahnaz_di	Mahnaz
1205974434	cw_spn	Supernatural
794299734	rainy2nds	 
704047827	Zaramaj85	h
2743113943	JensenAckles	Jensen Ackles
463028760	5aaraa	S R
1371618385	Rouhani_ir	 
47813521	JZarif	Javad Zarif
1146382622	Chissttaa	 
583668898	asfaltekhis	
46870594	mehrlran	
439470161	atiipatii	!!
37630426	game_by_game	Game by Game
310687757	jarpad	Jared Padalecki
356486094	Vadoodetm	Vadood
45599404	Chista_N	Story of education
