3289922595	mosavvatA	  
970206680	H0ZEIN	Hozein
864565925273645062	shohre_prh	  
710719111605530624	goorbachof1	
852220894047088640	boshra_prh	  
1160792402	yekvakil	
3007094257	SevenFeryal	M.R.M
2309651043	eqhbalaskani	
2580716445	dashjorjio	
96731198	CallMePennyO	
715566345191030784	J_H_Poincare	 
2256186895	Alireza_Moein	 
729242579082956800	pooskan	
1401347208	mahlagha_hs	  
704177576978219008	asieh_bakeri	asieh bakeri
42385985	halVlid	Ham!d
2221129711	Gonge_bikhaab	 
704461052663230465	Firstlocky	 
599637777	velgard100	   
1190054473	goosfandofgod	 
1116427544	asysepid	
2940473780	Goraz_23	 
472852789	fateme_j	Fateme
4782551	Vahid	Vahid Online
2489759365	Hamid_wood	 
95521017	Amoo_Sibiloo	
2285581932	ehsaningg	
510971772	bitellooo	
451705078	jahangard4	
253971447	Omid6887	Omid Rezaee
2335175053	NahidMolavi	nahid molavi
3009900139	kayotRaRa	
3052657133	SamirBinTuta	  
169179541	mamlekate	
46460157	Saeed0f	
22817560	MithraYousefi	Mitra Yousefi
2950042619	Sashtyani	
251763473	imanpaknahad	Iman Paknahad
894875454	AghBahman	Agh Bahman
587885385	amiryaghoubali	Amir Yaghoubali
1423188918	M_Asmmm	
3319250897	potanciel	
14690170	PhillipOfAjam	P
2286253674	saman0018	 
979042861	behzad_bh	shex
1931356045	AminBozorgian	Amin Bozorgian
823984375733911553	MJosephinne	 
2992837131	Faribastill	..
798828888889511936	hichofski	
709082998415745024	Mashti_bash_2sr	 
2972300751	moztar_2sr	 
347146100	farid_miner	
755147022009794561	_masoud_94	masoud
864681423738941440	1Ti2hPC82JjT3vN	 
4492545868	alirezazandi62	Alireza Zandi
3072177815	TMehraz	
878345806432133120	Edris_Raisi	Edris__Raisi
873076482263863296	Maryam89409088	.
825674985356279809	maryami_tahan	Maryami
885839048937533440	meygoon2	
885179110082973696	parii_ya	 
879272847759298560	KianaRasht	  
822917302169563137	Poetry_farsi	 / 
875393245211222016	VahdatFarhad	
3086976830	maryamooo999	
885617855739420672	alone_Skarlet	
3002959621	1393_fouad	   
762028777694175233	soheilszn	 
816042063884066816	mahshabgard	* *
878781038419423233	aannddiiaa	Andiya
885350544788918272	IFLtgJR3CCXlptF	journalist
865218475056394240	masi136461	milad
877604955225546753	BahmanMaohamdi	bahman maohamdi
602060008	Nazaniin_m_	 
300732015	salome_kt	Salome KT
1593860330	balambato	 
819238238812590080	Senowbar	
3132111354	manbto1393	
739181623892168707	KARTOON_002	
889071697764245509	blueee_piee	 
418951760	PandaArshi	Pasionaria
704719027160145921	Alpainn	
1543513790	Vladimir_amin	  ()
962049841	AzamRasti	azamina
2722848061	Keykhoon	
2193883470	Farshid928	Fashid
3242236239	bohluol	
715744234712772608	shadi_baqi	shaBa
602629562	Ferinaando	
536250646	2na2nz	
273478225	xentrixus	 
3399124558	Marii_Abdi	 
713810570705653760	ManiFarsaie	Manifes
353739343	oliverteeut	 
255038870	1masochist	
2337222685	davwvod	DavoT
4565124497	YouTdii	 
14341131	roozbehdotnet	
552252520	engmahyar	
1584066241	alibozorgian	Ali Bozorgian
548660333	1momas	 
2647609783	_Dogmatist	
2228762088	1hoseim	Hosein Norouzi
2255375036	LUMPY_54	LUMPY
2427624403	srnmhda	
510074074	aalset_	
1100641922	Mrqauf	
2909807976	Geodesian_1989	
1155192594	yekadameinjoori	   !
801842805979181061	amir77077	  
858189435401273344	besanemah	
837010571388153856	shileizi	
858270064805412864	mustafi_r	  
803925117621387264	M_A_Maaleki	M.A.Maleki
736850150195351552	miissniiss	... ...
2987352126	yasemanz	yasaman
215950639	_Exception_	Exception
847811263816249344	DivCheh	
4772208557	mhoseini9	miiitra_hs
2593029977	miladsokhango	 
827778219164176384	tabrizian_m	
806740238408089601	darya527	somayeh soleymani
3157502735	sondoos94	sondos
879415608936464386	ali61442228	ali
1549099448	Rezoneee	   
872330575159361536	pdarkhande	pedarkhande
836912521906958336	Vahideshunam	v hid
748586947224965120	nimabing	 
2259194618	Negarineh0111	
3166339931	Setare_t	
183818684	heekati	Diyako jd
3571002795	dorsaebadin	 
828940531866730497	omidjam7	Omid Jam
878731931348815873	AliMoha99882866	Ali Mohamadi
816721830912212992	Aida63621936	  
1930687819	NinangnNegin	
1931553402	azad_fa	Arash Azadei
3383834596	saleh81557237	bache mardom
4177697014	3piideh	  
3719424089	TanhakmoOmid	Tanha  Omid
858720192918151169	Mokhless021	MOKHLESS 
881925219027374080	sajjull	sajad
818176747313266689	2aloneman	
756458297612505088	MrSibilo0	 
878475544509255680	raharezayat	Raha
883301271192711169	ladan810	Madhatter
629702527	omidamramagir	Omid
846424842077270016	hadyma67	Hadymalek
880838101517598720	ariaahou28	ARIAAHOU
858695305251872768	MayamuliaO_o	
