894875454	AghBahman	Agh Bahman
1878208184	saman_bank	Saman Bank
50579652	Khanoome_X	 
732242172926406656	marj_pr	
8568642	Momentlive	Amir Momentlive
154215093	mamannasrin	Seorita gata
1329018038	culaan_	Dra
2886021546	3aghar	 ( )
758679740005945344	Dr_vakilii	 
751721055031586816	mah_sadeghi	 
718339679465140224	sina_mesori	Sina Mansouri
2427624403	srnmhda	
877656276	adamizadi	
814019074879410176	KhaMayam	  
1481028025	sarjoookheh	
65805181	Abreshalvarpush	 
117704069	shaho_nemati	
786892569443786752	iamkhaje	  
2754330819	Ashkan_hn	 
353676620	_soro0r_	sooloo
2337222685	davwvod	DavoT
484921502	un00sha	
726531218	arghavaniiii	 
838705176672415745	MRambod57	MRambod
742402098	Namak_1	 
478377028	nima_farzaneh	nima
873867872	Teymoursg	
2769899097	mircomplex	
2237397852	amirebtehaj	amir ebtehaj
804028714325577728	sahar_1929	 
171107331	4RASH	  
35670539	mmosafer	M.Mosafer
762632803116736512	Golhaco1	  
2321143256	MZargarpour	Maisam Zargarpour
14190672	mahdijafari	 
2767873621	Mohammad_Jahaan	Jahaan
734021453482319872	Gondorehsan	lHsAN
1396552554	santiaaagoooo	  
712203671258451968	Gavrch	
975402740	chela200427	   
744789335325581313	mhn_sh	
53398247	hamid_kz	
1725930715	DastinehRoshi	Roshanak Dastineh
4296235834	he8362	. .
253920360	MasumaIbrahimi	Masuma Ibrahimi
1920731322	intheWISH	
1116427544	asysepid	
3149012837	AlaviHamidreza	Hamidreza
2164854674	Esshaghia	
1100641922	Mrqauf	
468457155	Straw_Hat_She	Sheeva
863587717	Nedddaaa	Neda
3080120083	NaghipourM	M.Naghipour
1954979244	mosaferkesh	
3224350632	ictstartups	ICTStartups
4839039754	buzzibanez	buzzibanez
2945599269	siamakansarii	Siamak Ansari
1423188918	M_Asmmm	
235013821	HaaDooK	 
176570472	Avaheda	
176570472	Avaheda	
1110143388	Sany___	Sanar
465363827	Masooti	
189462386	dutyMessIr	Taha
356842518	GolrokhS	
133237155	Nix_Nikooo	Nix
1470791113	ShiRinKHV	Sh!R!n
2256186895	Alireza_Moein	 
302876653	MaaNia_60	
2580031506	Samira_anisa	
2721296281	JalalSamiee	Jalal Samiee
930087746	acc_joker	 
451783052	_velGard	
222682480	_ZedZed_	
2320649540	_OhReza	
518681801	fhinese	Hamed
2647609783	_Dogmatist	
20132309	r33zaa	
386755074	ShygalSm	
403668878	Abestanioooos	Abestanioos
2196184346	mamadeti	 
66491046	hoomanrezvani	Hooman Rezvani
45049575	Deadman_MJ	Amoo Abbas
2868170628	Nazanninn	
2834114557	maryam2160	 :
2234816707	ShabnamRahmati	 
588039170	sara80ma	
1933190708	key1am	keyvan
599637777	velgard100	   
48538079	Shaamorti	
1679741827	amoomame	  
2383030438	M4DG0DD	 
1867080126	saeedeh2012	
821885828	hastaloo	Hastaloo
973490311	BacheGorbe	Adagio
238229483	kuffmode	Kayson
1132620468	N3gaar	..
1042209960	MehranBotParast	  
1500491118	imanbrando	DON iman
482015513	Amoo_Yazdan	 
979042861	behzad_bh	shex
1139229804	ser_serpico	NANI
2272242467	sizdah42	 
2152354122	Tannaz_sarabi	Tannaz
233943656	VahidSEO	VahidSeo
403686789	mm__amin	
2173123919	mehrdad_ab70	 
555391248	2gharn_sokot	  
2403325573	Nigliaa	Niglia
297081530	Kaafffff	
1256706829	zat_ara	
2242261040	jangalsorkh	
748369256	ahmadreza_s14	
574654481	foadi65	foad
112029481	Siiibiiilak	S!B!LaK
238330325	zirwanz	zirwan
480737104	HamedTabaar	HamedTabaar
1612255874	GhebleAlam	 
630294980	1st_nafar	
1589076457	saharban0o	
2279281220	alinshahab	Ali Nemati Shahab
12629792	atakhalighi	atakhalighi 
624459884	AliKhalilifar	Ali
853290625	TwitteeTod	
135679428	danimoh	
552252520	engmahyar	
67444327	saman_hf	
1495951248	hosseintanha89	 (UNESCO)
758436218	HomayoonSazesh	  
294014531	GoodbyePaterson	 
123577879	aazaad__	Merkwrdigeliebe
87653387	zekipedia	
2255375036	LUMPY_54	LUMPY
51010916	Am_Ka_Mo	AKM
518638596	SomebodyM69	somebody
229604535	ni5san	
396567988	Mehribanooo	 
398413431	LaK_PaK	DeLaRaM
1667371002	plaque9	
255038870	1masochist	
293789869	Gagi_B	saghi
83819295	Aroooom	
14567230	1mahraz	mahraz
313838974	Darvish_Aref	
806080675	mowtion	
357541884	Sogol84	 
1889951424	best_of_farsi	 
455078941	khormalooo	MinooO
434442640	shaakhtaar	Shakhtar
475664526	taraneh16	
18424473	_Cafe	Cafe
1371618385	Rouhani_ir	 
16418203	MirzaSpeaker	 
408371089	Meysam_Azad	M$M
53804216	Ferihelper	Ferihelper
14493664	spidermard	Spidermard
232814544	Hossein_Aghaa	 
93712572	Dokhtarhaji	Dokhtarhaji
238907809	niiisoh	 
4921131	nima	Nima Akbarpour 
114165346	tehraner	Tehraner
192639466	PartoPalang	  
