47135775	hajjehforoosh	
845574538217766912	milad5433	Milad Ghasemzadeh
820166369459245057	TFiroozian	Tahereh Firoozian
2285621	snhasani	Naser \_()_/
70667235	namihos	Nami
345796358	alipooya1	alirezapooyanasab
855163654185959424	smmousavi1404	Sm.mousavi.1404
362390390	HassanZanjani	Hassan Zanjani
870978708747808768	Peymankzv	Peyman Kazemi
14723545	tehran	Shahram Sharif
3236233050	isfahanplus_ir	 
146579141	Blackmagic_News	Blackmagic Design
93133101	HasanTBT	Hasan Tabatabaie
70651033	KHOSHGHAMAT	  
301645503	NakhjavaniSm	Sadegh Nakhjavani
263554126	gadirsa1	gadirsa
705897758	Peyman_Manutd	Peyman Omidi
1718930268	MohKermani	Mohammad Kermani
47268490	msadrim	m.sadri
5958932	eskandari	Ebrahim Eskandari
801404369539309569	pbciran	Pitch Bootcamp Iran
840023950365192193	LastReindeer0	Bets
2462743081	imanmohammadali	iman mohammad ali
799372523460849664	GNevesht	 
1146387763	DDbinam	 
2172631	nimania	Nimania
1856400738	hamidehabibi	hamide habibi
1546354519	sh_janan	
844519814362271744	virgool_io	Virgool - 
3080120083	NaghipourM	M.Naghipour
2999337869	Miladbhd	Milad
3224350632	ictstartups	ICTStartups
1575641863	pPirhoseinloo	Pouya Pirhosseinloo
1253635922	vagheanke	Shahab Javanmardy
6375322	Livestream	Livestream
822374638428659713	__soheil	Soheil
2359245127	mrymei	Maryam Ei
47193218	namvari	Vahid Namvari
797866135693750276	Mehrank23	Mehran karami
2495960612	_Hosseins	Hossein
701451176	MousaviMaryam	Maryam Mousavi
2868703088	AminBeigzade	Amin Beigzadeh
2417627131	masoudsharifi92	Masoud Sharifi
232786851	neda_no	|\|edaa
1334860945	Masoodkhosravi	masood
4714996129	PanteaDee	Pantea
747888923523883016	zeynab2210	Zizi
3768837255	Roshanyyy	Roshanak At
46872433	miladrostampour	Milad Rostampour
269008895	nazlinaeini	  
2759618001	davooddehghan65	davood dehghan
2259117235	ArmaghanBehbood	Armaghan Behbood
774962302001053696	daneshemrouz	  
2299909472	keivan_karimi	keivan karimi
1487126604	imohsenet	Mohsen
112507479	arastuq	Touhid Arastu
31713138	hamidnejadian	Hamid
838129555	Niazimanesh	Mahdi Niazimanesh
854274296	Freshkaramel	Fereshteh Karamali
91644528	tina_nbz	tina.nbz
51964398	emtized	Emtized
2774328398	graph_team	Graph
21351713	rastikerdar	Saber Rastikerdar
3370497073	amirshkt	Amir Shokati
558603506	kiawisherman	K!A
3123206131	SepAssadian	Sepehr Assadian
3425928771	saate_bernard	 
2164850889	aminkhss	Amin Khalighi
50093925	HosseinSalemi	Hossein Saleminejad
1384968944	sajadabedi	Sajad
251748737	thealiabbasi	Ali Abbasi
768044506763685888	rooydadtv	Rooydad.TV
2276421	rezamgh	Reza Moghadari
628139384	HosseinRonaghi	Hossein Ronaghi
43753223	alibabaie	Ali Babaie
3355296527	_siavasha	Siavash A
36315171	TheLogicBender	Tala
57864278	FarzadRahmani	Farzad Rahmani
122073649	myflashlab	myflashlabs Team
46863210	jalilyonline	somaieh jalily
753570561842970624	iamalirezanouri	Alireza nouri
748831273670496257	behradj92	Behrad
2818573757	anisbidar	anis ab
1953785851	RoozbehShafiee	Roozbeh Shafiee
1290144440	BehrouzIX	Behrouz
14755862	VahidStar	Vahid
1667406487	Navids69	Navid Sedehi
2150300630	BehzadianAli	Ali Behzadian Nejad
769315794	sepidehsaied	Sepideh Saied
526178637	HadiSinaee	Hadi
4098243807	sahar_sobhani	Sahar
735551605513302020	smokamali	Mohammad Kamali
584644482	mahmoodBagheri	mahmood Bagheri Tadi
125149751	ahmadvard	ahmadvard
1354113871	MajidKasiri	Majid Kasiri
216497558	amirmoharami	amir
204967829	Ghenaat	Reza Ghenaat
2736706383	_mahdieh_	
20834720	theReticent	Ilia Vakili
15207420	pooyaz	pooya rajamand
230671471	mamsoudi	Masoud Mirzaei
2456110863	SILENCE_MM	 
1952450834	RezaMizbani	Reza
71482204	exavir	Farokh Shahabi
306634552	mohammadfazl	Mohammad Fazlollahi
517414478	behzadw3	Behzad Yazdani
4897803268	h0d3r_fa	 
313119999	issavejdani	Issa Vejdani
189545795	Khani	 Mohamadreza Khani
3398051825	madkamali	 
2279281220	alinshahab	Ali Nemati Shahab
100747187	arashkarimian	Arash Karimian
22057322	baharehmsh	bahareh msh
199264590	hasan9750	hassan aghamohammadi
706436316364476416	rezabahramivii	Reza Bahrami
18973454	farhad_hf	Farhad Hedayatifard
2461008602	Mahdieh_F	Mahdieh
1905047714	AliTehraninasr	Ali Tehraninasr
69700117	mehryaaar	
2170107145	amireshraqi	amir eshraqi
201875492	aitdds	
18643596	amirakbari	Amir Akbari
1580884105	hooshmandk	
229021972	Ara4Sh	AraaX
435973316	irLinja	 
302678816	hkazazi	Hosein Kazazi 
15699865	amir_HP	amirHP
2233134438	SadraMohaqeq	Sadra Mohaghegh
5538032	jranil	Jalal Rohani
13739032	parhumm	Parhum Khoshbakht
1930828290	_far_in	FariN
3974482083	11iranorg	11 Iran
2205684181	AsalMansi	Asal Rad
2787911245	EmadSaedi	Emad Saedi
279401961	amirhossein693	Amirhossein
14953442	faghihy	Amirhosein
21846265	imorteza	Morilog
3288682253	OPPMAKR	Reza Ghiabi
143018245	AmiiirDez	AhAd
75223757	jeusGeek	JEUS
479981193	divisionbyzero_	$ sudo su
133167027	yarakarcom	yarakar
984704396	misaghDroid	Misagh Aghakhani
83647097	mohammadmojrian	Mohammad
597624745	raminfotovat	Ramin
4859761	remohammadi	Reza Mohammadi
73867908	hoseinit	
2493335089	SSeyfiD	Saeed Seyfi
230507750	hamedbd	Hamed Bidi
377215935	pouyakondori	Pouya Kondori
15192708	tavakkoli	Behnam Tavakkoli
49360447	catsep	Katayoun Sepehri
2321143256	MZargarpour	Maisam Zargarpour
1241050267	majidmoradian	Majid Moradian
114814408	EhsanTarighat	Ehsan Tarighat
97940032	SajjadRad	Sajjad Rad
867187434	feriinoosh	Feriinoosh
1595475271	arianmoghbeli	ari
16882831	nkouhi	Navid Koohi
40648007	M_Akbari_	Mohammad Akbari
37916396	amirsedighi	Amir Sedighi
6405052	saeid	Saeid Zebardast
536366668	_dariush_a	DRIUSH
58320908	alireza2600	Ali Reza Sadeghian
14933858	fzerorubigd	 
2311451474	farzadpro	Farzad
17154772	Nima1980	Nima
255399300	miladcoder	Milad Salehi
115390156	Hypogrif	Hypogrif
1388739252	ShahabAlem	shahab
1670883769	khosikhosikhosi	 
1710318192	12_plus1	 
87653387	zekipedia	
2152456394	elahakbari	ela
711121549	Emyjamalian	Emy Jamalian 
284761320	msedighian	mostafa sed
1176180264	tranjbaran	Toktam
524344579	haj_mamed	 
1633862676	Poor_Cooder	
125274562	peyman3d	 
16275448	snasihatkon	Samaneh Nasihatkon
615455763	motaghifar	Mehrdad Motaghifar
551503079	AliJafariPw	Ali Jafari
312524212	macromediax	Hossein Sharafi
1441690861	alirezaimi	alireza
1512833803	nimanifest	Nima Rasoulzade
275425282	ali_a_lotfi	ali a lotfi
1607955728	Peivast	 
83819295	Aroooom	
16741234	sinasalek	sinasalek
2229841277	ayat_hosseini	Ayat Hosseini
371923522	shalbafzadeh	Reza
777012422	rezafarhadian	Reza
2410501070	leila65taheri	leila taheri
1733035928	sh_tanhaa	sheyda
556584811	HazhirDabiri	Hazhir Dabiri
14329781	negary	negary
9222412	mhrnb	Mehran Bolhasani
200012444	b3hroozam	Behroozam
1136498730	PouyanRA	Pouyan
