1377921709	kahoopich	 
883022765535645696	shahrzaadmir	shahrzadow
1201045933	BBCBastani	Hossein Bastani
249553807	mm_00_na	M-@nn-@
872701305239855104	binam8810	D
1561866168	Live_Farsi	
2829788026	barfak6	
786662220029657091	cansell_app	CanSell
769860277177319424	llemell2	M3li
873867872	Teymoursg	
853233671712669696	HT8589	Hossein Tahna
576495812	mndctld	
1512833803	nimanifest	Nima Rasoulzade
837680744805847042	asttinn	Astin
821885828	hastaloo	Hastaloo
4073941822	__HanR	
2761328116	Candoooou	
1332127904	M0rpheu3	 ()
116185997	rzgar_sh	rzgar
472852789	fateme_j	Fateme
404268423	SarviSad	
703695036446330881	s90ta20	 
760437030	HamediEbrahim	Ebi
2883837808	charshanbeh	 
779024223809437696	7sobhh	7sobh
808428725951987712	juje_talaee	juje_talaee
88433268	sibzaminikhorha	
2657696780	Golnea	Goln
624031683	mooshtebol	
946338937	hid__	Nah
724942175742660608	khatkhatinevis	
547509406	sibghermez	
764179147	uglyfloki	flki
255038870	1masochist	
1518746330	Rey40419653	
183206087	hadiahmadii	
2422359110	sardAAk	3
749551939483004928	bahmandaroshafa	 
2904195838	CrazyinRussia	Only In Russia
403999527	Coffeeelizard	Coffee Stark 
133237155	Nix_Nikooo	Nix
3203149822	Edvaardoo	
2379395802	sinachenzo	
2203231058	felaskechayi	
733425224922861568	itacalvino_	
217861092	ArashGir	 
542118369	Ashitaaka	 
3258228709	_Solale	Solale
727596383222407168	NasriiiiiN	NasriN
2735479821	stieler1756	
2427624403	srnmhda	
2442617371	Sesheh	 
1188774008	bahikh	
57276671	elllegreen	Eli
210719582	asadgharighi	
4710261842	AdasiShakie	
2895930582	JujeTalaee	juje_talaee
2623211	alephmim	aleph.mim
54133469	alireza_rezaei	Alireza Rezaei
1691574356	SharghDaily	 
621786437	_a_k_i_n	
1872820130	soormeh	soormeh
2889896601	Hombilious	 
264309749	z85510	
96130616	alborz_z	Al
195224039	Mimabedi	 
1530332280	ArezooA_	
14367829	saman77	saman77
3727936577	_kebrit	 
493843317	chiichiilas	CHiiCHiilas
1577623176	SharareMishavam	   
14516781	3tareh	3tareh
2228762088	1hoseim	Hosein Norouzi
51010916	Am_Ka_Mo	AKM
14646703	FarNice	FarNice
21885448	hmdrza_	
397951068	schwifterin	
37204416	neg_s	negar
296382255	shimzing	Bored 
1511480538	__Bernard_	
1305395144	ShabAvare	
3023835104	ARRINKINKIN	
1146382622	Chissttaa	 
2885302458	leylikarimova	Leyli Karimova
1359446846	NrzNima	Nima Nrz
242890784	ari_mah	             ArASH
742159824	MehdiT1	Mehdi T 
14743763	slt_fa	
387930507	sajjadMzyn	SajjadM
755142367	sakene5	 
551730765	zahra2101	Zar
3900937816	_zirwan_	zirwanz
60031952	_nacm_	
2739841289	unluckylook	  
2971346304	orange_fox7	schirin
2932856324	eynmim_	
156754511	avpml	
70338768	AminLotf	Amin.Lam
2693599770	_alphamin	min
1667371002	plaque9	
2945599269	siamakansarii	Siamak Ansari
528771986	zhivannn	
3080762480	Sleimoni	M-hdi 
287088046	ReviverOrator	
2282006784	MissMiiiim	
451705078	jahangard4	
2586138907	miikiiaa	kimia
1962978824	NuaaaaAage	
3404096597	riraruri	 
86527199	gelofen	
67999178	Don_MMMM	
95402324	akhsch	Op.1
2717614346	huussb	
552252520	engmahyar	
302860174	chapdast	Aka Lefthanded
2233134438	SadraMohaqeq	Sadra Mohaghegh
323127279	stere_kh	
1627047888	Mana_Azamat	Mana
130549887	BahmanKalbasi	Bahman Kalbasi
547839112	Amnesia_SN	Amnesia
518681801	fhinese	Hamed
2963943623	nmuseaoe	
3311853538	youngerbrotherr	younger brother
502799316	ellelaheh68	
411483717	K1sadri	
156605463	mirzaadamjan	 
268958654	OstadAssadi	OstadAsadi
2237667674	jojehhhh	
353739343	oliverteeut	 
64027339	Graybeardcodger	 
434442640	shaakhtaar	Shakhtar
3305149546	New0ne1	vandi
1234768950	neb_____	stephen
979042861	behzad_bh	shex
245975098	neutrinok	Kayvan Neutrino
1272938635	Zhakube	  
806080675	mowtion	
2469590892	iShelbyBoy	Mohamad Reza
3205082147	amoookia	 
32122637	EatThisNotThat	Eat This, Not That!
35201190	digaran	Meitham
99999538	Mirzadeee	
1420148670	ham1367	Hamed
143218512	OfficialMNamjoo	Mohsen Namjoo
2239793376	soulkeeper_89	
7759232	olysseusjourney	
927276392	zafmaaar	Zafmar.jpg
403686789	mm__amin	
614661422	jerjiodelaserna	
14690170	PhillipOfAjam	P
256988773	sAAAyE	
2723749248	heyejimi	.
1374579103	PouyanKh	POUYAN
2996447987	peni19118	
410856472	gheziii	
216694248	resam_mcv	Resam
132898764	mohz67	
353676620	_soro0r_	sooloo
317072168	agha_reza_khan	
29188023	MRyMAMD	maryam
42365683	amirx	
226973327	GhzJabb	 
250784864	milad_d3	
91830854	sepidakkk	SipiDe
403668878	Abestanioooos	Abestanioos
53985967	aazadvar	Ahmad
42385985	halVlid	Ham!d
1110143388	Sany___	Sanar
510074074	aalset_	
15802230	kamran88770	 
320195081	MiidnightBlue	  z 
2320649540	_OhReza	
2362474561	_Taaher	TaHer
48676062	liquigels	(}: Adv!L :{)
254705397	k5SM465	Truck Rider
297081530	Kaafffff	
2180633748	MehdiAHM	
2235133873	o0nfs	
2804089933	Azizsaltane	
2774644930	48kilooyi	terrorist
69602594	Aliireeza	Aliireeza T.
534690561	eternal1888	
1329018038	culaan_	Dra
2564931008	Seeeeher	
3084471	counterclockys	
166638829	morghlim	
1882624646	ksjvkk	ksjvk
973342039	Negar8059	
517911259	_amoookia	 
602629562	Ferinaando	
48538079	Shaamorti	
224636056	Reyho0n	
1063679412	shr_soren	
1933774632	Samuraii4	
2255375036	LUMPY_54	LUMPY
2729131	Mardetanha	Mardetanha
626624677	_GOLNAZ_	golnaz
515825014	PherPhere	
14954395	nejatt	nejatt
2329928592	Dr_fisi	
