3292820093	Naftaalin	
736647032547348481	barisae7	
793042349215584257	bertranddela	Bertrand Delaruelle
18863815	coldplay	Coldplay
2554102716	MortazaBehboudi	Mortaza BEHBOUDI
875992032170442752	TehranyHediyeh	Hediyeh Tehrany
857920507945123840	Toefl_Guide	TOEFLYAR
1551032172	HOTEL_KAFKA	 
857877938976567299	shervingz	Shervin Bashari
226195494	nimaadn	
1151818194	aghRmin	agh Rmin
14341131	roozbehdotnet	
721615669792546816	partshm	Partosh
45324233	SEKoohzad	
1080370987	MahsaNemat	Mahsa Nemat
125139828	nazaninroghaye	Nazi
736611899811340288	Donyajoshani	Donnnya
894875454	AghBahman	Agh Bahman
2754985974	nwsersh	
2299909472	keivan_karimi	keivan karimi
2370842576	et0ilefille	 
10228272	YouTube	YouTube
1582341876	pakalupapito	pakalu papito
51757837	Nicaja	NicaJ
484921502	un00sha	
82097756	JamesBlunt	James Blunt
764448548	Hoteinoo	Hosein
817122776	clumsygame	Clumsy Ninja
913236001	feresht60750842	fereshteh
768529186956779521	mahtabeh	
711121549	Emyjamalian	Emy Jamalian 
49295564	tinoushnazmjou	Tinoush Nazmjou
450601450	Naakojaa	 
765264618038169600	nednedii	Ned
2601674191	9GAGGifs	9GAG Gifs
758772573073182720	_Nocturn_aL	NocturnalAnimal
4382567835	VaghayeDaily	 
765414632	PahlavanAli	Ali Pahlavan
1328750544	FanaticFeeI	World Travels
255551939	MyKushJoint	Weed Tweets
763445803847299072	velshodegan	 
1546270652	Hilarious_Idiot	HILARIOUS IDIOT
3235811654	S_s2sanaz	 
3786129262	sydjalili	Syd Jalili
3319809246	sino0osin	Dr Jeckyll & Mr High
51087520	Sepidehma	Goje!!!
4624773153	t_alidoosti	Taraneh Alidoosti
173048256	sseeppeehhrr	  
731698399553171459	FMSS93	My_Diary
2576238121	Thelnteresting	Recipes GIFs
1161795360	AidaAhadiany	Aida Ahadiany
289368597	esmodparis	ESMOD PARIS
3385227526	bigjanr1	
15485441	jimmyfallon	jimmy fallon
716533914198794240	javadmtk	Javad Motekallem
50110505	pant0ufle	pantoufle
16969298	yalo0o	yalda
630361755	leonst7	L0N
1521752815	dadaist20	Dadaist
705360003184644096	saghetalayii	 
479981193	divisionbyzero_	$ sudo su
1106275189	kalegondeh	   
808441262	Hou5hang	Houshang
4948171	_l_	.
3988962797	WiliamBlake5	
337038595	Ghazaal_	Her.
934553120	Aghrezo95	 
2557966136	TaichiPandaEN	TaichiPandaEN
22024691	siavashh	Siavash
4282955596	amirosseins	  
4348237453	Matt_LeBlanc	Matt LeBlanc
2566824104	paragraphsir	
2440252190	foodporntho	Food Porn
96130616	alborz_z	Al
252937643	ehsaansharif	eh.sun
447346332	favajan	favajan
1691574356	SharghDaily	 
136635922	ashmogh	
14646356	soudehrad	Soudeh Rad
68005455	roohsavar	RoohSavar
14873102	ArashBahmani	Arash Bahmani
1329018038	culaan_	Dra
56048949	aaliaa	Ali Akbari
3001583014	the_zhalzzz	Zhale
511883965	Mosht_aba	Moshtaba
2505255102	Elcapo669	shensuke
853290625	TwitteeTod	
2735512238	baahaarii	
3075474801	IranHistoryPics	Iran History Pics
578764816	Cortexoo	 
1037424757	simsala3	rad
414498534	Haji_Washington	 
36924087	javadOftadeh	Javad Oftadeh
588039170	sara80ma	
235680174	hamid_karimii	
149760844	HistoryToLearn	Lost In History
3080418754	1001BooM	1001BooM  
70916533	Abedi_saeid	Sad AB
2359528682	Meisamst68	 
2945599269	siamakansarii	Siamak Ansari
62800909	saintporya	 
800673013	RagNza	N
1042986278	Grmvf302	
2379395802	sinachenzo	
840696344	paapion	.
518681801	fhinese	Hamed
330860315	mulan_7	
1925648287	MaDmazelShin	 
1139229804	ser_serpico	NANI
2232589353	amirakevazir	amirak
226558614	Charlie_Abdou	Charlie Abdou
2196184346	mamadeti	 
17289451	Amin007110	Amin007110
63920653	remaerdasiehs	Dreamer
16261013	aidaa	
1557315432	HistoryInPix	History In Pictures
1598644159	HistoricalPics	Historical Pics
1086485478	History_Pics	ClassicPics
113299427	shahryar1381	shahryar
56352195	soroushsep	   
180038801	FarnOoSh_	FarnOoSh
53474924	vahidnikgoo	vahid nikgoo
611959284	FreakingTrue	Typical Girl
1542235968	ssaamo	
46870594	mehrlran	
835083097	PupsPorn	Puppy Lover
873111349	CatPornx	Cat Porn
103375058	beforeidle	Before I die
1962211435	key_mim	 
207067703	Amoraeus	  
1617526993	radiochehrazi	 
141864252	SurvivaIGuide	Tips & Tricks
2586063746	sariiimm	sarim
48286297	massiha60iha	 
47813521	JZarif	Javad Zarif
225098867	gh_reza	Reza Ghoochannejhad
1404590618	HassanRouhani	Hassan Rouhani
19919875	kambizhosseini	Kambiz Hosseini
263237421	aamirmon	Amir Montazeri
704453844	khalilagho	
2330495156	BigJanr	
548581706	ItsMetalshadow	
1344129744	omid_F55	 
702508724	Hosseinmno	Hossein_mn
16339883	amirdarafsheh	Amir Darafsheh
566125600	nosferatu08	Nosferatu
1636476440	shaiyian	N
398413431	LaK_PaK	DeLaRaM
178646340	Sharareh_	Sharareh
434442640	shaakhtaar	Shakhtar
1894917734	Ahmadrezav	Ahmadreza Ahmadvand
1667371002	plaque9	
905372526	TheMan4Silence	 
1582853809	HistoryInPics	History In Pictures
245153743	buuuugh	 
2324137058	IranInPics	IranInPics
51964398	emtized	Emtized
1435134127	shivolii	
701786274	Aasma__	
189545795	Khani	 Mohamadreza Khani
283657153	Gentlemaghz	Erekhsh
262622433	sarabanooO	Saaraa
2960221	lastfm	Last.fm
2273413590	kianna_ka	kivana
790728	bbcpersian	BBC Persian
159441993	H4MiDP	H-a-M-i-D
984413802	TheDIYHacks	Cheats
2194578286	AmirKhalifeh	Amir
486726619	AmirHermes	
84071601	JoeyTribbiiani	Joey Tribbiani
554716690	Hosseiinsh	HosSein
270960311	DemeroI	Demerol
825934369	itzwikipedia	Knowledge
15015672	Raaadin	
523063012	sinanikaeen	sina nikaeen
12355832	opiums	Opium
612181224	payamgharani	 
311778704	Mezghoun_Chi	
14949621	fero0o0o	fero0o0o
38638966	Kelishe	
223204285	EhsAanfA	
963224328	DreamerSheba	 
17447154	saeedhbi	Saeed
20235694	Conformist77	Conformist
1179054378	9an2lvl	
472416263	Bijouxx_	
970859666	Nazaninp81	  
20907442	rampedramped	pedram
16237479	DracuDentist	More
721023740	mmperfect4	Petrichor
252727213	stalker7170	stalker
69316412	curvykate	Curvy Kate
843650366	DarrkGlobe	  
612840082	emam695	  
14493664	spidermard	Spidermard
16829914	alooche	Alooche
17066033	Boushveg	
53804216	Ferihelper	Ferihelper
214147990	WilsonKhan2	
1371618385	Rouhani_ir	 
