864952866137661440	ZizMou	Ziz Mou
2208027565	ProductHunt	Product Hunt
814231264765026305	Eshaq_jahangiri	 
48430724	fedra_j	fedra
181150629	Shimuszm	
2588075474	Jeberson101	
548581706	ItsMetalshadow	
1106275189	kalegondeh	   
1180588441	GholianH	  
253099276	peportman	
710906348804780032	Or_bital_	Orbital [Ne] 3s^2
821811651393495040	ocdvids	Satisfying Videos
803541422838284288	dastforoosh	  
2997328272	DoGaulle	
946338937	hid__	Nah
104517739	AnoushehAnsari	Anousheh Ansari
14851948	Katayoon	 
813286	BarackObama	Barack Obama
403686789	mm__amin	
1328751476	Negaaru	
2205167191	donya_meinhof	
1153375556	Kaambil	
1904550685	St_ErFun	Shut Up Head
1522028761	musaesmaili	
1867193580	Yokhda	 
1371618385	Rouhani_ir	 
760863937835376640	maahsaane	
2889896601	Hombilious	 
177746835	sayeh_ro	 
751721055031586816	mah_sadeghi	 
1495951248	hosseintanha89	 (UNESCO)
1189452241	Maybelouie	
576495812	mndctld	
287088046	ReviverOrator	
995677213	mostytoonam	  
73037257	maryamCR	C.R.
583668898	asfaltekhis	
434442640	shaakhtaar	Shakhtar
991511708	A_A_Gaav	 
2214869083	BehnoudMasoud	masoud behnoud
12355832	opiums	Opium
475664526	taraneh16	
136010577	alirezaftm	  
1669151552	mshaidaa	 
1318375603	__SeeMore	
720568613921497089	codeine500	
255038870	1masochist	
1401347208	mahlagha_hs	  
408701339	kickmehr	
714164389	shalvarfroosh	arash
1337359734	misssfar	
33478393	elhammoin	elimin
578568954	tanuchkaa	
228037535	Tafaghod	
602629562	Ferinaando	
16829914	alooche	Alooche
1511480538	__Bernard_	
156605463	mirzaadamjan	 
982899030	SamaneNoroozi	Samane Noroozi
1329018038	culaan_	Dra
951343620	_sad100_	100
2821242113	vaaniaamaatinaa	
3271605907	AleeSoumi	AleeS
1422957211	3pnood	UFOBB
1181366130	mostafassab	Mostafa
2883837808	charshanbeh	 
2849287974	M_A_Tbn	
230147735	DasistJD	Jane Doe
17037546	lllsaharlll	Sahar ~
14490065	azoli	azooli
2657696780	Golnea	Goln
179404703	Nasim____	ns
67444327	saman_hf	
210719582	asadgharighi	
483994106	gandomsin	gandomgoon
3313382326	Mimozim	MimoZ
516534770	Walkinswallow	
995089387	papiloonsh	Zaza
1038996313	ma_ahii	
1542912613	rahelehr	raheleh.r
2427624403	srnmhda	
3385227526	bigjanr1	
2203231058	felaskechayi	
45118805	ADALISH	DALI
3080762480	Sleimoni	M-hdi 
2574410834	ghaz0olix	
3244360698	tara_safari	Tara the Great
1396552554	santiaaagoooo	  
16270950	asiehasie	Asi
96130616	alborz_z	Al
353676620	_soro0r_	sooloo
4015758021	grzngi	
806080675	mowtion	
873867872	Teymoursg	
15086510	pngle	PnGle SeleYeR
14690170	PhillipOfAjam	P
449944513	mamaz1060	Mamaz
445771095	Sepideh_N	3pd
534402593	ModirBikar	 
979042861	behzad_bh	shex
933027068	Nperma	epoch
601234471	colonelaorliano	colonel
1569897650	tabibdandan	
238229483	kuffmode	Kayson
630171760	paliisha	parisab
1474390170	Negar_CI	NeGar
524893817	elicohaam	
328128078	___D33R	maral
51087520	Sepidehma	Goje!!!
203678193	shomare29	29
189212142	FeeReeSHTeeH	fresh.azd
297034913	FerDokht	
1037092932	lusinafer	
1627630315	ahooafshaar	ahoo
552252520	engmahyar	
42038337	9esfand	 
253497620	Pegahhed	Pegi Heda
328571787	mahnaz_	mahnaz
1521752815	dadaist20	Dadaist
47813521	JZarif	Javad Zarif
1724326232	Khabar_F	 
519773434	SaharDery	
2255375036	LUMPY_54	LUMPY
395548201	kiannml	
2246074231	Solisal63	
1930828290	_far_in	FariN
425985598	notoall	Sraan
1253948767	far_a_nak	 
322694106	Maadiian	
484921502	un00sha	
403668878	Abestanioooos	Abestanioos
1610654736	RoozhAva	
1459752756	Hajiekhanoom	 
411483717	K1sadri	
707497585	Nazaniin_	
1964664444	paartizzann	
1047381535	jaan_daar	Jaandaar
1673735821	SShahsiah	 
590290977	mni_sah	Sahar
742113889	belakhare	.
39238838	zia_ghiasi	Zia
480745329	MaryamAns	maryamAns
404268423	SarviSad	
14648025	rezaxiii	Reza XIV
1241636030	Tripleblank	triple.blank
297081530	Kaafffff	
525233905	almostgaveafck	Gaveafuck
109539713	Elnaz_Elz	Chaysig
2303142614	idinsayyar1	 
270375773	0ff_again	us
204832963	TheTweetOfGod	God
588039170	sara80ma	
47746339	neginsh	negin shiraghaei
130549887	BahmanKalbasi	Bahman Kalbasi
45188226	ranarahimpour	Rana Rahimpour
253603183	farentaghizadeh	faren
2736566416	arjoo_24	
1872820130	soormeh	soormeh
3128422155	sara_salehi2007	 
37204416	neg_s	negar
3204018261	baharanegh	beghball
3900937816	_zirwan_	zirwanz
20753767	1wiran	wiran
