475664526	taraneh16	
751176025	kevinmiston	Kevin Miston
1673735821	SShahsiah	 
854595619	sosha999	Peyman Yazdani
189859877	s_a_m_L_m	sadegh sam
704177576978219008	asieh_bakeri	asieh bakeri
3080762480	Sleimoni	M-hdi 
484284489	SirHermesMarana	
848660859178147841	MehrangizKar	Mehrangiz Kar
758182858716348416	SalimKLnr	Salim||
841004725155819521	FajrFest	FajrInt FilmFestival
1946196584	navid_bhz	Navid Borhanzehi
97617682	Shadibeyzaei	Shadi Beyzaei
1570665384	Siavash15252601	Siavash Ardalan
14690170	PhillipOfAjam	P
831519910463434752	mostafatajzade	 
66098953	Taymazimi	Taymaz Azimi
183206087	hadiahmadii	
1380971438	ColorsEffect	Cinema Palettes
4070890694	Ctrl_STD	Ctrl+S
125139828	nazaninroghaye	Nazi
1110143388	Sany___	Sanar
14851948	Katayoon	 
795200393458446337	farzanehag	
779416353019203584	AlabedBana	Bana Alabed
4906304499	maryam_zohdi	Maryam Zohdi
2214869083	BehnoudMasoud	masoud behnoud
4710261842	AdasiShakie	
1495951248	hosseintanha89	 (UNESCO)
1521752815	dadaist20	Dadaist
472852789	fateme_j	Fateme
2731886933	nazaninmatinnia	nazaninmatinnia
979042861	behzad_bh	shex
552252520	engmahyar	
226973327	GhzJabb	 
1527271645	tinoktinok	Tinok
240648236	maziarmdd	Maziar
179404703	Nasim____	ns
764136645700489216	undefinedfloor	 
287088046	ReviverOrator	
40231853	SaeedBarabadi	Saeed Barabadi
1542912613	rahelehr	raheleh.r
238330325	zirwanz	zirwan
371875071	khers69	KHERS
3124352347	ataasadeghi	Ata Sadeghi
713313773038223361	soshiio	Baphomet
734287544268001280	arsalanusefi	 
400062723	57muel	
578568954	tanuchkaa	
624031683	mooshtebol	
832939634	HamiNaki	
3246956476	chandlerrMbingg	  
636936027	Seenvaav	.
62634095	amirassan	AmirHassan
731168200725921793	Historyinpic1	  
1530332280	ArezooA_	
946338937	hid__	Nah
2340960691	gelofen400	
45537951	SattarSaeedi	Sattar Saeedi
1685936720	Animmina218	Mina Akbari
602629562	Ferinaando	
752054452165586946	Norra____	SHE
80556837	dsahba	sahba
230147735	DasistJD	Jane Doe
4452251001	northselkie	
504767598	1mohitban	  
1546354519	sh_janan	
2203231058	felaskechayi	
723443428457992192	mirasnama	
397951068	schwifterin	
1576054135	sorbitolC6H14O6	
2824602254	iaminnajafi	Amin Najafi
57276671	elllegreen	Eli
223122702	islamizad	Milad Islamizad
273478225	xentrixus	 
2282789508	GhadimiMehdi	Mehdi Ghadimi
1608240366	DashMeiti	 
3327493703	NamarboOt	
628118074	rezahn56	Reza Haghighatnejad
411483717	K1sadri	
365706323	Nooshin_Jafari	Nooshin Jafari
3356341575	Mohamadsz1	Mohammad sz
332954705	v1d__v1d	Nveed
973490311	BacheGorbe	Adagio
330852995	B8O8F	
14747932	zzgraph	
128979642	Friedrish	Farid
44857900	pooyashaahsiaah	Pooya Shahsiah
243585687	shadnazshaddy	
297929344	Ferediiii	farnaz
353739343	oliverteeut	 
470857299	AuHasardBalth	
548581706	ItsMetalshadow	
2693599770	_alphamin	min
464225105	arashpahlavoon	 
381361654	mahsaee	mahsaee
46847835	Amirhshad	
434413333	Moje2100	
853290625	TwitteeTod	
755142367	sakene5	 
1511480538	__Bernard_	
2427624403	srnmhda	
541870466	adagio35	  
313979191	davoodpenhani	davood penhani
403999527	Coffeeelizard	Coffee Stark 
873867872	Teymoursg	
510074074	aalset_	
1522028761	musaesmaili	
232814544	Hossein_Aghaa	 
3003039241	lawliet_90	xanefar
15303042	panteA	 
88433268	sibzaminikhorha	
1941371196	AvvvAz_inho	
1534885964	khodesheh	 
396408830	soodImim	Dos Santos
4851390610	nastaran_kd_	
410856472	gheziii	
1266734438	lolita_mn91	lolita
255038870	1masochist	
14516781	3tareh	3tareh
217861092	ArashGir	 
547509406	sibghermez	
397537398	callmeyasa	
2221671150	mc4930	49
1447080739	Mahi_Jun	
216133918	Xlibaba	Professional
18409325	SamRasoulpour	Saman Rasoulpour
42804157	S090L	
700230066	m_h963	 
2412846020	PejmanRahbar	Pejman Rahbar
169179541	mamlekate	
128412833	AliAzimiMusic	Ali Azimi
99999538	Mirzadeee	
3356947570	sertraline7394	
2416257290	roshannorouzi	Roshan Norouzi
2180633748	MehdiAHM	
250051030	nomia2011	
50259717	Ehsanism	Ehsan Norouzi
17872536	maryamin	maryamin
275020671	Festival_Cannes	Festival de Cannes
2211621374	niloofarpourebr	Niloofar Pourebrahim
47421258	Golshifteh	Golshifteh Farahani
730129892877049857	jilabani	Jila Baniyaghoob
1270953186	KayhanKalhor	Kayhan Kalhor
4823088046	Gershadapp	
96130616	alborz_z	Al
1931356045	AminBozorgian	Amin Bozorgian
3075474801	IranHistoryPics	Iran History Pics
868647822	NewYorkkcityy	New York City
97251203	behnam2k	Behnam2k
323127279	stere_kh	
1047381535	jaan_daar	Jaandaar
3780415212	lesgiigg	
1301066821	DearIran	Dear Iran
519386678	_arashkamangir	 
46421054	Ara9h	Arash
1371618385	Rouhani_ir	 
177746835	sayeh_ro	 
2963426164	maryamfarsi86	Maryam Farsi
598600732	jackthefatalist	
1404590618	HassanRouhani	Hassan Rouhani
2438498226	EtemadDaily	  
993094381	CanonUSAimaging	Canon USA Imaging
46164502	I_LOVE_NY	I LOVE NEW YORK
20431922	500px	500px
465723566	KarlLagerfeld	KARL LAGERFELD
21850078	DigitalCameraW	Digital Camera World
117662694	NatGeoPhotos	Nat Geo Photography
791729785	Hasselblad	Hasselblad
1139229804	ser_serpico	NANI
2233143506	FJamalpour	Fatemeh Jamalpour
1872820130	soormeh	soormeh
808729490	Iran_Style	Iran Style
2190106878	NazaniNKZM	 
800673013	RagNza	N
518681801	fhinese	Hamed
1225477956	TehranMunicipal	Tehran Municipality
14197519	alihejvani	alihejvani
22512085	artcenteredu	ArtCenter College
48318358	amir_r_k	Amir Reza Koohestani
16829914	alooche	Alooche
2211685645	DorsaJalalian	Dorsa Jalalian
3739682116	SheTweeting	Shahrzad Beheshtian
1453964714	RUFashionZone	Fashion Zone
14517156	donyarad	Donya
53474924	vahidnikgoo	vahid nikgoo
4717726395	AzarMaaliNasab	. 
46061625	NewshaSaremi	Niusha Saremi
4624773153	t_alidoosti	Taraneh Alidoosti
17602896	IMDb	IMDb
3066007731	nyfw	NYFW
14934818	InStyle	InStyle
178111058	TwitterFashion	Twitter Fashion
20177423	ELLEmagazine	ELLE Magazine (US)
136361303	voguemagazine	Vogue Magazine
50393960	BillGates	Bill Gates
14545668	Kayvan_Hosseini	Kayvan Hosseini
22899683	Omid_M	Omid Memarian
813286	BarackObama	Barack Obama
114165346	tehraner	Tehraner
