2578607818	Ehsani63	EhsanI
143051205	vbehzadan	Vahid Behzadan
1282121312	waitbutwhy	Tim Urban
189235065	soufelang	soufelang
821885828	hastaloo	Hastaloo
790728	bbcpersian	BBC Persian
1691574356	SharghDaily	 
70302126	amiisen	
854595619	sosha999	Peyman Yazdani
1388907636	MehdiOloomi	Mehdi Oloomi
49084050	alirezat	Alireza Taba
522878221	shaataqi	
1632179005	MadieTwitt	Madie
726678093583228928	elBerator	
326204558	SaeedMoY	
760863937835376640	maahsaane	
2603216898	SirKnowItAll7	Mough
2352069402	SoheilMigrant	soheil
786915628011708416	Mr_Nooraee	 
46870594	mehrlran	
533118771	amiirbr	amiirbr
2285581932	ehsaningg	
43865592	vahidlp	
4821216310	_WinSmith_	 
1677868232	nego0ol	
1711145732	ahmad_ovski	
156605463	mirzaadamjan	 
264309749	z85510	
4105753397	romina_heydari	Romina
602629562	Ferinaando	
17511291	arashmil	Arash Milani
792261744219521025	publisheri_ir	publisheri
55186127	HoseinVahdani	Hosein Vi
14341131	roozbehdotnet	
23741938	hosein6626	Hossein Mousavi
4428730935	ArashKhosravian	Arash Khosravian
1669151552	mshaidaa	 
332676108	Mostafayam	
925182007	VinoQoutes	Inspiring Words
4514057957	diyfurnituresi1	DIY Furniture
39520966	ModernDesigner	modern furniture
14362241	ArchDaily	ArchDaily
1160106757	El_Hypnos	
1228319875	Golrokh88	Golrokh
66098953	Taymazimi	Taymaz Azimi
28810409	malayeri	Mohsen Malayeri
762686714657837056	PrizzieFrizzie	
169943731	sinsinjon	
10181662	shayanshalileh	Shayan Shalileh
979042861	behzad_bh	shex
839199582	SaeedNajaran	Saeed Najaran
1621198730	SOmatali	Sara Omatali
757879552785969154	Jakoob_ir	Jakoob.ir
715477302621003780	Nofiii13	
1466551266	elba2020	ELBAM
345942316	Pinter_Quotes	Harold Pinter-Quotes
2427624403	srnmhda	
711121549	Emyjamalian	Emy Jamalian 
2769714516	LalehMonsef	Laleh Monsef
1542912613	rahelehr	raheleh.r
1893684823	KeyvanSar	Keyvan Sarreshteh
14320844	ArmanMohseni	Arman
4332268763	Cest_bella	bella
3242368285	Rockkettto	
2322846787	amirmiresmaili	 
239078394	gollpar	Golpar
2431531934	marjjaaa	pointless
751764121876475905	MarjaSadeqi	Marj Illustration
750942961	NavidAnvari	navid anvari
6244472	_iamhn	
752713	Abnoos	 
438615738	lvlahcli	
46377955	arshatafreshi	Arsha
2502630773	RahaMordad	
27712022	JoseArcadioXVI	Erfan Mojib
2427864091	MoslemEbrahimi	Moslem Ebrahimi
709076381632561152	_lasagnak	   
20834720	theReticent	Ilia Vakili
1584066241	alibozorgian	Ali Bozorgian
3729588015	artzymarket	Artzy
518527599	meysamdm	
712572679883202561	ghar_ghar	
1721519870	Saoshy	Amir A.
18134829	Great_Dark_Lord	Lord Farhad
14517156	donyarad	Donya
805817760	AliAbdi88	Ali Abdi
309064867	ArashBarahmand	Arash Barahmand
632343	chaddickerson	Chad Dickerson
223122702	islamizad	Milad Islamizad
4839231100	persoldat	 
2163479323	khznd	
549032143	AminForootan	Amin Forootan
2966377145	ArezoOoORah	
436885350	zahra_rahimii	zahra rahimi
1530332280	ArezooA_	
2665683578	37bbcpersian	37bbc
3993602968	Nasttaran	Nastaran
67112069	alibalighi	Ali Balighi
3309433122	BnzMim	Behnaz Mim
3146427930	tokhmorgh	Tokhmorgh
226973327	GhzJabb	 
742646192	behnazn2	behnaz n
3297632319	mehrodadm	mehrodad
2623211	alephmim	aleph.mim
99999538	Mirzadeee	
255038870	1masochist	
1872820130	soormeh	soormeh
1495951248	hosseintanha89	 (UNESCO)
70911859	mansoureh83	Mansoureh Farahani
369741277	setarekhamoush	setare gholipour
2348239135	Digikalacom	 | Digikala
6167132	arashzd	Arash Zad
2383494668	Hamfekr_tehran	Hamfekr Tehran
2150435672	Startupir	Iran Startups
556833733	SWTehran	Startup Weekend THR
2716507489	SGTehran	Startup Grind Tehran
2644197410	Snapp_Team	Snapp 
1090180772	Saba_LM	Saba LM
6029522	jadi	jadi
1626422784	KhalilOghab	 
114814408	EhsanTarighat	Ehsan Tarighat
1617526993	radiochehrazi	 
1974475855	golnar20	golnar
229987551	talkmag	Talk Visual Art Mag
2330495156	BigJanr	
595658540	Foaadovsky	foaad
114165346	tehraner	Tehraner
65865392	pemiphilo	Pemi  o
28071362	barzg	Brz
484284489	SirHermesMarana	
5943122	LevaZand	Leva Zand
573753439	FaaFaar	Faezeh Rastegar
24855062	nimadehghani	nima dehghani
1485757075	ManaNeyestani	Mana Neyestani
2505503096	foaadist	Foaad Khaknezhad
2228762088	1hoseim	Hosein Norouzi
330834425	bhshd_	
2211685645	DorsaJalalian	Dorsa Jalalian
1100994925	ladybugio	
2255375036	LUMPY_54	LUMPY
403680194	bobroger1	bobroger 
541870466	adagio35	  
1640760476	chooobak	
566125600	nosferatu08	Nosferatu
549235483	behnamina65	bentoo
1634854514	khatami_ir	Mohammad Khatami
97913215	taraneh23	forough
63460508	shiiviid	
95111551	Veroonaa	Verona
222682480	_ZedZed_	
316660740	neGaraaak	  ...
66970278	AzadehJoun	Azadeh
14197519	alihejvani	alihejvani
228271635	sadafiyat	so so
480737104	HamedTabaar	HamedTabaar
1038996313	ma_ahii	
853290625	TwitteeTod	
713875206	ParVanEeA	Parvane
105503023	Mahttob	Mahtab
17790274	OneLouderApps	OneLouder Apps
527627666	theNikichi	Nikichi
932541446	90Marzieh	Marzieh A
127146589	shadooone	shadi
50259717	Ehsanism	Ehsan Norouzi
1404590618	HassanRouhani	Hassan Rouhani
434442640	shaakhtaar	Shakhtar
151349203	Kutlas_e_Kabir	Kutlas
24375268	india40	
62634095	amirassan	AmirHassan
544187064	sedmostafa	sedmost
411483717	K1sadri	
18604679	mbparizi	Mahan Bastani Parizi
1465590337	Dr_Rohani	Dr.Hasan Rohani
1470071334	doriiif	dori
228043668	Spring_encore	Bahar
398413431	LaK_PaK	DeLaRaM
180046098	harmunium	Harmny
397537398	callmeyasa	
278684304	shkohanchi	Shabnam Kohanchi
137492261	vahidmali	Vahid
14808514	hamiddm	Hamid M
221450300	Gentelmang	
152241649	parsafatehi	parsafatehi
189212142	FeeReeSHTeeH	fresh.azd
91092088	MrSulley	P.SULLIVAN
123863001	sepide1982	
51087520	Sepidehma	Goje!!!
16539479	farzamography	Freddy
46421054	Ara9h	Arash
46880590	Havangz	Havang
302860174	chapdast	Aka Lefthanded
1329018038	culaan_	Dra
232814544	Hossein_Aghaa	 
135679428	danimoh	
203678193	shomare29	29
280123589	Yasoozi	Yasaman Rafi Tabar
14886445	secreter	Mohammad Mirzaei
564027649	RezaMousavi6	Reza Mousavi
1118825948	mobinabina	mobina
380085601	maridokht	Maryam Banoo
