889061711579197440	imoomm	imoonm
431668725	Hheshmatt	
412132135	talooo_88	
760437030	HamediEbrahim	Ebi
870619477557350401	amirhossein_rzd	Amirhossein Rzd
883022765535645696	shahrzaadmir	shahrzadow
862243010070945793	marzeh0	
878323663732228096	APANI__	
873377975709913089	_hartarian	
1691574356	SharghDaily	 
1724326232	Khabar_F	 
2567596670	yassamaan	yassamaan
852056086668562432	golnazsoltani	GOLNAZ
4538783414	azdla	
853233671712669696	HT8589	Hossein Tahna
320195081	MiidnightBlue	  z 
812401235164884993	shabzadehhh	 
95023423	UberFacts	UberFacts
183206087	hadiahmadii	
2904195838	CrazyinRussia	Only In Russia
764964058697232385	4shakhe	
835934937081655296	LotfollahiAmin	Amin.L
15086510	pngle	PnGle SeleYeR
3556885452	kingpoto	Photos
818408371854409728	boktanbulut	benam
3407797169	_Saayeh	_dass_
711633566367674368	the_shemsu	Shemsu
819953974799372289	Pichniki	
2156923266	tiyooter	naser
786991480258854912	tzeta_	zeta
285640165	ArianHimself	El Duderino
773817048728207360	kakmaki09	 
974196661	Shindokht	 
181078043	Errfands	
4382567835	VaghayeDaily	 
418186367	LindaWesson	Linda
705807268835672064	fjamie013	James Fridman
242807567	_aTaha	taha
812771242554118144	3Code47	
3123065095	aloe179	
311955214	uesaran	
472852789	fateme_j	Fateme
508086493	BestMovieLine	Best Movie Line
751319279782531072	Mahdi10158553	
1065252554	aahoovism	
571964518	TrollFootball	Troll Football
1329018038	culaan_	Dra
332954705	v1d__v1d	Nveed
713313773038223361	soshiio	Baphomet
210719582	asadgharighi	
621786437	_a_k_i_n	
264309749	z85510	
2615612538	Erfan_777	Erfan
400062723	57muel	
2227308599	Pepper0nii	 
2180633748	MehdiAHM	
2196627649	shaboonmI	
387166467	hoseinlfc	Hosein
1632628790	homayoonvb	
3848862313	__ft_	 
3900937816	_zirwan_	zirwanz
1582341876	pakalupapito	pakalu papito
70338768	AminLotf	Amin.Lam
3023835104	ARRINKINKIN	
1420440420	Honismack2	h.o.nismack.2.
946377060	alephology	 
1328751476	Negaaru	
43288974	elrazez	Al
145160803	longvoid	longvoid
3080762480	Sleimoni	M-hdi 
3044803623	oornitoorang	
48538079	Shaamorti	
1047381535	jaan_daar	Jaandaar
80556837	dsahba	sahba
236510048	pariius	parius
2693599770	_alphamin	min
287088046	ReviverOrator	
2317370869	paciific	AraM
377306947	__Hana_____	
1511480538	__Bernard_	
927276392	zafmaaar	Zafmar.jpg
457676025	sepiiidegh	sepide ghh
2262054344	jaoondi	
411483717	K1sadri	
270375773	0ff_again	us
821885828	hastaloo	Hastaloo
2320649540	_OhReza	
873867872	Teymoursg	
2774644930	48kilooyi	terrorist
2362474561	_Taaher	TaHer
446148324	MddMim	Chawan
255038870	1masochist	
2564931008	Seeeeher	
1136798288	Lil_Miil	 -
195224039	Mimabedi	 
554534768	shaghaaa	sha
403668878	Abestanioooos	Abestanioos
2516171059	rfi_y	 
1318375603	__SeeMore	
1660468830	hughlaurie	Hugh Laurie
1110143388	Sany___	Sanar
1505251758	sajjadbrd	 
2372287312	Apani_	
465748982	saboolak	
2255375036	LUMPY_54	LUMPY
871311672	aliheshmatii	AliHeshmatic
1495951248	hosseintanha89	 (UNESCO)
464225105	arashpahlavoon	 
444960818	masoud_ti	
2221671150	mc4930	49
1964664444	paartizzann	
32460469	Leemou	Neda
464153086	_kiiyan	
630294980	1st_nafar	
1663018050	Juani____	Juani
519412755	ZUntitled	Miss unTiTled
1646009659	_vey__	
228037535	Tafaghod	
297081530	Kaafffff	
933027068	Nperma	epoch
238229483	kuffmode	Kayson
556776173	meditaran	MEDI
1037092932	lusinafer	
425985598	notoall	Sraan
1234045368	_greege	greg
353739343	oliverteeut	 
796586552	Raaz_Es	Raaz
544318453	g0lnar	
951343620	_sad100_	100
189545795	Khani	 Mohamadreza Khani
937116199	parastufd	
245153743	buuuugh	 
406625692	phoenix0k	Phoenix
524893817	elicohaam	
198324192	Rol3erto	
946338937	hid__	Nah
275509500	Mansoure_P	
553924546	__MarZ	Emzena
555989847	blackwooden	bootmn
475664526	taraneh16	
45118805	ADALISH	DALI
707497585	Nazaniin_	
388620346	JavidGod	Godi
403192903	hebrown7	Hebrown
511883965	Mosht_aba	Moshtaba
238330325	zirwanz	zirwan
306871815	JASON_B_13	VahidOffline
434442640	shaakhtaar	Shakhtar
49149284	7_________8	
397537398	callmeyasa	
403686789	mm__amin	
480737104	HamedTabaar	HamedTabaar
203678193	shomare29	29
14690170	PhillipOfAjam	P
751012920	johnameen	Me and Mozee
135679428	danimoh	
286734761	vgarmani	
294014531	GoodbyePaterson	 
434413333	Moje2100	
46967480	3Hossein	Jimmy
14567230	1mahraz	mahraz
215028103	shaape	killua
279522990	naghmezz	
250009609	Ehsaan__	
125139828	nazaninroghaye	Nazi
