407642181	sevya62	sevdulak
2214869083	BehnoudMasoud	masoud behnoud
937116199	parastufd	
279640198	razieh_h	
464225105	arashpahlavoon	 
22131023	bartolomeew	Barthlmew
2425231	Fact	Fact
285640165	ArianHimself	El Duderino
392114023	HosseinMahini	Hossein Mahini
1565799890	tarafdari_com	   
754389311865311233	cometiee	comet
12688062	SepehrLajevardi	Sepehr Lajevardi
2617559527	bluenbruise	Mhyouu
835934937081655296	LotfollahiAmin	Amin.L
50565568	venzexo	ven
834492153300672512	___nish	Dmt
831519910463434752	mostafatajzade	 
834016652932952064	notion_01	notion
42865904	etoreini	Ehsan
3271013792	Mojan_FB	Mojan Feizbakhsh
819708196554096640	zafarjenni	 
1636476440	shaiyian	N
713810570705653760	ManiFarsaie	Manifes
946283900	Baastaardo	Aida
1573582507	naZzaninA	
3104694315	soroosh69	 
996638082	Ferrrrri	   
17471979	NatGeo	National Geographic
2311713680	MrPostchi	
8963722	WIREDScience	WIRED Science
19658826	newscientist	New Scientist
1074608533	dt3pi37	he sum
151823945	arhnm	Amirhossein Mousavi
18847409	miimshiin	Mohammad Shahhoseini
504767598	1mohitban	  
802479663406792704	41m4s	
822175024782123008	Ennzocoli	
789803697651916801	mohamadzadeh4	HABIB MOHAMADZADEH
146026726	bbcpersiansport	BBC Persian Sport
817403221	euronews_pe	euronews 
2438498226	EtemadDaily	  
250515308	anvari_robaee	 
250515663	eraghi_robaee	 
918346674	ClassicPict	Unexplained World
4777672566	NHoorijani	Neshvan Hoorijani
1689288810	zaaqoo	
704929799496724480	aghalliatsite	aghalliat
45118805	ADALISH	DALI
224667410	dastaviz	Hossein Dastaviz
543660237	beygoo	Begi
387166467	hoseinlfc	Hosein
505750866	ParvizBarati	Parviz Barati
713313773038223361	soshiio	Baphomet
44355075	omomani	Omar Momani
2196627649	shaboonmI	
264309749	z85510	
3848862313	__ft_	 
1505251758	sajjadbrd	 
23462301	Mohsen1991	Mohsen Farshad
381149705	ObserverArts	Observer Arts
15057943	MuseumModernArt	Museum of Modern Art
390860562	awkwardposts	Funny
270441955	_arash_a	
1879605918	Tarjomaan_com	
70338768	AminLotf	Amin.Lam
2835564638	mohsenmomo95	heteroclite
2462037382	HosseinNewDaily	roozkhaab
1180588441	GholianH	  
3023835104	ARRINKINKIN	
1729350276	Mosi_MAN	Mosi_MAN
1678377776	Nunrezad	n rz
554534768	shaghaaa	sha
3296177361	alii__mm	aliiim
2895124277	ahmadmhn	ammo zo
2804089933	Azizsaltane	
388536205	tarikhiran	 
2564931008	Seeeeher	
287088046	ReviverOrator	
873867872	Teymoursg	
373003141	__Kasra	Kasra M.
1058107008	Sanazz_h	SaaNaaZ
551730765	zahra2101	Zar
3117335656	Medieval_Probs	Medieval Problems
3080762480	Sleimoni	M-hdi 
1522028761	musaesmaili	
143896671	Kaleme	
790728	bbcpersian	BBC Persian
310280546	Rudawkurdish	Rudaw
1034945833	footballtimer	   
2693599770	_alphamin	min
272363939	mh_chaotic	m_hossein
2205167191	donya_meinhof	
236510048	pariius	parius
232297221	HadisSsbn	  
2905270605	khandandokhtar	 
927276392	zafmaaar	Zafmar.jpg
250513290	khaghani_robaee	 
250511791	sanaee_robaee	  
250510133	saadi_robaee	 
250512587	abusaeed_robaee	 
250514504	_babataher	  
250509589	moulavi_robaee	 
250509012	khayyam_robaee	 
2320649540	_OhReza	
2717614346	huussb	
1266734438	lolita_mn91	lolita
2776272133	peezhiz	pejman
974196661	Shindokht	 
353739343	oliverteeut	 
2582005813	Helmar_kh	
1911625952	kouallh	
629107318	EyL0t	
1110143388	Sany___	Sanar
2362474561	_Taaher	TaHer
62634095	amirassan	AmirHassan
198324192	Rol3erto	
1272938635	Zhakube	  
48538079	Shaamorti	
522878221	shaataqi	
829056360	MryaaAaa	
552252520	engmahyar	
1011802038	baladtarin	
751012920	johnameen	Me and Mozee
24375268	india40	
212861860	ComiserJacobs	Nikbakht
67999178	Don_MMMM	
1058846118	mute_f1	
2180633748	MehdiAHM	
2255375036	LUMPY_54	LUMPY
1495951248	hosseintanha89	 (UNESCO)
1715409763	Set_lp	Set List
871311672	aliheshmatii	AliHeshmatic
2221671150	mc4930	49
1663018050	Juani____	Juani
908287398	amir1t	
847442851	A_bird_	 
578568954	tanuchkaa	
1129577743	Aliajami0	Ali Ajami
472385081	sz_https	
238229483	kuffmode	Kayson
1646009659	_vey__	
630294980	1st_nafar	
361296165	4rkanii	#4RK
397537398	callmeyasa	
156605463	mirzaadamjan	 
150940357	Thisis_Shadow	Shadw
609146118	Noushabeh	
407315593	_sheved_	
255038870	1masochist	
397951068	schwifterin	
400062723	57muel	
1234768950	neb_____	stephen
1249172419	marzye1989	 
1420440420	Honismack2	h.o.nismack.2.
844238743	camvAEun	 
979042861	behzad_bh	shex
171116097	AliGondo0o	
787360202	HIAMOVI_	hia-mo-vi
407278040	alskvrda	
294014531	GoodbyePaterson	 
406625692	phoenix0k	Phoenix
1329018038	culaan_	Dra
2623211	alephmim	aleph.mim
951343620	_sad100_	100
446148324	MddMim	Chawan
542922194	hunebt	(-)neeee
238330325	zirwanz	zirwan
1037092932	lusinafer	
796586552	Raaz_Es	Raaz
99999538	Mirzadeee	
295706865	Meysam7092	 
821885828	hastaloo	Hastaloo
312278816	NH_Reza	Reza VIII
524893817	elicohaam	
853290625	TwitteeTod	
252771727	Taiwanii	
125139828	nazaninroghaye	Nazi
195224039	Mimabedi	 
883292221	Aghaye123	   
14690170	PhillipOfAjam	P
553924546	__MarZ	Emzena
434413333	Moje2100	
135679428	danimoh	
252862130	ammarhzr	Ammar Vaezi
403686789	mm__amin	
123577879	aazaad__	Merkwrdigeliebe
475664526	taraneh16	
544318453	g0lnar	
403668878	Abestanioooos	Abestanioos
511883965	Mosht_aba	Moshtaba
445771095	Sepideh_N	3pd
434442640	shaakhtaar	Shakhtar
297081530	Kaafffff	
