753708292820656128	CraftCry94	MeCry
847532194197368836	abbazabazooom	Orka
711633566367674368	the_shemsu	Shemsu
3236572308	__vodka_	
877301436165627904	lpicolol	
882359431442423808	M4fi4__	MAFIA
882290224075767808	behnamsirabi	Bojar
315253399	Segreda6	Segreda
971546743	severininfurs	ammaliatrice
3196022207	nzizlzlzzz	 
876930567085883397	Pastasauce__	Hesouri
2737200468	Arhaam95	 
873677826779734017	samiroww	
869983044614148097	salvi_sarah	Sarah
857188479851212800	mhdemli	Mah
743009519924576261	MortezaHf	Morteza HF
853662554492735488	pouryia	
268447783	hesamism	  11
818974708360060928	phebelooism	Phebeloo
850283703582375936	Orenzzo	
812401235164884993	shabzadehhh	 
718373637431128064	__chocolate18__	
1597795116	mehdighassemi22	M 
3369245271	mou_seer	
4582702398	saeeddm	saeed
4308800543	meiti96	Mehdi
835934937081655296	LotfollahiAmin	Amin.L
764964058697232385	4shakhe	
302460645	Yeahbanbalas	rad
4836726076	tannazZz7	
2156923266	tiyooter	naser
767737645808005120	reddddress	
2799645855	Yekdow	Paya
818408371854409728	boktanbulut	benam
743532384516190208	Son_Of_The_BEEH	J
800133811036008448	rojinkariman	
3027169927	FreakinSina	sna
167102417	the_letoyian	 
4032857788	amirmhd7	  
2426058116	PouyaMMR	 
2964661534	shaaab94	Mr. S
611699096	MPakseh	
3002495942	_____sina_____	 
3148777988	ZzZzZzein	Ali Zeinoddini
2199195879	Dsavood	 
80617491	misanthropiistt	
748187773207715840	indiisaam	
369521648	_raisinboy	Arby
202254595	AphroditeEmpire	
2588075474	Jeberson101	
713313773038223361	soshiio	Baphomet
4663254350	Comedian___	Edward Blake
701020487971901441	AliBayayi	
62634095	amirassan	AmirHassan
1063014030	Kavinovsky	
2435805949	inirafaila	inirafaila
702864477990076416	Parnazii	Papari
4484693775	amir7341	 
2817427580	Koorrosh	 
1153375556	Kaambil	
2518120868	NooraDast	.
3242368285	Rockkettto	
3012132606	CaHa33	
2739841289	unluckylook	  
756803109997993984	mynameissaye	
2439772098	azhman1	The
1010144856	Vaaresh	Vresh
966191053	Haziyoun	
268958654	OstadAssadi	OstadAsadi
332954705	v1d__v1d	Nveed
193642634	SHOKOFeH9218	
3388602585	blackstar__13	N A s T Y 
139335493	Admiral_13	
2923843697	zaghtweet1	
449013171	imthefatherbear	
751187593828577280	SahbaHad	Svhbv
704729068814467072	AmooMoein	 
279522990	naghmezz	
245869654	NicooAlipour	Nico_oa
1522028761	musaesmaili	
750028664310464512	m4t4p	Mhtb
491513894	SamirGolashan	SamirG
722806632682561536	tiiimsah	
743458060128100352	Alee_zayan	Zayan
716675371567951872	bahaarnarenj	bahaarnarenj
1570575217	kingshalgham	
377306947	__Hana_____	
626624677	_GOLNAZ_	golnaz
283150806	FaNaghme	mei
3262634951	_samirow_	
4202434203	_Bugles	
2320505144	mohsen_barati	mohsen barati
717420831882747904	_I_Infinity	
240150566	sm_rndm_gy	
189859877	s_a_m_L_m	sadegh sam
1004050057	_3FT_	
721271234978123776	lFyodorl	Foad
3302737920	Looafer_	4am
14690170	PhillipOfAjam	P
1229433950	HalfBlood272	Matilda
705429979790594049	mgn2os	  
2905270605	khandandokhtar	 
4710261842	AdasiShakie	
3405249253	arenesmaili	Aren
200446965	taha215ash	
805550820	RealKharmagas	
100765979	BehRoOziNa	
270375773	0ff_again	us
1262800075	Marii0072	 
4126388668	FogholHuman	
195224039	Mimabedi	 
813325040	liamelili	
2945599269	siamakansarii	Siamak Ansari
4624773153	t_alidoosti	Taraneh Alidoosti
1604384304	prolterr	
4558668389	zamzamti	
2852776501	Mohsen_ansi	
1896217968	valternit1	Walter (GALOF)
474457553	msihusi	msh
1180588441	GholianH	  
800673013	RagNza	N
3979803641	Mehrdad_Rmz	Mehrdad
264309749	z85510	
611869561	Ali_Javadiii	
3916885514	terishanambe	a
2205167191	donya_meinhof	
2242164186	mohammadmbrr	  
1136798288	Lil_Miil	 -
511883965	Mosht_aba	Moshtaba
3900937816	_zirwan_	zirwanz
3242364151	hichi_khob	
628589350	itsme_yaa	
1037092932	lusinafer	
835369218	minionism9	
556776173	meditaran	MEDI
1420119367	capsulezit	
2963943623	nmuseaoe	
633655550	abnormalam	abnormal
3311853538	youngerbrotherr	younger brother
3023835104	ARRINKINKIN	
129279460	petroCna	
3008480809	alexduma6	 
3052117019	gha___zalll	Ghazal
3196504526	__FIGARO	
373003141	__Kasra	Kasra M.
1495951248	hosseintanha89	 (UNESCO)
1066092199	0Rend	({})
548581706	ItsMetalshadow	
14567230	1mahraz	mahraz
966177637	_tbhjustno_	-
362518723	Rebe__cCaa	 
1891058876	_Thanatopsis	Thanatopsis
979042861	behzad_bh	shex
2255375036	LUMPY_54	LUMPY
636936027	Seenvaav	.
2161321496	ana_______hita	
1328751476	Negaaru	
2359528682	Meisamst68	 
2214509702	kimdotir	 
518681801	fhinese	Hamed
601234471	colonelaorliano	colonel
2440136029	1374i	 
927276392	zafmaaar	Zafmar.jpg
194594672	sh_mhDi	 
510074074	aalset_	
2912121338	ayli99ayli	
15015672	Raaadin	
1962558661	_rezZza_	reZa
332988816	iPanda93	
255038870	1masochist	
319000598	DanialMim	Nanial Neem
853290625	TwitteeTod	
2821242113	vaaniaamaatinaa	
246433181	_migh	Milad
2693599770	_alphamin	min
296385261	faridgofteshke	 
2227308599	Pepper0nii	 
250784864	milad_d3	
1226056009	bahariiam	
824895530	ffar_shad	
1471020254	aghamin	 
2586330775	itszol	zol
1089662899	mino0ol	
2196627649	shaboonmI	
1474390170	Negar_CI	NeGar
217930906	BonyaviD	Nova
2379395802	sinachenzo	
2164854674	Esshaghia	
578212102	Gembelii	
398096961	nima_unforgiven	 
2564931008	Seeeeher	
2683632479	mammadsein	
2175989569	maede10042971	
2314077164	blopblipp	Not like I'm Maddie
403668878	Abestanioooos	Abestanioos
1663018050	Juani____	Juani
334161563	mamadpori	 
873867872	Teymoursg	
1047565914	_elahe_f	El
996638082	Ferrrrri	   
