2203231058	felaskechayi	
886815618258874368	christophetwt	
181150629	Shimuszm	
132898764	mohz67	
236697038	EbrahimTabar	  
862243010070945793	marzeh0	
32460469	Leemou	Neda
14142315	G_nus	 
857948300112220161	derMondschein_	
4202434203	_Bugles	
878850022380589056	newmh9	 
779024223809437696	7sobhh	7sobh
754918338	foreverbedehkar	
818408371854409728	boktanbulut	benam
872701305239855104	binam8810	D
242807567	_aTaha	taha
773817048728207360	kakmaki09	 
853662554492735488	pouryia	
860139501460606976	somaye6800	Somaye6800
844988714052796416	tessieovskie	 
4851390610	nastaran_kd_	
2716942388	parsiyak	Pardis
745182895820595200	arezu__	arezu
57107167	twibbon	Twibbon
231244628	JADES144	samartizian
852981644420161537	chawtaar	Mr BigHand 
852056086668562432	golnazsoltani	GOLNAZ
293681367	marzie_r	Marzie
39926075	daarjeeleeng	tea
715971786677088256	rorrettaaa	Rrretta
2617559527	bluenbruise	Mhyouu
1541886498	psa_parisa	Parissa
4538783414	azdla	
835934937081655296	LotfollahiAmin	Amin.L
189235065	soufelang	soufelang
834016652932952064	notion_01	notion
740261270016954368	sefrtanhaie	
14490065	azoli	azooli
3284433818	ShirinNr	Shirin
2657696780	Golnea	Goln
873867872	Teymoursg	
2761328116	Candoooou	
822175024782123008	Ennzocoli	
2156923266	tiyooter	naser
14755862	VahidStar	Vahid
297034913	FerDokht	
974196661	Shindokht	 
177746835	sayeh_ro	 
1330739544	rahhaai	
2398561058	thePoorian	Pouria Norouzi
1620130892	raz__mari	
3501596297	yaas_yaaz	
183206087	hadiahmadii	
483994106	gandomsin	gandomgoon
320195081	MiidnightBlue	  z 
232804345	shamaghay	
743532384516190208	Son_Of_The_BEEH	J
996638082	Ferrrrri	   
279522990	naghmezz	
396405629	maryami3	maryam
311955214	uesaran	
711789200077676544	Bbirdwomann	
3249810013	fatemehzh	
2623211	alephmim	aleph.mim
210719582	asadgharighi	
753570561842970624	iamalirezanouri	Alireza nouri
973342039	Negar8059	
4073941822	__HanR	
158462986	SunazZ	
750428459705458689	kalaghiiiii	Simin
25354833	mrkavousi	MohammadReza
1058083794	moosened	moosen
470857299	AuHasardBalth	
2431531934	marjjaaa	pointless
1711145732	ahmad_ovski	
1650001394	Hadiiaan	
45118805	ADALISH	DALI
752054452165586946	Norra____	SHE
1209813859	poore_sibzamini	
252771727	Taiwanii	
524893817	elicohaam	
252862130	ammarhzr	Ammar Vaezi
2205167191	donya_meinhof	
3044803623	oornitoorang	
1303452458	rezaaf69	 
446198169	MaraaNuo	
713313773038223361	soshiio	Baphomet
1328751476	Negaaru	
727596383222407168	NasriiiiiN	NasriN
2442617371	Sesheh	 
736095873285787651	ssinngerr	lhvgh
542118369	Ashitaaka	 
1930828290	_far_in	FariN
4452251001	northselkie	
217861092	ArashGir	 
332988816	iPanda93	
1522028761	musaesmaili	
946338937	hid__	Nah
268958654	OstadAssadi	OstadAsadi
287088046	ReviverOrator	
2286253674	saman0018	 
181078043	Errfands	
3276597846	TMoheidin	
472852789	fateme_j	Fateme
14516781	3tareh	3tareh
4126388668	FogholHuman	
540824037	DokhtAban	zohaw
700230066	m_h963	 
99999538	Mirzadeee	
404268423	SarviSad	
1632179005	MadieTwitt	Madie
4015758021	grzngi	
1904550685	St_ErFun	Shut Up Head
2427624403	srnmhda	
3262634951	_samirow_	
757892550	franny_ftm	franny
2227308599	Pepper0nii	 
2889896601	Hombilious	 
264309749	z85510	
16914220	baharnarenj	
2362474561	_Taaher	TaHer
3848862313	__ft_	 
332571316	The_Pandalium	The Semite Communist
3311853538	youngerbrotherr	younger brother
2963943623	nmuseaoe	
2282006784	MissMiiiim	
296382255	shimzing	Bored 
236510048	pariius	parius
755142367	sakene5	 
3012132606	CaHa33	
2693599770	_alphamin	min
416616863	dezirehk	dezirehk
551730765	zahra2101	Zar
457676025	sepiiidegh	sepide ghh
1944739196	GolSog	 
70338768	AminLotf	Amin.Lam
60031952	_nacm_	
1521752815	dadaist20	Dadaist
403999527	Coffeeelizard	Coffee Stark 
1110143388	Sany___	Sanar
518681801	fhinese	Hamed
2582005813	Helmar_kh	
1530332280	ArezooA_	
3023835104	ARRINKINKIN	
323127279	stere_kh	
3203149822	Edvaardoo	
1474390170	Negar_CI	NeGar
707497585	Nazaniin_	
2551163102	itssaaar	
446148324	MddMim	Chawan
1188774008	bahikh	
425985598	notoall	Sraan
1037092932	lusinafer	
3080762480	Sleimoni	M-hdi 
1673735821	SShahsiah	 
552252520	engmahyar	
2320649540	_OhReza	
554534768	shaghaaa	sha
863192576	Mirza6283	 
198324192	Rol3erto	
566125600	nosferatu08	Nosferatu
927276392	zafmaaar	Zafmar.jpg
2221671150	mc4930	49
239683358	SalehRn	Saleh
2821242113	vaaniaamaatinaa	
1266734438	lolita_mn91	lolita
33478393	elhammoin	elimin
1234768950	neb_____	stephen
411483717	K1sadri	
813047244	paiezam	
601234471	colonelaorliano	colonel
729169908	Mehranche	Mehran S
2774644930	48kilooyi	terrorist
255038870	1masochist	
397537398	callmeyasa	
1050897936	__mahtub	
48538079	Shaamorti	
2564931008	Seeeeher	
933027068	Nperma	epoch
1011802038	baladtarin	
1663018050	Juani____	Juani
2516171059	rfi_y	 
2180633748	MehdiAHM	
1511480538	__Bernard_	
279640198	razieh_h	
963224328	DreamerSheba	 
480737104	HamedTabaar	HamedTabaar
1495951248	hosseintanha89	 (UNESCO)
2255375036	LUMPY_54	LUMPY
400062723	57muel	
578568954	tanuchkaa	
630294980	1st_nafar	
1911625952	kouallh	
1964664444	paartizzann	
1318375603	__SeeMore	
1872820130	soormeh	soormeh
67999178	Don_MMMM	
156605463	mirzaadamjan	 
1640158008	_PrettyGun	PrettyGun
20437115	faraan	
