889782678	sanatayulmaz	snz
889430563437805568	drNofName	Hvahl
883022765535645696	shahrzaadmir	shahrzadow
381361654	mahsaee	mahsaee
873677826779734017	samiroww	
3367994644	farshadxrii	Farshad T
3131466466	abdollahram	AbdollahRamezanzadeh
872701305239855104	binam8810	D
255038870	1masochist	
862243010070945793	marzeh0	
285640165	ArianHimself	El Duderino
866382409876590592	Maashaallaa	
852056086668562432	golnazsoltani	GOLNAZ
853233671712669696	HT8589	Hossein Tahna
576495812	mndctld	
2427624403	srnmhda	
3369245271	mou_seer	
1377921709	kahoopich	 
822175024782123008	Ennzocoli	
3556885452	kingpoto	Photos
831519910463434752	mostafatajzade	 
2761328116	Candoooou	
2282006784	MissMiiiim	
483994106	gandomsin	gandomgoon
4782551	Vahid	Vahid Online
392114023	HosseinMahini	Hossein Mahini
873867872	Teymoursg	
2214869083	BehnoudMasoud	masoud behnoud
1522028761	musaesmaili	
183206087	hadiahmadii	
750028664310464512	m4t4p	Mhtb
2235133873	o0nfs	
760437030	HamediEbrahim	Ebi
756527447613575169	ilamakf	FT
64027339	Graybeardcodger	 
1065252554	aahoovism	
1691157427	elnoraaa	el
2740135120	Qazzaal	Q
3008480809	alexduma6	 
3405249253	arenesmaili	Aren
4073941822	__HanR	
578568954	tanuchkaa	
429560383	AydaPour	Ayda Pourasad
4710261842	AdasiShakie	
45118805	ADALISH	DALI
24375268	india40	
2932856324	eynmim_	
253603183	farentaghizadeh	faren
366559590	BeingNimra	
236510048	pariius	parius
1650001394	Hadiiaan	
3262634951	_samirow_	
14516781	3tareh	3tareh
2196627649	shaboonmI	
946338937	hid__	Nah
4624773153	t_alidoosti	Taraneh Alidoosti
1328751476	Negaaru	
511883965	Mosht_aba	Moshtaba
626624677	_GOLNAZ_	golnaz
518681801	fhinese	Hamed
552252520	engmahyar	
353739343	oliverteeut	 
155582335	davodm	Davod
14567230	1mahraz	mahraz
207031770	alaki_	Pourya Sharifi
264309749	z85510	
287088046	ReviverOrator	
21977719	AmiiiirHassan	AmirHassan
554534768	shaghaaa	sha
707440129	FaziasS	
602629562	Ferinaando	
3953287678	OhMyKhoobness	OhMyKhoobness
1136798288	Lil_Miil	 -
215028103	shaape	killua
156754511	avpml	
3133831010	EeesyRider	EeesyRider
1646226361	Raavii_	
2516171059	rfi_y	 
1180588441	GholianH	  
832754216	Aazzz77	Arzu
1511480538	__Bernard_	
1600494840	il__virtuoso	Amir
226973327	GhzJabb	 
3311853538	youngerbrotherr	younger brother
2693599770	_alphamin	min
3276597846	TMoheidin	
636492219	simin_sl	
93712572	Dokhtarhaji	Dokhtarhaji
3023835104	ARRINKINKIN	
407315593	_sheved_	
927276392	zafmaaar	Zafmar.jpg
1474390170	Negar_CI	NeGar
1062313886	Mehrshad996	
3148539860	_atiiit_	Atiyeh
181198159	HichkasOfficial	Hichkas
1962558661	_rezZza_	reZa
158462986	SunazZ	
198324192	Rol3erto	
551730765	zahra2101	Zar
1715409763	Set_lp	Set List
270375773	0ff_again	us
510074074	aalset_	
2262054344	jaoondi	
242807567	_aTaha	taha
408701339	kickmehr	
212861860	ComiserJacobs	Nikbakht
296382255	shimzing	Bored 
1234768950	neb_____	stephen
400062723	57muel	
28842565	Moteasefam	R3ZA
2615612538	Erfan_777	Erfan
2564931008	Seeeeher	
2540363988	alirezaabachehe	alirezA
1209465552	NikanHj	Nikan
843650366	DarrkGlobe	  
56182819	fakhro12	Nave Fakhr
2180633748	MehdiAHM	
323127279	stere_kh	
522878221	shaataqi	
2562703793	saabbii24	
411483717	K1sadri	
2526119594	NamiraCorp	
1663018050	Juani____	Juani
297081530	Kaafffff	
403686789	mm__amin	
397537398	callmeyasa	
601234471	colonelaorliano	colonel
847442851	A_bird_	 
1110143388	Sany___	Sanar
403668878	Abestanioooos	Abestanioos
933027068	Nperma	epoch
171116097	AliGondo0o	
238330325	zirwanz	zirwan
2379395802	sinachenzo	
1329018038	culaan_	Dra
1636476440	shaiyian	N
480737104	HamedTabaar	HamedTabaar
979042861	behzad_bh	shex
238229483	kuffmode	Kayson
1542912613	rahelehr	raheleh.r
403192903	hebrown7	Hebrown
425985598	notoall	Sraan
67999178	Don_MMMM	
14690170	PhillipOfAjam	P
404218200	ahooel	Ahoo
821885828	hastaloo	Hastaloo
33478393	elhammoin	elimin
1872820130	soormeh	soormeh
96130616	alborz_z	Al
1646009659	_vey__	
475664526	taraneh16	
806080675	mowtion	
2255375036	LUMPY_54	LUMPY
434442640	shaakhtaar	Shakhtar
630294980	1st_nafar	
232814544	Hossein_Aghaa	 
2269112792	monamontana86	Montana
261732954	Amirsoleymani	  
1495951248	hosseintanha89	 (UNESCO)
16829914	alooche	Alooche
62634095	amirassan	AmirHassan
408311923	amirhadizz	 
222682480	_ZedZed_	
293681367	marzie_r	Marzie
