27712022	JoseArcadioXVI	Erfan Mojib
2161366276	nomadicaa	
833792334	Mar__Naz	
4697911333	TaraKh5	
14600723	qorashi	Yasser
434413333	Moje2100	
717646223818301440	MesCaline_8	MesCaline8
47615870	bahadorbahrami	Bahador Bahrami
752918679877259265	SemiMalool	Malool
3154252605	nikolajcw	Nikolaj CosterWaldau
1276072843	edriseyahya	EdriseYahya
2174141100	Azadeh_pak	azadi paknejad
4907934826	atiikey	ati key
552225288	SaraAlef	
4755943217	Sabonagooloo	 - Daanieh
4189631008	tubocasequivoca	Soledad
46061625	NewshaSaremi	Niusha Saremi
37391048	mahkamehj	mahkameh jafarian
1201045933	BBCBastani	Hossein Bastani
873883357863714816	minavandmehrdad	Mehrdad Minavand
2180633748	MehdiAHM	
50329448	BBCFarnaz	Farnaz Ghazizadeh
2558330833	Saralouee	Sara Louee
866382409876590592	Maashaallaa	
983469031	RubyVaroujian	Ruby Varoujian
70338768	AminLotf	Amin.Lam
757870866906480640	MehdiTaremi9	Mehdi Taremi
3311871880	ati_ahmadi	Atefeh
722033390208335872	Westerosir	 #
1215472928	icinema_ir	icinema
767092582744633344	shahinmung	Shahin
152976925	sarathemegamind	Sara the Megamind
543660237	beygoo	Begi
844988714052796416	tessieovskie	 
181198159	HichkasOfficial	Hichkas
225630062	persianpie	eve
1148913973	masietwitt	masiesmaili 
4780612048	mgmonana	Nana
99999538	Mirzadeee	
1650001394	Hadiiaan	
701625379	thorofficial	Thor
873867872	Teymoursg	
484284489	SirHermesMarana	
255038870	1masochist	
703575137694715904	aidinoff	
1215577897	kharoou	
2850594323	MJ_Akbarin	AKBARIN
2227308599	Pepper0nii	 
814112069855379457	kengarex	Kengarex
750751206427860992	MarvelStudios	Marvel Studios
818676647939477504	cyclamineae	Raha 
2279281220	alinshahab	Ali Nemati Shahab
245268583	foroughsoroush	Forough
827305900637462528	Hiro__1M	
127178635	ghargharak	
946338937	hid__	Nah
33478393	elhammoin	elimin
2697922368	91BackBone	
3271605907	AleeSoumi	AleeS
1136798288	Lil_Miil	 -
803545652135362561	xakesque	xak
4250674173	ely_shahy	
970302740	nillzhe	 
1576693866	AnnaMaria_AE	AnnaMaria AE
404186516	misterbex	Bex
2237397852	amirebtehaj	amir ebtehaj
2239727276	___levis___	  !
819708196554096640	zafarjenni	 
547670065	_sh_ei_da_	
1872442620	anahid_lana	AnaLana
704658471497687040	rezasiaan	Rezasian
3351045885	sense8pics	sense8
14490065	azoli	azooli
406625692	phoenix0k	Phoenix
1377921709	kahoopich	 
704177576978219008	asieh_bakeri	asieh bakeri
177746835	sayeh_ro	 
556820431	nooshin1983	noosh
15297968	sheem_seen	Sheema
582887565	PerspolisFCIran	 
3245408322	Sahbasad	sd
624031683	mooshtebol	
13832792	EbrahimHeidari	Ebrahim Heidari
366010246	evanrachelwood	#EvanRachelWould
407315593	_sheved_	
58441672	arghaOne	Arghavan
1542138595	golyjonsnow	
1580884105	hooshmandk	
353739343	oliverteeut	 
518681801	fhinese	Hamed
4565124497	YouTdii	 
821885828	hastaloo	Hastaloo
483994106	gandomsin	gandomgoon
1530332280	ArezooA_	
1673735821	SShahsiah	 
1422957211	3pnood	UFOBB
713810570705653760	ManiFarsaie	Manifes
183206087	hadiahmadii	
822517901294845953	HalfOnionInABag	Half An Onion
581554897	papakoorosh	Koorosh Ranjbar
800494468310761472	KaroubiMT	Mohammad Karoubi
3080762480	Sleimoni	M-hdi 
403686789	mm__amin	
248525138	alchemistlilith	lilith
290086105	Mahsasaremi	Mahsa Saremi
2623211	alephmim	aleph.mim
510074074	aalset_	
1521752815	dadaist20	Dadaist
815154493671309317	kaviz_express	 
4921131	nima	Nima Akbarpour 
472852789	fateme_j	Fateme
1721519870	Saoshy	Amir A.
1955011189	amirtanhass	 
457676025	sepiiidegh	sepide ghh
1495800907	HansSchnier22	 
765414632	PahlavanAli	Ali Pahlavan
3305613461	hadie_k	Hadie K
853290625	TwitteeTod	
2885302458	leylikarimova	Leyli Karimova
2416257290	roshannorouzi	Roshan Norouzi
1633307082	etzms	
583668898	asfaltekhis	
519286880	MNaemeh	Morteza Naemeh
1527271645	tinoktinok	Tinok
590290977	mni_sah	Sahar
1575025878	aztanhaei	Aztanhaei
751721055031586816	mah_sadeghi	 
797008195088748549	KaafTeh	
1926523099	MortezaGhadimi	 
3316218372	Mehrnooshsh	setareh
264730636	f0ro0gh	
4821438778	TalaShad	
3739682116	SheTweeting	Shahrzad Beheshtian
3028230143	NedaTaiyebi	Neda
3005232161	Moeinobiome	Moein
21640689	neemeeaa	Nima
711789200077676544	Bbirdwomann	
769194300991234048	Fereshtetabani1	Fereshtetabanian
724057606440902656	Mahzadel	 
2801141359	shahrzadbahmani	Shahrzad Bahmani
744148302174818304	Mirzamoo	
732208864725217282	A_a_A__a_A____	arwen
1600742850	mowlaverdi	 
751176025	kevinmiston	Kevin Miston
749551939483004928	bahmandaroshafa	 
2214869083	BehnoudMasoud	masoud behnoud
238330325	zirwanz	zirwan
400062723	57muel	
434442640	shaakhtaar	Shakhtar
392114023	HosseinMahini	Hossein Mahini
705273636190621696	_SerJaime_	
107223327	nafisehkBBC	nafiseh kohnavard
14516781	3tareh	3tareh
88433268	sibzaminikhorha	
230147735	DasistJD	Jane Doe
1685936720	Animmina218	Mina Akbari
1391562487	jimbeltarin	jimbel
2517118753	Ghrzmj	 
37204416	neg_s	negar
504767598	1mohitban	  
2571188893	RezaDehaki	RezaDehaki
2893511188	VancityReynolds	Ryan Reynolds
1243373930	GhNooshin	Nooshin- 
752713	Abnoos	 
871380631	Tarsa56	
2715626483	batoolkhanoom	 
429560383	AydaPour	Ayda Pourasad
3876822138	calgarychi	  
551730765	zahra2101	Zar
2169040444	GoT_Cast	Game of Thrones Cast
471287735	GaryLineker	Gary Lineker
17066033	Boushveg	
219807531	_fllwrs	fllwrs
251763473	imanpaknahad	Iman Paknahad
236349116	kasra_nouri	kasra nouri
226973327	GhzJabb	 
146026726	bbcpersiansport	BBC Persian Sport
979042861	behzad_bh	shex
323127279	stere_kh	
90084099	caricevhouten	Carice van Houten
14690170	PhillipOfAjam	P
2255375036	LUMPY_54	LUMPY
896048634	LordSnow	King Jon Snow
425985598	notoall	Sraan
536250646	2na2nz	
14851948	Katayoon	 
39022987	dalghak	Hans Schnier
2203231058	felaskechayi	
3284433818	ShirinNr	Shirin
103721812	parsapirouzfar	Parsa Pirouzfar
253707215	DonDiegodeZama	 
2889896601	Hombilious	 
4717726395	AzarMaaliNasab	. 
854595619	sosha999	Peyman Yazdani
210719582	asadgharighi	
4621229295	mohsen_azarm	mohsen.azarm
1080275058	rouzesfand	Rouzbeh Esfandarmaz
1617526993	radiochehrazi	 
451783052	_velGard	
15086510	pngle	PnGle SeleYeR
