747026003583721472	3nowbar	
1656200701	MEHTII_	 
3325244103	Hosseinaka	  
876011647500001281	Hosseyynnn	
4250674173	ely_shahy	
446214666	miladmzf	Milad
255038870	1masochist	
829791622393065473	Mosdown	
822175024782123008	Ennzocoli	
1895233676	ForEverOskol	
1113361345	Im_Morphling	L'tranger
2716942388	parsiyak	Pardis
853662554492735488	pouryia	
132898764	mohz67	
853233671712669696	HT8589	Hossein Tahna
2980761702	thezhavu	 
812401235164884993	shabzadehhh	 
751998436073992192	Ftrfyi	  
2657696780	Golnea	Goln
1650001394	Hadiiaan	
3327493703	NamarboOt	
543660237	beygoo	Begi
845856412551000065	mamadimami	.
285640165	ArianHimself	El Duderino
754918338	foreverbedehkar	
996638082	Ferrrrri	   
873867872	Teymoursg	
834016652932952064	notion_01	notion
3556885452	kingpoto	Photos
703695036446330881	s90ta20	 
1867193580	Yokhda	 
835934937081655296	LotfollahiAmin	Amin.L
831628056024473602	Lincoln_shish	Pearlfisher
3882682708	Thorinoakendish	
831117801448431616	sadsahba	saad
372169398	onlyz7z7	Murat
1180588441	GholianH	  
542118369	Ashitaaka	 
2761328116	Candoooou	
773817048728207360	kakmaki09	 
2282006784	MissMiiiim	
320195081	MiidnightBlue	  z 
818408371854409728	boktanbulut	benam
710844265388220416	_Snoofy	aras
2156923266	tiyooter	naser
2266046665	Leonaa1990	 
42385985	halVlid	Ham!d
2237667674	jojehhhh	
702134121082949632	mostafaJ9	
1711145732	ahmad_ovski	
4851390610	nastaran_kd_	
302460645	Yeahbanbalas	rad
4821216310	_WinSmith_	 
1691157427	elnoraaa	el
189859877	s_a_m_L_m	sadegh sam
731177063147798528	trumanburbankam	
723263900448358404	ManamdigeDIVUNE	
472852789	fateme_j	Fateme
2203618363	adelod91	adelod
609146118	Noushabeh	
183206087	hadiahmadii	
34545980	zakhar_	mohamad
974196661	Shindokht	 
752054452165586946	Norra____	SHE
4663254350	Comedian___	Edward Blake
217930906	BonyaviD	Nova
425985598	notoall	Sraan
743532384516190208	Son_Of_The_BEEH	J
3245408322	Sahbasad	sd
125139828	nazaninroghaye	Nazi
3008480809	alexduma6	 
764179147	uglyfloki	flki
2615655384	leymm_	Ley
750028664310464512	m4t4p	Mhtb
2327069574	0111khs	 
2711956260	Sel1z	Sel
400062723	57muel	
3141723530	unluckylukee	luke
1646226361	Raavii_	
4073941822	__HanR	
377306947	__Hana_____	
2379395802	sinachenzo	
723245965931630592	UziBadass	Alih
2623211	alephmim	aleph.mim
14516781	3tareh	3tareh
297034913	FerDokht	
1420440420	Honismack2	h.o.nismack.2.
847539535	yas2i	  
287088046	ReviverOrator	
311955214	uesaran	
403999527	Coffeeelizard	Coffee Stark 
250784864	milad_d3	
283150806	FaNaghme	mei
1640158008	_PrettyGun	PrettyGun
3388906929	rozhansteiger	
387166467	hoseinlfc	Hosein
353739343	oliverteeut	 
1896217968	valternit1	Walter (GALOF)
4558668389	zamzamti	
578212102	Gembelii	
474457553	msihusi	msh
366559590	BeingNimra	
96130616	alborz_z	Al
408701339	kickmehr	
4058782581	Sobhqn	
3379085849	arminsae	armin
2588075474	Jeberson101	
2574953946	SurenaSaghi	 
1136798288	Lil_Miil	 -
169179541	mamlekate	
4202434203	_Bugles	
1037092932	lusinafer	
2180633748	MehdiAHM	
956058134	Berouz_	
2997328272	DoGaulle	
3244079402	SaaraaMinor	Sara
4126388668	FogholHuman	
1521752815	dadaist20	Dadaist
323127279	stere_kh	
707440129	FaziasS	
403686789	mm__amin	
1330739544	rahhaai	
2693599770	_alphamin	min
1495951248	hosseintanha89	 (UNESCO)
1344508886	mad_maynard	
2255375036	LUMPY_54	LUMPY
2683632479	mammadsein	
510074074	aalset_	
70338768	AminLotf	Amin.Lam
600645002	MM___HP	Metch P
434442640	shaakhtaar	Shakhtar
49149284	7_________8	
270375773	0ff_again	us
3009900139	kayotRaRa	
1600494840	il__virtuoso	Amir
1521512468	Imnariman	
63472924	esphid	Mahan
2516171059	rfi_y	 
636936027	Seenvaav	.
946338937	hid__	Nah
2165499812	N0ClearMind	Errorist
813325040	liamelili	
2235133873	o0nfs	
241051342	hechchi	Ali
2196627649	shaboonmI	
1663018050	Juani____	Juani
15086510	pngle	PnGle SeleYeR
853290625	TwitteeTod	
1089662899	mino0ol	
2564931008	Seeeeher	
552252520	engmahyar	
2680151262	icanzonesh	
16686027	arezoo_	
519773434	SaharDery	
2246074231	Solisal63	
1904550685	St_ErFun	Shut Up Head
238229483	kuffmode	Kayson
796492927	amirbky	
1456748646	RezaRezaj	 
1066092199	0Rend	({})
1062313886	Mehrshad996	
129279460	petroCna	
231180234	onlymuratt	
