2675877781	ART_anda_	 
829037501864112128	UKnowWhat7	..
824344510029320206	Notrika26305	NoTrika
129811811	Capitan_Subasa	 
2337222685	davwvod	DavoT
1423277510	SaraVs_Sara	   
840996322681352192	mitil69	  
2608466244	zarzari_	 
712327716746436609	eidebaz	 
718023822	_Shiaf	
2737200468	Arhaam95	 
876376676049072128	negar_azad	
3769068137	big__aah	
4185303153	ArtaTtaa	Arta
786029406133297152	jimiheh	 
4024322189	Ro_min_a	
1286250932	PARlVASH	
1576054135	sorbitolC6H14O6	
728700914664640516	sarasansiro2001	Sara italia
960630264	yashar8373	
1423712623	InJoorNegar	 
853504075870031872	MaryRahimi3	 
788170379160420356	patimaah_	T
705638657617633281	sahariiam	 
760932308404797440	Mohi20032003	!
3405883715	Monaaaa_Monaaa	Mona 
776438079569657856	GolBaahar	
715121764737658880	paiizaan	   
816254511106789376	Mehrnoo45442559	
722825912698466306	PadideBoy	
2167066724	Parishooon	
501060242	mo_sinshin	
877656276	adamizadi	
3070766842	salvador_hp8	
612668235	Amir_mrj	 
726882724393422849	kherkherh	
4847071533	TheRasekh	
2749253938	hamidrezatavak	
708451381791875078	emovm	
738778952496513024	AmirDavaan	   
750783577516826624	Shoiichi	 
1775654311	SaraBanooyeAlem	
602629562	Ferinaando	
255038870	1masochist	
2913138258	sarayevo0	 
770741031344017412	jiinzzzz	 
824585268816728065	_EL_MORO	 
3363440459	Itshaniiyaa	
817092335645429760	banyezz	banyez
1571389682	HakemQuote	 
825058882758258688	nell_banoo	
727930162499694592	yaci___	
793019850268422144	atefe_roshan	    
799372523460849664	GNevesht	 
411639838	mim_banoo	 
3293092167	mehrabb74	 
362518723	Rebe__cCaa	 
768379956686643200	tarminatorianno	
843207416783278080	JorJiiiiiii	
840555580116852737	SweettHG	
96731198	CallMePennyO	
1034108520	nilihasa	 
783779195251982336	Oz_witch_	  
2786173921	_happyborn_	  :))
2556544476	koskhol_7khat	  
759436565433102337	MojNeuron	  
2754330819	Ashkan_hn	 
515747804	hunniegi	
702253032348626945	atenamsv	
88484535	aQaGorGe	aQa GorGe
3979378569	faaajh	
811544984398823424	hossein_pashm	  
955339466	w_annaw	  
861549895517446146	sabadehqan	
1016112062	pouyamich	
715683967	NegarBlue	 
866999404305162240	itsGandum	
826018682446835712	saaar0_0	
872031392678412289	iampadideh	The sarah
2335299110	nazanin6666	   
3351919995	sargordtl	
193453739	homayonii	   
2431053060	vijual1	@ 
782715727	__memim	
715566345191030784	J_H_Poincare	 
807502574047952896	HamoonDishabi	
1257598466	wolf13699	
1647692599	zephyr___s	   
2929279590	ame_jooooooooon	_
2573821889	khashayar5h	
2424181147	insomniacs_mind	  
347699747	P2Luciifer	P2
817787905057976322	phenol97	
824540899325648897	__hypernova_	
751508606638579712	shirinasaaal	
1732983685	omid_sen	 
4895975267	mammadjaan	 
822919491361370112	mi7r2a	
807196540209168384	Liveinworldnow	NA DOOOOR
802180529370071046	malake_tariki	Parya
874620378529792000	solvhog	nathaN
846960602341892096	ishishakish	
783083867540336640	habilbabil	  
357541884	Sogol84	 
727158720480837636	shaieste__hz	
944381954	Richmound_epic	
837264216839049216	raha_alef	 
2883441838	matien94	  
704890207	princessroyalng	
717671603107143680	Mossartt	MosarT
810853798935744512	Mpeyman01	
816256871514390528	sefidekouli	LuLu
1256706829	zat_ara	
1150862946	SiiMiiN_	
749889023741685760	Hermit1996	
3374668881	ehthaan	
14690170	PhillipOfAjam	P
343494492	_Sahar1201_	 Spencer 
1926619952	ArmanAhmari	
743337998855462912	sediii97	
2541059276	yemardesharghi	   
3398925605	noshineh	
724631817299464192	SalarKanForS	SAlAR
934553120	Aghrezo95	 
982209684	Panj26	
792060180750012416	Parvandegar	
549366445	AidinPourziaee	Aidin Pourziaee
774894898717794304	mahdismn	
1394353892	padralines	
1194874340	rad7dar	
62800909	saintporya	 
398096961	nima_unforgiven	 
815887798385442817	sobbekheir	
823145302228082688	sahar_golgoli	  
569322736	Madmoisellelot1	
2742124953	nimich8	
819556707688992772	rooobah_naranji	  
4565124497	YouTdii	 
763474087603761153	forte_true	F0rte
798603601157488640	mr_night0	
831585114974982150	nilooffar	Nyl
843236652881494016	nasim_rad1995	
392417024	Haspaceshem	 
789961537175818241	fakhermoftakhar	 
2346000643	shahinsartipi	The Godfather
2383185384	nazaninbanoo	nazanin
711390658838142976	gong_absurd	 
789724724976910336	DarWag9839	
784375097180250112	soltooAn	 !
2875128151	Begamind1	
1201474164	jol_bak	
4866638201	Mooroco_	
3330205035	alakh76	R-yan ( )
2305109736	18ParaMoon	
2617363973	ichBean	  
795736187931656192	cloudy_now	  
817081532682739712	YasnaPgh	 
3338417333	Pooya_Be	
482986000	sweeetHD	
766566313586139136	masimo96	
759419951635628032	Sheykhena	- -
728630569937055746	fandoqsjv	 
163433987	bob_johnson	
240390132	bushido______	
3120274938	Dr__Strange__	
841885596	future9933	 
719877421290373125	winstonelight	 
558852368	spring1855	
1612255874	GhebleAlam	 
1620551006	HastamDelbar	   
1726441796	Itzmazzz	 
548660333	1momas	 
736556386377572354	tousheh	 
1207625670	ironlady920401	   ^.^
3842336242	Gowshad	
713891389	Waiting4JonSnow	    
804028714325577728	sahar_1929	 
759287800231555072	MahmoudRezaei7	
748187773207715840	indiisaam	
2558972879	iMeTheGreat	
857000464843501570	sjalili25	 ()
845739677521006592	seeepide	 
2310816164	mohammad2zab	
727085292172267521	saharzare2016	 
200446965	taha215ash	
105170332	Pensylvani	maktoub
2634661883	nalooti	 
50321689	Nacmi	Nasim
749456737128808448	MM_MO_MOEEN	MON  
2828605363	robin_o_o_	
1543513790	Vladimir_amin	  ()
844194229702344704	mati_you	 :)
2858397523	vaeeid	 
2766668424	7shakiba_a	SH.A.T
856277981798465536	espressoor	 
845149308630384640	_good_crazy	
467414854	ToHamKhoobi	Better Call Mostafa
834842231341248515	Mehtism	 
2730448056	khodaaaaaa	
749183994026160128	dictatorjuni	
