2809141976	_nemoooo	Nemo
2445285996	maedeabdoli1	maede.
487736815	TheWeirdWorld	Shower Thoughts
12355832	opiums	Opium
15335139	elmilani	elmilani
1923330193	ABayatzanjani	bayatzanjani.net
1905589586	sabaazarpeik	saba azarpeik
2850594323	MJ_Akbarin	AKBARIN
852056086668562432	golnazsoltani	GOLNAZ
831519910463434752	mostafatajzade	 
2594655152	PadDolat	
1600742850	mowlaverdi	 
757667003092140032	kavakebian_ir	 
862243010070945793	marzeh0	
3044877227	Khatamimedia	Khatami Media
1946196584	navid_bhz	Navid Borhanzehi
806244423961104388	kalbalochi_ir	  
484921502	un00sha	
2355474654	Sandoogh	Sandoogh 
2214869083	BehnoudMasoud	masoud behnoud
856219854109650946	Rouhani96ir	 
718048707791437826	elahekhyegane	Elahe.khosravi
814231264765026305	Eshaq_jahangiri	 
815072815653261312	Dr_EJahangiri	Eshaq Jahangiri
474457553	msihusi	msh
3131466466	abdollahram	AbdollahRamezanzadeh
57107167	twibbon	Twibbon
108247668	ScuderiaFerrari	Scuderia Ferrari
994511047	hesamodin1	hesam ashena
244232732	yasharsoltani	yashar soltani
799294889540354048	feyzarab	Feyzollah Arabsorkhi
758679740005945344	Dr_vakilii	 
14498809	smto	Somayeh Tohidlou
15819632	ImageComics	Image Comics
753670260264493057	AK_Hosseinzadeh	 
912005490	ma_ahangaran	  
779357551087452160	drhafezi	dr.hafezi
809743447246733312	alimotahari_ir	Ali Motahari
45681041	vertigo_comics	Vertigo Comics
751721055031586816	mah_sadeghi	 
759251	CNN	CNN
181115691	nargesd	Narges
714538529682890752	queendrama81	Jane-Doe
2330323572	rojinbm	Rojiiin
103848826	khano0omi	H.ele.N
45118805	ADALISH	DALI
3848862313	__ft_	 
2963943623	nmuseaoe	
179404703	Nasim____	ns
334525603	attt_h	
2233134438	SadraMohaqeq	Sadra Mohaghegh
1584066241	alibozorgian	Ali Bozorgian
2233195639	asal_abasian	Asal Abasian
24382468	borzou	Borzou Daragahi 
704926519	MissGonzalezzz	 
2221708986	TehranAir	 
241674327	krautsider	krautsider
3075474801	IranHistoryPics	Iran History Pics
226973327	GhzJabb	 
2958304667	gorjico	 
3979309223	Sanamsabet1	Sanamsabet
2916305152	Snowden	Edward Snowden
2945599269	siamakansarii	Siamak Ansari
1026321	TreyRatcliff	Trey Ratcliff
1577623176	SharareMishavam	   
253673359	AmirPaivar	Amir Paivar
42167004	MinaRF	Minahe
6604072	PasteMagazine	Paste Magazine
307819597	Ehsan_Polat	
1382584807	AzitaZl	  
1530332280	ArezooA_	
68400215	MohtadiAli	Ali Mohtadi
331229559	RMadridInfo	Real Madrid Info
464130722	LearningMind1	Learning Mind
12480582	adage	Ad Age
14705964	makanmehr	Makan Mehrpouya
889782678	sanatayulmaz	snz
2175596910	drsfhm	
2514878438	EnlightPhotofox	Enlight Photofox
538031518	Sporf	SPORF
1161795360	AidaAhadiany	Aida Ahadiany
322810914	BBCKasraNaji	Kasra Naji
130549887	BahmanKalbasi	Bahman Kalbasi
316724801	peterson__scott	Scott Peterson
2172922045	OnePerfectShot	One Perfect Shot
244682907	film_doctor	Film Doctor
338152687	sbadsgood	So Bad So Good
1079749418	MaFUCKinfia	MAFIA
2731424960	chamanmah	Chakameh Chamanmah
25354833	mrkavousi	MohammadReza
15007149	JohnKerry	John Kerry
41789292	NegarMortazavi	Negar
255038870	1masochist	
979042861	behzad_bh	shex
48318358	amir_r_k	Amir Reza Koohestani
132195390	AndrewWJHarding	andrew harding
2282006784	MissMiiiim	
2566535282	Conflicts	Conflict News
185173215	ArazTH	Araz Taeihagh
1110143388	Sany___	Sanar
957607434	BBCFattahi	BBCKambiz
2471392868	mahsamrabadi	Mahsa Amrabadi
1884147697	yeggun	
238229483	kuffmode	Kayson
434413333	Moje2100	
19725644	neiltyson	Neil deGrasse Tyson
2582005813	Helmar_kh	
485613759	milimili18	milad nouri
1030711922	DeadlineDayLive	Transfer News Live
571964518	TrollFootball	Troll Football
471287735	GaryLineker	Gary Lineker
1428126805	FansOfSport	Fans Of Sport
786764	bbcworldservice	BBC World Service
740336334	GarethBale11	Gareth Bale
14059799	maziaran	Maziar Nazemi
253420850	nimeshab	||  ||
630294980	1st_nafar	
853290625	TwitteeTod	
1329018038	culaan_	Dra
2164626723	ebtekarm_ir	 
954590804	planetepics	Life on Earth
2446077384	Aftab_Naghashi	Narges Moosavi
2438498226	EtemadDaily	  
29816798	HouseOfShorts	HouseOfShorts
564686965	Brilliant_Ads	Brilliant Ads
282077865	Chivas_Regall8	Shiva-Aba
744976855	MyShortFilms	My Short Films
28223477	filmindependent	Film Independent
103484480	FilmSlateMag	FilmSlate
280149252	LA_Screenwriter	LA Screenwriter
25268540	Eurosport_UK	Eurosport UK
243840035	NetworkISA	The ISA
105205432	TheScriptLab	The Script Lab
14807403	scriptmag	Script Magazine
2278268186	ScienceVines	Science Vines
1535609209	9gagtv	9GAG.TV
17597716	centurymedia	Century Media
19773713	MetalHammer	Metal Hammer
16460916	MetalBlade	Metal Blade Records
12116282	rrusa	Roadrunner Records
98199811	gotdjent	got-djent.com
19959735	ShortoftheWeek	Short of the Week
46061625	NewshaSaremi	Niusha Saremi
2251744288	Zed_Beg	Behrang Hatra
2255375036	LUMPY_54	LUMPY
306025835	itsWillyFerrell	Not Will Ferrell
30205586	Adweek	Adweek
578568954	tanuchkaa	
1932851846	araghchi	Seyed Abbas Araghchi
1691574356	SharghDaily	 
27966935	khamenei_ir	Khamenei.ir
340293856	Shokoochi	Shokoochi
13782972	Elize	
183387449	XabiAlonso	Xabi Alonso
1371618385	Rouhani_ir	 
1724326232	Khabar_F	 
502696082	sxhxr64	
1404590618	HassanRouhani	Hassan Rouhani
47813521	JZarif	Javad Zarif
19659792	TelegraphTrend	Telegraph Trending
27977244	strange_news	Strange News
15431856	SPACEdotcom	SPACE.com
817403221	euronews_pe	euronews 
204832963	TheTweetOfGod	God
67444327	saman_hf	
519412755	ZUntitled	Miss unTiTled
511883965	Mosht_aba	Moshtaba
407278040	alskvrda	
434442640	shaakhtaar	Shakhtar
156651229	guardianworld	Guardian World
821885828	hastaloo	Hastaloo
742143	BBCWorld	BBC News (World)
935678419	RezaXIV	Reza XIV
16548023	9GAG	9GAG
381797777	mam_mad	mohamad.masoumian
8653412	AdFreak	AdFreak
123577879	aazaad__	Merkwrdigeliebe
37204416	neg_s	negar
352145373	WhatTheFFacts	What The F*** Facts
564159387	NotCommonFacts	Not Common Facts 
57276671	elllegreen	Eli
62634095	amirassan	AmirHassan
292443693	ferferiiii	FerFeri
135679428	danimoh	
2884771	Newsweek	Newsweek
45075167	AzinRh	AziN
123863001	sepide1982	
15307151	itvfootball	ITV Football
228043668	Spring_encore	Bahar
232814544	Hossein_Aghaa	 
228271635	sadafiyat	so so
330898134	sanaz_torabi	
396408830	soodImim	Dos Santos
151349203	Kutlas_e_Kabir	Kutlas
406784706	Nano_the_Lost	Teodora
403668878	Abestanioooos	Abestanioos
48658818	Homae	H.E.R
403192903	hebrown7	Hebrown
48454250	greenfall_1983	 
406625692	phoenix0k	Phoenix
