3044877227	Khatamimedia	Khatami Media
3032535821	hamed_idjam	hamed
813412645592244224	lazahgg	GhaZal
789383422871339012	AcidmanicX	Acidmanic Moayedi
4194073174	Loofi13	Loofi
753570561842970624	iamalirezanouri	Alireza nouri
4628489566	takanume	
723990333734944768	m_13archi	 
733023920811614208	tAkDAne	
735457824403259392	sinanamdar	 
757071771967160322	17_mgh	mgh.17
763437524387827712	karimiyoli	Karimiyoli
269941857	mozhgoun	
889782678	sanatayulmaz	snz
171116097	AliGondo0o	
18760301	ahwaztaxi	Dr. Waver
42935219	nakhjavani	 
127178635	ghargharak	
121077756	Rouhania	   
521253979	Af5anehha	Afsaneh
2921325573	Saze90	SazeSoftwareGroup
425985598	notoall	Sraan
601234471	colonelaorliano	colonel
411483717	K1sadri	
2492935148	pluie_seul	
4782551	Vahid	Vahid Online
269713764	TheAliGh	Ali Gh
76172541	MilaDnu	Milad
470857299	AuHasardBalth	
238229483	kuffmode	Kayson
101311106	momekajo	mehdi
475664526	taraneh16	
2726061518	Mademoisell_Mim	Sadat Mim
15015672	Raaadin	
1872820130	soormeh	soormeh
48538079	Shaamorti	
19758530	elsereturn	
1691574356	SharghDaily	 
2311655070	Ehsanatan	Ehsan Nikandish
1425960278	amir_rhm	amir rahimi
994185613	Sou_Hait	
618068420	khashayargiar	 
844238743	camvAEun	 
89673662	Xerxes_II	Masoud
47813521	JZarif	Javad Zarif
255038870	1masochist	
599197160	iman_barghandan	iman barghandan
63155620	baconsprinkled	Cameron Alekajbaf
