889430563437805568	drNofName	Hvahl
472852789	fateme_j	Fateme
870551142203367424	Sarvenaz9877	Sarvenaz
860139501460606976	somaye6800	Somaye6800
883022765535645696	shahrzaadmir	shahrzadow
2775118107	_mahimah	Maede
852056086668562432	golnazsoltani	GOLNAZ
872701305239855104	binam8810	D
1669774226	panytea	 
1969312808	bnaziru2	
1323291392	AydiNNmD	AydiN
396405629	maryami3	maryam
754918338	foreverbedehkar	
715971786677088256	rorrettaaa	Rrretta
4202434203	_Bugles	
853233671712669696	HT8589	Hossein Tahna
534664096	g_oola	Golsa
812401235164884993	shabzadehhh	 
4126388668	FogholHuman	
2939850670	marjanchoroumi	marjan choroumi
822175024782123008	Ennzocoli	
3369245271	mou_seer	
335163791	shazdeahad	shazde
1691157427	elnoraaa	el
3848862313	__ft_	 
2266046665	Leonaa1990	 
834016652932952064	notion_01	notion
764179147	uglyfloki	flki
2761328116	Candoooou	
786991480258854912	tzeta_	zeta
813325040	liamelili	
279522990	naghmezz	
3410125379	mynamesne	therealne
889782678	sanatayulmaz	snz
2680151262	icanzonesh	
994185613	Sou_Hait	
183206087	hadiahmadii	
255038870	1masochist	
2282006784	MissMiiiim	
16686027	arezoo_	
1585979053	MaHLaiiii	
4073941822	__HanR	
4851390610	nastaran_kd_	
2657696780	Golnea	Goln
4276084158	anbarbazan	Kasias
1385588628	IranehNK	Irneh
2623211	alephmim	aleph.mim
754389311865311233	cometiee	comet
1640158008	_PrettyGun	PrettyGun
710751752539099138	kouli_i	
1137670134	Abandokhtt	
750240706514550784	Shakhyaw	Shoana
996638082	Ferrrrri	   
1047381535	jaan_daar	Jaandaar
730043629851398150	winstonvscamel	 
1215382638	RezvanBa	rezvan baghi
1266734438	lolita_mn91	lolita
1015389096	Bhadaf94	Hadiis
2588075474	Jeberson101	
3224916160	namiisann	
37701509	Zibaall	
806080675	mowtion	
125139828	nazaninroghaye	Nazi
26041471	Forugh1987	
2205167191	donya_meinhof	
3953287678	OhMyKhoobness	OhMyKhoobness
272590716	naseria_1364	
875321012	hyperpolarized	hyperpolarizational
268958654	OstadAssadi	OstadAsadi
3225977506	panizyi	paniz
3404096597	riraruri	 
3244079402	SaaraaMinor	Sara
1530332280	ArezooA_	
3172908592	9sshhss9	h.sara.h
377306947	__Hana_____	
2227308599	Pepper0nii	 
927276392	zafmaaar	Zafmar.jpg
464215135	alaagol	Aalia
2774644930	48kilooyi	terrorist
2190181927	anoolick	Annie
2415675831	boob_ii	Boohama
626624677	_GOLNAZ_	golnaz
2235133873	o0nfs	
551730765	zahra2101	Zar
33478393	elhammoin	elimin
1636192328	VahidTilaki	Vahid Tilaki
2362474561	_Taaher	TaHer
1584066241	alibozorgian	Ali Bozorgian
1526965572	AandroOmeda	
574480420	_Taali_	
2564931008	Seeeeher	
711142603	Khoftak	
973342039	Negar8059	
411483717	K1sadri	
1457647556	M1_________M1	M
1650001394	Hadiiaan	
320195081	MiidnightBlue	  z 
377352635	aidam0r	aidayi
15086510	pngle	PnGle SeleYeR
519412755	ZUntitled	Miss unTiTled
465748982	saboolak	
1911625952	kouallh	
353739343	oliverteeut	 
1278538782	Shhiivaa	
297034913	FerDokht	
295706865	Meysam7092	 
600062562	rotanik	rotanik
578212102	Gembelii	
821885828	hastaloo	Hastaloo
636936027	Seenvaav	.
232297221	HadisSsbn	  
425985598	notoall	Sraan
361296165	4rkanii	#4RK
518681801	fhinese	Hamed
542922194	hunebt	(-)neeee
1495951248	hosseintanha89	 (UNESCO)
1646009659	_vey__	
937116199	parastufd	
403668878	Abestanioooos	Abestanioos
446148324	MddMim	Chawan
2255375036	LUMPY_54	LUMPY
14690170	PhillipOfAjam	P
946418576	AlmaSign	Alma
2180633748	MehdiAHM	
757892550	franny_ftm	franny
1521752815	dadaist20	Dadaist
135679428	danimoh	
609146118	Noushabeh	
524893817	elicohaam	
544318453	g0lnar	
1663018050	Juani____	Juani
228037535	Tafaghod	
946338937	hid__	Nah
408701339	kickmehr	
601234471	colonelaorliano	colonel
323127279	stere_kh	
1646226361	Raavii_	
32460469	Leemou	Neda
