2774644930	48kilooyi	terrorist
1663018050	Juani____	Juani
1391562487	jimbeltarin	jimbel
1201474164	jol_bak	
92921497	KOUSHAAA	KOOSHA
2754330819	Ashkan_hn	 
1620130892	raz__mari	
269879562	Ghanamijaber	Ali
2193883470	Farshid928	Fashid
2879965029	risagerafi	risa
979042861	behzad_bh	shex
15086510	pngle	PnGle SeleYeR
3192032445	kamharff	 
1712460258	___ladyEl	
805550820	RealKharmagas	
1464102835	Dach_Reza	   
48648723	kashkull	
426732442	3RaMin3	ETC
451705078	jahangard4	
937116199	parastufd	
2237667674	jojehhhh	
353739343	oliverteeut	 
404218200	ahooel	Ahoo
2153936527	Nafas100	Scheherazade
768897169	giso0	giso0
1962978824	NuaaaaAage	
2255375036	LUMPY_54	LUMPY
1256706829	zat_ara	
364760981	Rezamojahed	Reza GK
507853089	tata_violetta	Tahereh
1266734438	lolita_mn91	lolita
83819295	Aroooom	
2647243230	Farazodin	
2516171059	rfi_y	 
1423188918	M_Asmmm	
800842130	_pariiisa_	parisa
588039170	sara80ma	
563292402	porya_	p0rya
1234768950	neb_____	stephen
1092220890	sccaaarlett	
46844100	Stalag17_	
3231986070	shoyoot	
1627047888	Mana_Azamat	Mana
2314077164	blopblipp	Not like I'm Maddie
1215577897	kharoou	
973342039	Negar8059	
1305395144	ShabAvare	
120225421	o1p981	 
1589076457	saharban0o	
614661422	jerjiodelaserna	
248710557	zohre_ha	zohre
19758530	elsereturn	
320195081	MiidnightBlue	  z 
163433987	bob_johnson	
603493190	icerose75	..
537598298	she_yd	
132898764	mohz67	
256988773	sAAAyE	
317072168	agha_reza_khan	
2167949720	aliichap	masoud
353676620	_soro0r_	sooloo
1474390170	Negar_CI	NeGar
1471020254	aghamin	 
309863890	ahamid1989y	
242807567	_aTaha	taha
552252520	engmahyar	
48538079	Shaamorti	
2564931008	Seeeeher	
2282006784	MissMiiiim	
1867080126	saeedeh2012	
255038870	1masochist	
400062723	57muel	
2996447987	peni19118	
510074074	aalset_	
1303718912	nedaHne	penelope
