889061711579197440	imoomm	imoonm
885932786846183425	HistoricalOV	HistoricalOverView
4710261842	AdasiShakie	
875992032170442752	TehranyHediyeh	Hediyeh Tehrany
1344951	WIRED	WIRED
34743251	SpaceX	SpaceX
856497684521373697	Hashemi_Taba	 
130642832	Qualcomm_Tech	Qualcomm Tech
814231264765026305	Eshaq_jahangiri	 
552225288	SaraAlef	
2800121770	NaturelsWeird	Nature Is Weird
961445378	officialmcafee	John McAfee
798536022493724672	justletmebe	
843555810378731520	Akrin_2	Agrin
806453748	danydanyfa	
504767598	1mohitban	  
3727936577	_kebrit	 
2778277224	JoeParak	Joe
799985566590922757	haafezeh	
29664535	opensips	OpenSIPS project
2904195838	CrazyinRussia	Only In Russia
894875454	AghBahman	Agh Bahman
50393960	BillGates	Bill Gates
1724326232	Khabar_F	 
790728	bbcpersian	BBC Persian
3898598357	_youhadonejob1	You Had One Job
1034945833	footballtimer	   
710844265388220416	_Snoofy	aras
818408371854409728	boktanbulut	benam
2299977830	CosplayHeaven	Cosplay
2908817426	puckethead	
937116199	parastufd	
215028103	shaape	killua
203832409	qomnews	Qom News
407315593	_sheved_	
2541999628	ThierryHenry	Thierry Henry
3410125379	mynamesne	therealne
14466176	solarwinds	SolarWinds
2625176466	EducationalPics	Astrophotography
480737104	HamedTabaar	HamedTabaar
32372834	sciencemagazine	Science Magazine
165699676	BVB	Borussia Dortmund
183206087	hadiahmadii	
713810570705653760	ManiFarsaie	Manifes
1872820130	soormeh	soormeh
51832801	anthmfs	Anthony Minessale
54591679	freeswitch	FreeSWITCH
2419610263	VOIPforSMEs	VOIP stuff
5257271	asteriskpbx	Asterisk PBX
5255661	digium	Digium
48617894	WhichVoIP	Which VoIP
25534159	VoIP_News	VoIP-News
440270645	oRRMo	
792775445167083520	soberEule	Shire.D.dead
4113626704	GetHistoryNow	HistoryNow
74286565	Microsoft	Microsoft
487736815	TheWeirdWorld	Shower Thoughts
2567596670	yassamaan	yassamaan
146026726	bbcpersiansport	BBC Persian Sport
1438162062	TheScaryNature	Nature is Scary
2962267931	KhedmateSarbazi	 
779024223809437696	7sobhh	7sobh
297034913	FerDokht	
312485691	Melzuj	volek
2582005813	Helmar_kh	
2334117241	__anht	
1058083794	moosened	moosen
3224916160	namiisann	
2368724029	hkhhcht	FAROKA
2623211	alephmim	aleph.mim
1420440420	Honismack2	h.o.nismack.2.
628276440	SaraKmz	
410931201	aida_aina	Aida
3993602968	Nasttaran	Nastaran
1505251758	sajjadbrd	 
1689419970	FacesPics	Faces in Things
287088046	ReviverOrator	
751012920	johnameen	Me and Mozee
396405629	maryami3	maryam
397951068	schwifterin	
292443693	ferferiiii	FerFeri
14879485	e11even	
435342260	rammiin	ramin
317615639	NooshFaR	Farnoosh Nik
45604639	Naznoush	Nazanin
403668878	Abestanioooos	Abestanioos
40445053	n4Cr	Nasir
34613288	Arsenal	Arsenal FC
951343620	_sad100_	100
39238838	zia_ghiasi	Zia
470857299	AuHasardBalth	
255038870	1masochist	
2235133873	o0nfs	
400062723	57muel	
563292402	porya_	p0rya
3080762480	Sleimoni	M-hdi 
250784864	milad_d3	
609308515	RyanNikoo	Ryan Nikoo
3311853538	youngerbrotherr	younger brother
1711145732	ahmad_ovski	
3900937816	_zirwan_	zirwanz
264309749	z85510	
4628489566	takanume	
14861876	AMD	AMD
3227134055	4L4R_	Ali 
14613056	sayehd	Sayeh
28807346	AsaAkira	Asa Akira
558844547	FinalFantasy	Final Fantasy
271215167	_Ditesmoi	Asi
753570561842970624	iamalirezanouri	Alireza nouri
3023835104	ARRINKINKIN	
2205167191	donya_meinhof	
279522990	naghmezz	
171116097	AliGondo0o	
1541461	opera	Opera
16425197	Lumia	Lumia
13334762	github	GitHub
95438524	AndroidAuth	Android Authority
50090898	googledevs	Google Developers
50766916	Androidheadline	Android Headlines
207773069	googlenexus	Nexus
49753110	MotorolaUS	Motorola US
20292942	androidandme	Android and Me
15895661	androids	Android Community
8283082	AnimalPlanet	AnimalPlanet
70725281	BBCEarth	BBC Earth
22692199	HISTORY	HISTORY
85839993	natgeowild	Nat Geo WILD
11348282	NASA	NASA
117662694	NatGeoPhotos	Nat Geo Photography
17471979	NatGeo	National Geographic
1582853809	HistoryInPics	History In Pictures
1110143388	Sany___	Sanar
434413333	Moje2100	
14690170	PhillipOfAjam	P
853290625	TwitteeTod	
135679428	danimoh	
475664526	taraneh16	
630294980	1st_nafar	
177746835	sayeh_ro	 
238330325	zirwanz	zirwan
979042861	behzad_bh	shex
578568954	tanuchkaa	
96130616	alborz_z	Al
403686789	mm__amin	
843112550	EarnKnowledge	Learn Something
806080675	mowtion	
160151979	Demeters_91	Mahsa
1309117734	BlueNebulaRandy	Blue Nebula Studios
760437030	HamediEbrahim	Ebi
872862998	SlimRoms	SlimRoms
91333167	climagic	Command Line Magic
243381107	GooglePlay	Google Play
92727851	MrJamesMay	James May
2699109918	HistoryOnWheels	History On Wheels
312641499	MlNDFACTS	KNOWLEDGE
2442381762	GRRM	George RR Martin
1598644159	HistoricalPics	Historical Pics
1611697987	GiveMeInternet	Give Me Internet
184952680	yataahoo	N@hid
559675462	GoogleFacts	Google Facts
237342712	_l7m	L7matrix
38705128	CivGame	Civilization VI
15234657	EA	Electronic Arts
121258930	EpicGames	Epic Games
5162861	NintendoAmerica	Nintendo of America
10671602	PlayStation	PlayStation
24742040	Xbox	Xbox
73731253	SuperMeatBoy	Team Meat
61033129	Warcraft	World of Warcraft
11928542	Kotaku	Kotaku
20273398	gameinformer	Game Informer
25612070	MarvelGames	Marvel Games
309366491	Twitch	Twitch
204832963	TheTweetOfGod	God
52551600	JimCarrey	Jim Carrey
180463340	GameOfThrones	Game Of Thrones
527526077	JeremyClarkson	Jeremy Clarkson
52344859	BBC_TopGear	Top Gear
584280105	ScienceAllDay	Science
47633485	ReutersIran	Reuters Iran
1371618385	Rouhani_ir	 
238229483	kuffmode	Kayson
259883061	thinkandroid_	thinkandroid
21237045	Flickr	Flickr
34442404	Sony	Sony
17092592	SEGA	SEGA
434442640	shaakhtaar	Shakhtar
53804216	Ferihelper	Ferihelper
18424473	_Cafe	Cafe
2255375036	LUMPY_54	LUMPY
108382988	radiohead	Radiohead
110509537	thomyorke	Thom Yorke
743786622	historyofsound	History Of Sound
104969057	IanMcKellen	Ian McKellen
2803191	intel	Intel
17193794	HP	HP
23504870	SouthPark	South Park
2331584635	Digiato	Digiato
3012486899	p30danesh	  
