2419034480	Alice6fa	  
813286	BarackObama	Barack Obama
822215679726100480	POTUS	President Trump
1339835893	HillaryClinton	Hillary Clinton
25073877	realDonaldTrump	Donald J. Trump
1161795360	AidaAhadiany	Aida Ahadiany
868388132600725504	PetrovM13	Petrov Mjd
106981241	iVAEZZ	Va'ezz
250156711	cercis66	Arghavan
96394122	abtahi_m	Mohamad Ali Abtahi
25998526	adamhess1	Adam Hess
14260960	JustinTrudeau	Justin Trudeau
2174619216	Zarinhaaa	 
396567988	Mehribanooo	 
1612255874	GhebleAlam	 
2576238121	Thelnteresting	Recipes GIFs
4261237475	mynooosh	Meynoosh
733023920811614208	tAkDAne	
4882271121	gospotify_	
753570561842970624	iamalirezanouri	Alireza nouri
735457824403259392	sinanamdar	 
784144301424988160	armitafaraji	rmita
798256943722889216	he_jafari	
3308063589	__ladyL__	 
1500491118	imanbrando	DON iman
4000644370	Faezze3	
3316218372	Mehrnooshsh	setareh
779644541154500609	laliloleiilo	ramin nvbn
46859013	sarzadeh58	
1640362993	Faranak__	
125139828	nazaninroghaye	Nazi
766938422011392001	HomaStroph	Homa stroph
1050457039	EbrahimArami	Ebrahim Arami
2235149402	Fiddlisa	Fiddlisa
3228031916	OnePlus_IDN	OnePlus Indonesia
2413826444	LifeBibles	Good Vibe 
275221481	xmangamma	HadiRostami
3694752857	sisil4030	SiSiL
2740210034	sahrashirdel	
2799949501	amirhouieh	amir houieh
4015758021	grzngi	
414498534	Haji_Washington	 
1262800075	Marii0072	 
4164097575	xzxz_nx	ya
1907967692	NafiseK	
2467741688	aziikianii	
212861860	ComiserJacobs	Nikbakht
199654997	laaalaaammm	
1005140509	RingnebulaN	 
476234589	REACTlVE	Admit it...
853290625	TwitteeTod	
256412178	HaleyReinhart	Haley Reinhart
1690670264	L00biaChiTi	kIaNa
278247123	perry_mitchell	Perry Mitchell
250784864	milad_d3	
44564476	scottbradlee	Scott Bradlee
2945599269	siamakansarii	Siamak Ansari
2196922086	oneplus	OnePlus
15661911	Jon4Lakers	Jon Rettinger
23255992	TechnoBuffalo	TechnoBuffalo
2467056210	PMJofficial	Postmodern Jukebox
269941857	mozhgoun	
3395553562	InstaJivegi	Jivegi | 
103721812	parsapirouzfar	Parsa Pirouzfar
3270014761	gole_sadaf	 
2900556531	RaytheonCyber	Raytheon Cyber
14836197	usopen	US Open Tennis
42220353	rolandgarros	Roland-Garros
1337785291	rogerfederer	Roger Federer
14857290	Wimbledon	Wimbledon
217106097	reza_eydak	Reza
1036669147	_farnousham_	
35761106	w3c	W3C
2257547484	VezaratNaft	MinistryofPetroleum
968650362	SenTomCotton	Tom Cotton
2692370526	sheraaa14	* *
1617425598	_DeziReh_	
427691831	fiirewoorkss	
2938735055	DezirehkDezireh	dezirehk
813325040	liamelili	
253673359	AmirPaivar	Amir Paivar
1345112401	Helda100	
994185613	Sou_Hait	
957905868	Ladyinghermez	  
27966935	khamenei_ir	Khamenei.ir
519846869	nilhmt	Nilou
2793694302	MahshadAghajani	 
2250945137	Yasaman_fp	 
92727851	MrJamesMay	James May
243662948	RichardHammond	Richard Hammond
527526077	JeremyClarkson	Jeremy Clarkson
1130356441	FoodPornsx	Food Porn
1488106614	FuegoAT	
1329018038	culaan_	Dra
26235265	MercedesAMGF1	Mercedes-AMG F1
243782984	m_kamrani	Amin Kamrani
54387680	michaeljackson	Michael Jackson
2417884660	MasihJnB	Ma 30 H
2562703793	saabbii24	
2526119594	NamiraCorp	
17738399	sallar	Sallar
461135939	Cinemathequeisf	
297867261	NoOshbiz	
589814029	setivardan	seti vardan
1341118848	hesamj88	Hesam Jafari
12837042	tayfeh	M. Tayfeh
867187434	feriinoosh	Feriinoosh
1640169925	IkerCasillas	Iker Casillas
426738834	Guaje7Villa	David Villa
1256706829	zat_ara	
528771986	zhivannn	
1016893826	GSMwebsite	  
14104498	iClarified	iClarified
2370842576	et0ilefille	 
16736241	IEbusiness	IE Business School
611959284	FreakingTrue	Typical Girl
22979786	Baaanoo	Bnoo
47105207	iesebs	IESE Business School
515047651	onmymommaa	nikole
951343620	_sad100_	100
2446077384	Aftab_Naghashi	Narges Moosavi
2416496533	M2Sol	 
251489671	Hena_Tena	
1139229804	ser_serpico	NANI
2398324963	NasimMiiM	nasimmiim
2307108475	hamsafaryab	
353837943	MarinaRoseGoad	Marina Goad
32341159	Kait_Wright	Kaitlyn Wright
245153743	buuuugh	 
76172541	MilaDnu	Milad
203456795	SHoBBar_MZ	  
163433987	bob_johnson	
434442640	shaakhtaar	Shakhtar
1179400400	asedmamad	
54599032	Sama_Sky	
14690170	PhillipOfAjam	P
2255375036	LUMPY_54	LUMPY
305215049	Negggar	NeGaR
2375033467	zanesarkesh	   
1336819285	awsemooon	
601234471	colonelaorliano	colonel
297929344	Ferediiii	farnaz
318541913	niiiloofar	
538316587	Mona_monooli	
201769313	LouisVuitton_DE	Louis Vuitton DE
232814544	Hossein_Aghaa	 
222682480	_ZedZed_	
2223038989	soheil1812	Soheil Riahi
524383873	SepehrRiahi	Sepehr Riahi
80556837	dsahba	sahba
1116682940	DeviNakisa	Nakisa
407278040	alskvrda	
2324137058	IranInPics	IranInPics
1358573515	HassanNikoo	Hassan Nikoo
519412755	ZUntitled	Miss unTiTled
203678193	shomare29	29
286734761	vgarmani	
574654481	foadi65	foad
75762289	sholtopus	
232297221	HadisSsbn	  
322662305	Sshaghayegh	
40334487	vertu	Vertu
434413333	Moje2100	
431867570	arash_sobhani	arashsobhani
79971567	fadi1979	ghost 
1682726306	sarOllferi	
123577879	aazaad__	Merkwrdigeliebe
484921502	un00sha	
208214219	msftsecurity	Microsoft Secure
229604535	ni5san	
50321689	Nacmi	Nasim
232637500	hvnrlh	Hiwa Nourollahi
1032272588	Iranappfestival	Iran App Festival
47813521	JZarif	Javad Zarif
1371618385	Rouhani_ir	 
1404590618	HassanRouhani	Hassan Rouhani
304591477	amirsaam	
171107331	4RASH	  
95657218	_MOJ1	
7424342	milaad	Mild
633954265	HMahnaz73	 Dr.Pharmacist
357541884	Sogol84	 
851186784	sanjaaab	
322694106	Maadiian	
1643581249	daaashAli	
48848901	nima6586	Nima Kharazi
102989740	EistgaheAkhar	Hossein
344634424	RafaelNadal	Rafa Nadal
288333760	MariaSharapova	Maria Sharapova
55511555	MaaloOX	Delaram
511883965	Mosht_aba	Moshtaba
400062723	57muel	
451705078	jahangard4	
973733118	yadeteh1	yadeteh1  
601089081	maniii_m	
255038870	1masochist	
19781055	bia2	bia2
106333951	path	Path
578568954	tanuchkaa	
216989691	violettss	sana
