33478393	elhammoin	elimin
808729490	Iran_Style	Iran Style
1673569940	kouroshataee	Kourosh Ataee
133217026	Bahadorina	AmirBahador
852056086668562432	golnazsoltani	GOLNAZ
57204216	Emaadb	Emad
860302354821910540	BehrangRajabi	Behrang Rajabi
804474150	hermandovo	Amir
862243010070945793	marzeh0	
803545652135362561	xakesque	xak
876488607703351296	VandiSam	Vandi
830045911736807430	aliaalei	 
2190106878	NazaniNKZM	 
1116427544	asysepid	
970302740	nillzhe	 
815000916424265728	_nazi__	
252771727	Taiwanii	
45604639	Naznoush	Nazanin
1944220188	MaryPoory	 
2902902580	Azarestaaan	
14341131	roozbehdotnet	
14490065	azoli	azooli
4452251001	northselkie	
869616473878142976	pegahmadani	 
2769714516	LalehMonsef	Laleh Monsef
4907934826	atiikey	ati key
2890925255	SEslamie	Saeide Eslamie
3321727704	matink211	Matin KaKoei
50070815	Vigil_Owl	  
14851948	Katayoon	 
2584369675	Soolmazvatani	Soolmaz Vatani oskoo
4861013172	daroshafaeij	 
798335858	mmemarian	Mohammad Memarian
195224039	Mimabedi	 
329537676	Ali_TishTar	TishTar
390462172	M_A_G_88	Maryam
2536462023	amirseyedin	 
844988714052796416	tessieovskie	 
1926311696	hadichavoshi	Hadi Chavoshi
815629784789164033	Yasmangoola5	Yasmangoola
628118074	rezahn56	Reza Haghighatnejad
1667371002	plaque9	
744176753980092416	navidise	Navid
815485959454261248	mohsenakevazir	 
1600742850	mowlaverdi	 
2697922368	91BackBone	
3993602968	Nasttaran	Nastaran
730256132913115136	sadzadtaha	
14743763	slt_fa	
45936656	fakhraie17	Pooyan Fakhraei
855488685931999232	abmomeni	 
264309749	z85510	
2337222685	davwvod	DavoT
853233671712669696	HT8589	Hossein Tahna
762971650207940609	saeedriahii	Saeed.Riahi
821885828	hastaloo	Hastaloo
348498840	m0hagh	
2282006784	MissMiiiim	
250784864	milad_d3	
843555810378731520	Akrin_2	Agrin
1447988958	diffindo103	
543660237	beygoo	Begi
1234768950	neb_____	stephen
1964664444	paartizzann	
3405456034	YeganehKhodami	 
1420148670	ham1367	Hamed
302860174	chapdast	Aka Lefthanded
2323567080	saeedesadat	saEEde 
819300161042137090	FahimahPR	Marshmallow
715744234712772608	shadi_baqi	shaBa
1636192328	VahidTilaki	Vahid Tilaki
552252520	engmahyar	
1391562487	jimbeltarin	jimbel
2233143506	FJamalpour	Fatemeh Jamalpour
742159824	MehdiT1	Mehdi T 
2994639981	Mdoai	Meysam Doai
712959220103176192	derakhtt	
1171908210	asmane	
414751846	Maskedduchess	
834423473107828737	xamini_	 
710719111605530624	goorbachof1	
946283900	Baastaardo	Aida
70338768	AminLotf	Amin.Lam
2761328116	Candoooou	
2335832970	shah_hosein	  
70907968	HosseinMO_	
750345464218779648	Maryamim1	Maryamim
264730636	f0ro0gh	
1711145732	ahmad_ovski	
2650265780	SomayeAfsharnia	somaye afsharnia
3271605907	AleeSoumi	AleeS
33493951	fardaa88	Fardaa
752593	Mesbah	Mesbah
818408371854409728	boktanbulut	benam
13495722	littlefarbod	
717428837403983873	somaiyehf	
576422902	nasibeze	
606176980	behbah89	   
1377921709	kahoopich	 
522878221	shaataqi	
51916135	Aryaestark34	Arya Stark
761256157	ImanYari	 
723176299615948800	ORTANJIL	  
4755943217	Sabonagooloo	 - Daanieh
741691721436790784	golnazzzi	golnazzz
810457160287223808	kelidemelli1	Kelidemelli
6579092	Ardeshir	Ardeshir
1332127904	M0rpheu3	 ()
854595619	sosha999	Peyman Yazdani
2212622112	rana_schams	
484284489	SirHermesMarana	
2517118753	Ghrzmj	 
400062723	57muel	
4794985346	M4ro0on	
712203671258451968	Gavrch	
4382567835	VaghayeDaily	 
2941090939	Shirinnezafati	Shirin nezafati
1450303939	fariborz_gharib	fariborz soroush
4250674173	ely_shahy	
344126052	bvvafakhah	behzad vafakhah
4708866923	MohajeraniSayed	 
819131293514469376	sajedeharab	Sajedeh Arab Sorkhi
840139878	BavigForough	bavig
1691157427	elnoraaa	el
2684615938	SamlSamsam	BanaFsheh
3284433818	ShirinNr	Shirin
187507193	soheila_h	
4565124497	YouTdii	 
396405629	maryami3	maryam
13832792	EbrahimHeidari	Ebrahim Heidari
183206087	hadiahmadii	
118000786	Redenci0n	Golboo Fiuzi
3242236239	bohluol	
2594204948	alirezamahmodi3	alirezamahmodi
779754690191974400	empil18041	 
753244618993594368	Darkshabbyblue	Eros
727116732641333248	alimatlabs	ali matlab
320195081	MiidnightBlue	  z 
712192815837679616	HannahArendt16	   
14705964	makanmehr	Makan Mehrpouya
2829788026	barfak6	
1077099060	naneSarma	azin ghasemi
470857299	AuHasardBalth	
4073941822	__HanR	
434442640	shaakhtaar	Shakhtar
3297594548	masoudkazemi81	Masoud Kazemi
95157497	minashehni	mina.shehni
35201190	digaran	Meitham
761972945992450048	purple_metaphor	cappuccino
1457660762	chortke1	 
3399124558	Marii_Abdi	 
432283264	ReeRaaReeRaa	
3646633278	SteelAlborzCo	 
2615173525	SGhanbarpour	Sina GHanbarpour
349090479	Sabasib	Saba
736915932308770816	Chronic____Pain	 
759664122569060352	nardoonee	
3308063589	__ladyL__	 
724942175742660608	khatkhatinevis	
45118805	ADALISH	DALI
713810570705653760	ManiFarsaie	Manifes
475898425	AnitaHoneytta	April
236510048	pariius	parius
2193883470	Farshid928	Fashid
42167004	MinaRF	Minahe
2196627649	shaboonmI	
746013161711673345	simin_srb	Simin
1516799256	Homaaag	 
716625075760472064	Farnaz_mim	Farnaz Mirimoghadam
46028420	EhsanAzaddokht	Ehsan
116185997	rzgar_sh	rzgar
7759232	olysseusjourney	
553484743	HedaMoo	HedaMo
1195954465	marketexpertir	M.Hasoumian
4189631008	tubocasequivoca	Soledad
1542138595	golyjonsnow	
4624773153	t_alidoosti	Taraneh Alidoosti
2722848061	Keykhoon	
287088046	ReviverOrator	
468457155	Straw_Hat_She	Sheeva
3123274688	BaghaeiBabak	Babak Baghaei
703451537	filleduprintemp	
1190054473	goosfandofgod	 
1480319263	35degree	35
253229302	m00rche	MoOrChE
861318920	farzanaaa90	farzanaaaa
1636072164	zarmeh	Zahra Alipour
3674038456	MaliheRiazi	malihe riazi
2430386546	SHAHROOZMIR	SHAHROOZ  MIR
14897852	MAS_	MAS
536250646	2na2nz	
1650001394	Hadiiaan	
2381827124	felonefelone	felon
624031683	mooshtebol	
559675462	GoogleFacts	Google Facts
519286880	MNaemeh	Morteza Naemeh
2653294999	ki4n4f	Kiana
17037546	lllsaharlll	Sahar ~
723092313891729408	Negarkalameh	 
119002877	yaldarta	
