15331646	ardvisoor	Maryam
587885385	amiryaghoubali	Amir Yaghoubali
30211348	mohsen____	Mohsen Azimi
928435039	ameellio	Ame Elliott
767213094913400833	atena_rmz	
3362394964	skinNyVID	 
22638981	mexdiii	_
97617682	Shadibeyzaei	Shadi Beyzaei
768498294385352706	pouriadehgh	Pouria Dehghani
14517156	donyarad	Donya
4699983089	Amiirse	
1968654211	Its_Rafuoliin	MadmaZel NilZi
704603985307701252	atoosaarad	Atousa
824150176247988224	Virastarbashi	
239887357	samir_au	  
3234270801	oroojlooy	Afshin Oroojlooy
3039740265	armaeel	
2941090939	Shirinnezafati	Shirin nezafati
988661137	merry_8_4	
67444327	saman_hf	
43857522	LilyNikfar	Lily Nikfar
869179627436097536	MeysamEbady	MeysamEbady
63068768	Sam1Kia	Sam Kia
13904872	maryaminaa	Maryaminaa
563237464	yasinsb	Yasin
2576468684	Misskimiagar	
2861751	abellz	Mo
845466164008386560	3pisha	Sepi
276220644	insideNiMA	NiMA Asghari
364637012	jaabejaa	 
189072514	SHEYDV_M	
44196397	elonmusk	Elon Musk
331280459	anita_1302	ani1302
1403886157	RFatemeh	Fati
37391048	mahkamehj	mahkameh jafarian
884889375745736704	Seta87521808	
3350851649	SaraEisermann	Sara-Lena Eisermann
304289713	Farzad_YZ	Farzad YZ
796806765643845632	MaariiaaAbpr	Maariiaa
1577623176	SharareMishavam	   
716597049958002688	MrKiteRunner	 
282935352	SH4HR4M	
802817024632168448	abedishahroudi	 
96130616	alborz_z	Al
1872820130	soormeh	soormeh
2890987224	sajadcooper	C00p3R
325962371	saeednitrate	Saeed Alipoor 
225630062	persianpie	eve
822294996837662720	Asabkosh	  
632106247	aientech	 (Scrat)
3091427771	Amirferfer	Amirferfer
5976442	MardomAzar	ShaGhayeGh
827305900637462528	Hiro__1M	
876842981382393856	Sepprezz	Seppy
849493082953404416	sarvenaz_rezaei	Sarvenaz
89132222	bellamessa_	() 
2368602688	anoureddini	Amir Noureddini 
559655613	gandomgoun	 
3373960078	KHoshang	Hoshang
3227806289	sm96dd	~
320155428	cerpow	Apostol Voicu
47053989	bastanichoobi	
247233351	amireslamdoust	Amir
30640023	khashayar7	khashayar
15297968	sheem_seen	Sheema
95480053	mvalipour	Mo Valipour
970859666	Nazaninp81	  
2787911245	EmadSaedi	Emad Saedi
15699865	amir_HP	amirHP
9533042	BrendanEich	BrendanEich
2360511	mpjme	Mattias P Johansson
351474736	sisyson	 
1042425571	peymanslh	Peyman
104864861	MirTohid	MirTohid Razavi
875992032170442752	TehranyHediyeh	Hediyeh Tehrany
17154772	Nima1980	Nima
279522990	naghmezz	
1201045933	BBCBastani	Hossein Bastani
873883357863714816	minavandmehrdad	Mehrdad Minavand
310896088	Daynaz7	
833792334	Mar__Naz	
152547409	kooshaaa	koosha
875380234023043073	Irannn_N	Irannn
1195954465	marketexpertir	M.Hasoumian
563108907	owhaam	owhaam
2995822990	morajabi	Mohammad Rajabifard
314026964	smbeiragh	Sajjad M.Beiraghdar
353965235	MuhammadPrg	Hammad
838179284980215808	heterotopien	Samira
15049407	mrphs	Nima Fatemi
4821438778	TalaShad	
566084432	HShaabani	hassan shaabani
63412771	javadahmadzadeh	Javad Ahmadzadeh
816711681438990336	setaeesm	
510074074	aalset_	
2510067644	mariiiiilo	
519396874	Zed_Moon	
17178315	Una	Una Kravets 
837326235822919681	mysazito	Sazito | 
615119559	ameer_mousavi	Ameer Mousavi
825065930757541888	milaniabbas	Abbas Milani
169204084	SamanYKJ	Saman Fara
869830336301150208	mmkarima	 
1914548226	FeriFilter	Feri 
15154636	S3micolon	 
799242587471278080	Wyroczniaa	Wyrocznia
1077099060	naneSarma	azin ghasemi
3313555581	hanolimanoli	
3043471	itline	itline
14485033	tildasahar	~
51029646	payamf1	Payam
189853632	ooarashoo	arash orangpour
255022488	Shayanhztn	Shayan
3851000734	AminAnvary	Amin Anvary
192526765	weblogz	Natsu!!
73374826	alinzm	Aliuoo 
766197623753670656	romiina_mn	
3238292444	Aban_Dokht	SeaShell
572051429	Serpicoo3	Serpico
4223383694	ClemKruczynsky	Clementine
245975098	neutrinok	Kayvan Neutrino
14897852	MAS_	MAS
864042450419163136	navidmamza	Navid Mohamadzadeh
121809380	atahani	Ahmad Tahani
4867091386	channelBpodcast	 
256988773	sAAAyE	
207945413	yekenevis	yekenevis
418951760	PandaArshi	Pasionaria
806991816323121152	benyaminsalimi	Benyamin Salimi
1573859414	bobraando	
755076778385895424	Irann_N	Irann N
3907531114	elham_da	elham.de
859420117565714432	peni995	
853942752018669568	BeSafeAlert	SafeAlert
626947665	satrobit	Amir Keshavarz
456965969	parishadokht	
54133469	alireza_rezaei	Alireza Rezaei
3160462858	mr_amini8	Mr Amini
835935197652783105	elaheh_aslani	Eli Aslani
174907861	bijan021	
16716834	Ammir	AmiR Rashidi
44690011	mdoroud	Mina Doroud 
1575641863	pPirhoseinloo	Pouya Pirhosseinloo
200012444	b3hroozam	Behroozam
2164850889	aminkhss	Amin Khalighi
840447870	mamsacartoon	mamsacartoon
2604076680	ziz_mangooli	ziz
112507479	arastuq	Touhid Arastu
32538835	Mosi_SP1	MostafaS
453961208	iShahabiii	Shahabeddin
16477634	durov	Pavel Durov
839698128458637314	ConnectWorksio	ConnectWorks.io
1359446846	NrzNima	Nima Nrz
1642223257	mehdi_alipoor	Mehdi
4765047464	Sogoliiw	  
4445257453	farhad_faghihi	Farhad Faghihi
2239727276	___levis___	  !
225120372	MaxShadd	Max Sh
846976714467151873	pinotelio	Ahmadreza Mollapour
845574538217766912	milad5433	Milad Ghasemzadeh
215950639	_Exception_	Exception
472852789	fateme_j	Fateme
834810539662594050	farhadprime	Farhad
46061625	NewshaSaremi	Niusha Saremi
45188226	ranarahimpour	Rana Rahimpour
215931205	kooaala	behnaz
44122168	siavashgm	Siavash G. Moghaddam
561429308	yazdanpanaha	Abbas Yazdanpanah
738185048	DarkPasenger10B	Lily Anne
790659917107568640	mermaalad	Ellie Zahedi 
2285621	snhasani	Naser \_()_/
327485046	syazdanian	Sina Yazdanian
702560194677579776	INF_OvGU	Informatik@OvGU
833456763567497217	Kaamandd	
253971447	Omid6887	Omid Rezaee
242797389	smtabatabaie	Mojtaba Tabatabaie
771257054577106945	TypoFinderBot	  
851186784	sanjaaab	
14851948	Katayoon	 
796040020725530624	parinaz_ta	Parinaz Tayyebi
4668762913	01sadra	Sadra Aliabadi
823417268445048832	GithubFa	
551730765	zahra2101	Zar
1689053928	telegram	Telegram Messenger
350235930	SaeedEsmaili	Saeed Esmaili
3808605617	Yaser_Bahrami	Yaser Bahrami
709065815606296578	hamidfarajii	Hamid Faraji
368546930	mohandeath	Alireza G.Kian
806237327337156610	saaramim	
491129474	Miratica	Mira
752593	Mesbah	Mesbah
718488102109585408	Ziaowsky	Amin Zia
703695036446330881	s90ta20	 
1443415806	el_nino8912	el Nio
51163531	bijooli	Armando
241663474	seraj	Seraj Vahdati
2824602254	iaminnajafi	Amin Najafi
1542912613	rahelehr	raheleh.r
189483010	ShararehHatami	Sharareh
2543813160	HrXIII	Herr 13
