1329018038	culaan_	Dra
133237155	Nix_Nikooo	Nix
830045911736807430	aliaalei	 
552252520	engmahyar	
1470791113	ShiRinKHV	Sh!R!n
551730765	zahra2101	Zar
403999527	Coffeeelizard	Coffee Stark 
1268317310	gholianh1	  
403668878	Abestanioooos	Abestanioos
511883965	Mosht_aba	Moshtaba
238229483	kuffmode	Kayson
135679428	danimoh	
403686789	mm__amin	
2320649540	_OhReza	
2285581932	ehsaningg	
440270645	oRRMo	
14873102	ArashBahmani	Arash Bahmani
755142367	sakene5	 
2337222685	davwvod	DavoT
2651110403	cynik0l	Nikola
3191305861	annette_riviere	 
70338768	AminLotf	Amin.Lam
268958654	OstadAssadi	OstadAsadi
1650001394	Hadiiaan	
3080762480	Sleimoni	M-hdi 
475664526	taraneh16	
3124352347	ataasadeghi	Ata Sadeghi
979042861	behzad_bh	shex
72492752	deraakwordpress	 
540135012	EmilyAmraee	Emily
1584066241	alibozorgian	Ali Bozorgian
371875071	khers69	KHERS
14341131	roozbehdotnet	
598600732	jackthefatalist	
431668725	Hheshmatt	
1542912613	rahelehr	raheleh.r
14690170	PhillipOfAjam	P
447774915	adeleqalibaf	add_ell
3727936577	_kebrit	 
2769714516	LalehMonsef	Laleh Monsef
3399124558	Marii_Abdi	 
1184510671	stascapando	
973490311	BacheGorbe	Adagio
18424473	_Cafe	Cafe
356842518	GolrokhS	
1396552554	santiaaagoooo	  
1100641922	Mrqauf	
2647609783	_Dogmatist	
564844786	mohs5en	
894875454	AghBahman	Agh Bahman
2714403018	_Canceling	Cancel
2208981517	Geor9eAli	
239568115	habib62	habib
2196184346	mamadeti	 
2902902580	Azarestaaan	
55186127	HoseinVahdani	Hosein Vi
751176025	kevinmiston	Kevin Miston
484284489	SirHermesMarana	
4524415101	3_ndipity	
790659917107568640	mermaalad	Ellie Zahedi 
2279281220	alinshahab	Ali Nemati Shahab
1922151919	Nessngh	Nes
20834720	theReticent	Ilia Vakili
14638577	kargadan	
56319902	MasoudFatemi	Masoud Fatemi
1546354519	sh_janan	
1339624982	SaaNaaaZz	SaNaZ
1253635922	vagheanke	Shahab Javanmardy
3739682116	SheTweeting	Shahrzad Beheshtian
1047381535	jaan_daar	Jaandaar
470857299	AuHasardBalth	
46061625	NewshaSaremi	Niusha Saremi
451705078	jahangard4	
429560383	AydaPour	Ayda Pourasad
14490065	azoli	azooli
1377921709	kahoopich	 
852056086668562432	golnazsoltani	GOLNAZ
4223383694	ClemKruczynsky	Clementine
230147735	DasistJD	Jane Doe
2594204948	alirezamahmodi3	alirezamahmodi
1228319875	Golrokh88	Golrokh
411483717	K1sadri	
33478393	elhammoin	elimin
434413333	Moje2100	
99999538	Mirzadeee	
37204416	neg_s	negar
125139828	nazaninroghaye	Nazi
1511480538	__Bernard_	
353739343	oliverteeut	 
151349203	Kutlas_e_Kabir	Kutlas
24375268	india40	
739251613	pirate37b	
66970278	AzadehJoun	Azadeh
127178635	ghargharak	
2203231058	felaskechayi	
483994106	gandomsin	gandomgoon
624031683	mooshtebol	
4565124497	YouTdii	 
93473625	mina18aban	Mina
472852789	fateme_j	Fateme
1673735821	SShahsiah	 
1521752815	dadaist20	Dadaist
2551163102	itssaaar	
88433268	sibzaminikhorha	
2214869083	BehnoudMasoud	masoud behnoud
1349187420	fkeshavarz	Forough Keshavarz
2945599269	siamakansarii	Siamak Ansari
2238415077	sasanghelej	sasan ghelej
2516171059	rfi_y	 
457676025	sepiiidegh	sepide ghh
821885828	hastaloo	Hastaloo
873867872	Teymoursg	
2228762088	1hoseim	Hosein Norouzi
232814544	Hossein_Aghaa	 
203678193	shomare29	29
628118074	rezahn56	Reza Haghighatnejad
4624773153	t_alidoosti	Taraneh Alidoosti
1110143388	Sany___	Sanar
158462986	SunazZ	
800673013	RagNza	N
2286253674	saman0018	 
210682257	redchili2010	
3178328775	AghayePe	 
1522028761	musaesmaili	
187139551	_MehryarS_	MEHRYR.S 
12355832	opiums	Opium
1872820130	soormeh	soormeh
195224039	Mimabedi	 
96130616	alborz_z	Al
425985598	notoall	Sraan
2564931008	Seeeeher	
296382255	shimzing	Bored 
1136798288	Lil_Miil	 -
207031770	alaki_	Pourya Sharifi
2721296281	JalalSamiee	Jalal Samiee
14631088	goolih	
16914220	baharnarenj	
2622824865	the_big_Johnny	
323127279	stere_kh	
53746499	jamshid_mohebbi	 
707440129	FaziasS	
776242974	pooriast	Pooria Asteraky
1116427544	asysepid	
238330325	zirwanz	zirwan
3311853538	youngerbrotherr	younger brother
3023835104	ARRINKINKIN	
1530332280	ArezooA_	
2205167191	donya_meinhof	
287953764	rezamahmoudii	RZA
359342341	Nami_Alef	.
2193883470	Farshid928	Fashid
246433181	_migh	Milad
1495951248	hosseintanha89	 (UNESCO)
247273472	mangooleh	
271542214	shiiva8	 
145160803	longvoid	longvoid
14648025	rezaxiii	Reza XIV
171391062	FcEsteghlal	 
62634095	amirassan	AmirHassan
357541884	Sogol84	 
1691574356	SharghDaily	 
404218200	ahooel	Ahoo
138422490	nimsede	
4921131	nima	Nima Akbarpour 
518681801	fhinese	Hamed
3001583014	the_zhalzzz	Zhale
48538079	Shaamorti	
398413431	LaK_PaK	DeLaRaM
601234471	colonelaorliano	colonel
14567230	1mahraz	mahraz
1065252554	aahoovism	
2255375036	LUMPY_54	LUMPY
480737104	HamedTabaar	HamedTabaar
298383084	mmanij	
246930577	iran_time	   
255038870	1masochist	
293789869	Gagi_B	saghi
7424342	milaad	Mild
288487346	NastaranFor	Nastaran
4782551	Vahid	Vahid Online
367899368	nedsneds	nasoor
381797777	mam_mad	mohamad.masoumian
