862243010070945793	marzeh0	
872701305239855104	binam8810	D
831519910463434752	mostafatajzade	 
2355474654	Sandoogh	Sandoogh 
786886525753651201	Mhdadizadeh	hadi dadizadeh
96130616	alborz_z	Al
4462624581	m_arja_n	marjan
3131466466	abdollahram	AbdollahRamezanzadeh
853233671712669696	HT8589	Hossein Tahna
852981644420161537	chawtaar	Mr BigHand 
366559590	BeingNimra	
4073941822	__HanR	
3369245271	mou_seer	
1490525245	pesarack	
2850594323	MJ_Akbarin	AKBARIN
472852789	fateme_j	Fateme
2761328116	Candoooou	
2416257290	roshannorouzi	Roshan Norouzi
822175024782123008	Ennzocoli	
835934937081655296	LotfollahiAmin	Amin.L
834016652932952064	notion_01	notion
2776120300	absurd9555	  
1210995140	KavehBaghdadchi	Kaveh Baghdadchi
353552907	GhSoha	aansa
2724965099	maskandartabbat	
2582005813	Helmar_kh	
183206087	hadiahmadii	
809743447246733312	alimotahari_ir	Ali Motahari
35067843	iranbaan	Fershteh Ghazi
244232732	yasharsoltani	yashar soltani
311955214	uesaran	
3253587868	pariisam	
600062562	rotanik	rotanik
4202434203	_Bugles	
1964664444	paartizzann	
749551939483004928	bahmandaroshafa	 
751721055031586816	mah_sadeghi	 
603493190	icerose75	..
996638082	Ferrrrri	   
701514876204818432	elliounn	
264309749	z85510	
712943659096780800	negar_nk	Negar
396405629	maryami3	maryam
50579652	Khanoome_X	 
396408830	soodImim	Dos Santos
2234816707	ShabnamRahmati	 
3405249253	arenesmaili	Aren
3075474801	IranHistoryPics	Iran History Pics
151349203	Kutlas_e_Kabir	Kutlas
287088046	ReviverOrator	
3422770163	hamash110	
1371618385	Rouhani_ir	 
4897261432	itsmaryamcallin	Maryam
50565568	venzexo	ven
279522990	naghmezz	
2739841289	unluckylook	  
1691574356	SharghDaily	 
1522028761	musaesmaili	
2889896601	Hombilious	 
387184098	siamakka	 
2427624403	srnmhda	
2958304667	gorjico	 
285089763	negkhd	
4558668389	zamzamti	
440270645	oRRMo	
14516781	3tareh	3tareh
1256706829	zat_ara	
889782678	sanatayulmaz	snz
387930507	sajjadMzyn	SajjadM
3003434087	noonfee	
1646226361	Raavii_	
533118771	amiirbr	amiirbr
317091137	blookakazoo	blookakazoo
403992736	lamahsa52	
3900937816	_zirwan_	zirwanz
5976442	MardomAzar	ShaGhayeGh
755142367	sakene5	 
223772767	khoshbavar0	naele
3224916160	namiisann	
1091764088	khjkhjkhj98	
3023835104	ARRINKINKIN	
832754216	Aazzz77	Arzu
3029882540	Travis_Bickle9	 
62634095	amirassan	AmirHassan
1101528559	amirho3ee	
2442617371	Sesheh	 
1872820130	soormeh	soormeh
1904550685	St_ErFun	Shut Up Head
3423711914	Mr_amiri2020	 
3012132606	CaHa33	
1673735821	SShahsiah	 
3404096597	riraruri	 
554534768	shaghaaa	sha
974196661	Shindokht	 
1065252554	aahoovism	
2588075474	Jeberson101	
927743544	llleyla_	
1118826511	pishio1	  
245925753	_Haamed_	Hamed
3276597846	TMoheidin	
551730765	zahra2101	Zar
1058107008	Sanazz_h	SaaNaaZ
1697246160	KimiaaAl	
16914220	baharnarenj	
2205167191	donya_meinhof	
362518723	Rebe__cCaa	 
2693599770	_alphamin	min
629107318	EyL0t	
268958654	OstadAssadi	OstadAsadi
397951068	schwifterin	
2963943623	nmuseaoe	
2580871308	schrbtskyjr	 
1391562487	jimbeltarin	jimbel
3296177361	alii__mm	aliiim
70338768	AminLotf	Amin.Lam
3003039241	lawliet_90	xanefar
3172908592	9sshhss9	h.sara.h
226973327	GhzJabb	 
2281220292	ka1oon	Light seeker
2716805650	MisGhazalE	 
1062313886	Mehrshad996	
816489606	amirjikoo	Amir jikoo
1646009659	_vey__	
3036372179	Mehrnes	
3052117019	gha___zalll	Ghazal
3031229500	jupiter_np	
636936027	Seenvaav	.
404268423	SarviSad	
2623211	alephmim	aleph.mim
787360202	HIAMOVI_	hia-mo-vi
2913653027	MeRiTi__	
43288974	elrazez	Al
927276392	zafmaaar	Zafmar.jpg
2505554452	NOoGhRe	
1511480538	__Bernard_	
42804157	S090L	
99999538	Mirzadeee	
1328751476	Negaaru	
353196589	ShoreH_	
411483717	K1sadri	
2821242113	vaaniaamaatinaa	
1047381535	jaan_daar	Jaandaar
1585516842	Shokofeh9	
946338937	hid__	Nah
2362474561	_Taaher	TaHer
323127279	stere_kh	
1471020254	aghamin	 
2327069574	0111khs	 
1037424757	simsala3	rad
510074074	aalset_	
2586330775	itszol	zol
24375268	india40	
2282006784	MissMiiiim	
2196627649	shaboonmI	
296382255	shimzing	Bored 
403999527	Coffeeelizard	Coffee Stark 
908287398	amir1t	
464153086	_kiiyan	
2246074231	Solisal63	
796586552	Raaz_Es	Raaz
2615655384	leymm_	Ley
2193883470	Farshid928	Fashid
1650001394	Hadiiaan	
2615612538	Erfan_777	Erfan
2774644930	48kilooyi	terrorist
2235133873	o0nfs	
250784864	milad_d3	
536586198	Gri_ffinn	
2221671150	mc4930	49
156754511	avpml	
1153375556	Kaambil	
2233134438	SadraMohaqeq	Sadra Mohaghegh
951343620	_sad100_	100
32460469	Leemou	Neda
1234768950	neb_____	stephen
2647243230	Farazodin	
2227308599	Pepper0nii	 
1631154242	sllry	Parisa
1682726306	sarOllferi	
2314077164	blopblipp	Not like I'm Maddie
813630798	89darvinjeh	Li Li PuT
804474150	hermandovo	Amir
1266734438	lolita_mn91	lolita
1474390170	Negar_CI	NeGar
571966407	nasrolbandari	 
408701339	kickmehr	
574480420	_Taali_	
268261137	Kadkoudy	
1318375603	__SeeMore	
2723749248	heyejimi	.
125139828	nazaninroghaye	Nazi
1481949018	Vekktorr	ATARI
242807567	_aTaha	taha
1620130892	raz__mari	
1089662899	mino0ol	
1895233676	ForEverOskol	
255038870	1masochist	
315178519	black_m75	MamadReza
16829914	alooche	Alooche
105843433	detoxxfive	special K
