1494667153	Caloriefixes	Calorie fixes
784373478	Kallehicecream	 
883963102622101504	ElecomStars	Elecom Stars
803544791711621120	medario1	
4098243807	sahar_sobhani	Sahar
3792843857	karestanfilm	karestanfilm
1258367311	DrZhana	Zhana Vrangalova PhD
2356833078	kulturtava	Black & White
22078798	PracticeFusion	Practice Fusion
14130408	hadip	Hadi Partovi
14485678	apartovi	Ali Partovi
946876711	AzadehGhorashi	Azadeh Ghorashi
17220934	algore	Al Gore
168855019	danieltadros	Daniel Tadros
282466195	sunazi	Sanaz Sadooghi
711121549	Emyjamalian	Emy Jamalian 
8161232	richardbranson	Richard Branson
242797389	smtabatabaie	Mojtaba Tabatabaie
2444425802	MachinePix	Machine Pix
14379980	pejmannozad	Pejman Nozad
4714996129	PanteaDee	Pantea
9460682	ch9	Microsoft Channel 9
427705255	kaotickarizma	 
1253635922	vagheanke	Shahab Javanmardy
157267982	asadsafari	 
708215479861645313	adahealth	Ada
15506669	JeffBezos	Jeff Bezos
97613366	ToughMudder	Tough Mudder
807160149563547648	nemati_zahra	Zahra Nemati
802484116960612352	gabricdb	  
12901712	bchesky	Brian Chesky
1862055386	ShirinGeramiTri	Shirin Gerami
22330739	Benioff	Marc Benioff
759648139431337984	madarsho	
50073558	shahramshahkar	Shahram Shahkar
20834720	theReticent	Ilia Vakili
63114918	BabakHeydarii	Babak Heydari
419711595	hadiyalin	Hadi.Yalin
767277665753632768	rooziato	rooziato
13298072	TeslaMotors	Tesla
354406949	parniab	
4889684536	Gartner_SYM	Gartner Symposium
2933300131	_ITCafe_	 .
88703900	Rio2016_en	Rio 2016
52422878	Olympics	Olympics
605155763	sia_mac	Saa 
1390195350	dots	Dots
44196397	elonmusk	Elon Musk
1088062616	Hyundai_Global	Hyundai Worldwide
2721296281	JalalSamiee	Jalal Samiee
1703007992	BillRMcDermott	Bill McDermott
769315794	sepidehsaied	Sepideh Saied
62513246	jk_rowling	J.K. Rowling
127062637	omidkordestani	Omid Kordestani
46863210	jalilyonline	somaieh jalily
56768981	babahri	bagher bahri
3075474801	IranHistoryPics	Iran History Pics
4856552350	damorrrr	Damor Darvishi
3060519686	GoogleStore	Google Store
10876852	TheNextWeb	TNW
3974482083	11iranorg	11 Iran
2372164754	MeCookieMonster	Cookie Monster
962197608	elmo	Elmo
37916396	amirsedighi	Amir Sedighi
14592723	MayoClinic	Mayo Clinic
39250316	NIMHgov	Mental Health NIMH
1220592596	agg_star	Aggie Ebrahimi Bazaz
23114836	UnderArmour	Under Armour
204832963	TheTweetOfGod	God
12355832	opiums	Opium
25234311	Bodybuildingcom	Bodybuilding.com
3768837255	Roshanyyy	Roshanak At
14339672	nimaa	Nima Arabi
14885549	ForbesTech	Forbes Tech News
8841372	SAI	BI Tech
14492222	mohammad784	mohammad784
259725229	ValaAfshar	Vala Afshar
17154772	Nima1980	Nima
135072078	ponisha	ponisha
58320908	alireza2600	Ali Reza Sadeghian
1542533869	thereaIbanksy	banksy
1425914131	FIVBWorIdLeague	FIVB World League
1873140979	Iranvolleyball	Iran Volleyball
3307469111	_armaghan_	
2337438725	MotamediRoxana	Roxana Motamedi
7424342	milaad	Mild
149285529	danialbehzadi	 
17213309	MyASICS	MY ASICS
16334724	windowsdev	Windows Developer
175159769	efazati	Mohammad Efazati
71318202	Zoouup	Armin ranjbar
15192708	tavakkoli	Behnam Tavakkoli
46940399	goQueengo	Queen Harrison
789098306	DrDoctorApp	DrDoctor
402815453	Medopad	medopad
226887759	wrestling	World Wrestling
20533840	majidalavizadeh	Majid Alavizadeh
72406810	Clare_OC	Clare O'Connor
20249298	amirmasoudabdol	Amir
178646340	Sharareh_	Sharareh
131102007	IntThings	Billionaire Mindset
54502344	MercedesBenz	Mercedes-Benz
63359297	fbplatform	Facebook Developers
52000195	Sam_SM_	_Sam
70001932	EYnews	EY
13334762	github	GitHub
3737501	hadifarnoud	Hadi Farnoud
313119999	issavejdani	Issa Vejdani
200163448	TheAcademy	The Academy
321915245	IranWebFestival	iwmf 96
1059622782	aha_io	Aha!
2982335805	Ibridgesfest	iBridge Festival
225539878	MichaelPhelps	Michael Phelps
2729131	Mardetanha	Mardetanha
78185470	afcasiancup	AFC Asian Cup
15460048	MIT	MIT
91399858	ffooladi	Farid Fooladi
19471190	coachjenny	Jenny Hadfield
15218288	mimnajafi	Mohammad Najafi
49293549	seifmohammadi	  
2719240518	bamilofashion	Bamilo Fashion
187608227	mhmdrzm	
2909707746	TechCafeTV	 
2721069786	avatech_ir	Avatech Accelerator
377215935	pouyakondori	Pouya Kondori
2613755096	HackaTehran	Hacka Tehran
56319902	MasoudFatemi	Masoud Fatemi
57614044	superbrose	Ference Brose
6029522	jadi	jadi
14723545	tehran	Shahram Sharif
306221442	mmz6	Mohammad M Zarei
16423109	RED	(RED)
2229944281	runmarycain	Mary Cain
908064878	ITFeeds	 
2769590101	Persianpreneur	Persianpreneur
1066595227	AmirR3zaM	Amirreza Mohammadi
2383494668	Hamfekr_tehran	Hamfekr Tehran
20094535	CampaignBrands	Campaign: Brands
816953784	mahkhademi	mahboobeh khademi
74580436	AppleMusic	Apple Music
57016932	Porsche	Porsche
9621242	theanother	Pooya Mahmoodian
1900911644	VisaUK	Visa UK
2287739342	sarvcrm	Sarv CRM
60659498	Cartier	Cartier
2784027167	Lili_shahnaz	Lili Shahnaz
2731150020	TomMSFT	Tom Action
90460416	kavak61	Kaveh Akbarzadeh
1430344646	hrahmadi8	Hamidreza Ahmadi
2394891397	HTC_Design	HTC Design
561123235	RangiRangiMag	RangiRangi
2565677404	bayan	Bayan
761996030	adrimation	Adrian Machayekhy
518666332	majidsh60	Majid.Sheikhlar
2274653292	Tedxkish	TEDx Kish
2644401000	Farang_ir	
2491000489	Eranico_com	Eranico News
2204334012	WiseUpCommunity	Wise Up Community
1070104556	maedeXmokhtari	Maedeh Mokhtari
434082037	soheilbro	Soheil
32171828	ASICSamerica	ASICS America
51263711	googleanalytics	Google Analytics
749963	pierre	Pierre Omidyar
14761795	TEDchris	Chris Anderson
19506790	sherylsandberg	Sheryl Sandberg
1899161	dbfarber	Dan Farber
436617019	BehrozBakhtiari	Behrouz Bakhtiari
38190507	itunesfestival	iTunes Festival
14377870	MailChimp	MailChimp
370388487	ali_haddadkar	Ali Haddad
6167132	arashzd	Arash Zad
30912137	Brocade	Brocade
61762300	vohooshi	Amir Vohooshi
357750891	TwitterMktg	Twitter Marketing
262333936	KevinFarzad	Kevin Farzad
885130994	MasoodBarzi	Masood Barzi
2149693808	RWElites	RW Elite News
204817833	RunningQuotes	Real Runners
14882900	runnersworld	Runner's World
337726224	NikeRunning	Nike+ Run Club
145978797	NeuroNiMa	 
2613475285	Arshan_mgh	arshan maghsoodloo
2459371	Skype	Skype
2281044080	GoogleForEntrep	Google4Entrepreneurs
64733715	Net10_Wireless	NET10
318416179	RVahidian	Reyhaneh Vahidian
45135646	ghanemzadeh	Nasser Ghanemzadeh
16583526	Paknevis	Sadjad Jahangard
300392950	TwitterSports	Twitter Sports
222953824	TwitterGov	Twitter Government
1526228120	TwitterData	Twitter Data
1598986688	AndroidOrigin	AndroidOrigin
219683269	adidasfootball	adidas Football
1614869923	marmarak81	BabyMaryam
399366975	AirDroidTeam	AirDroid
2348239135	Digikalacom	 | Digikala
14735121	MazJobrani	MazJobrani
1607955728	Peivast	 
15842715	manigh	mani
2331584635	Digiato	Digiato
