614987519	osip_ha	Osip
3757358713	shabgarde191	
4410997053	me__Sam	
717819180997849090	arsalanmaani	meerzaa
3658332137	Hourtaab	Khashayar | 
801168056059707392	Vess98	Vessi
272273625	HerrHohenheim	Takavar Mim.
53238154	howiemandel	Howie Mandel
720299196625002496	gypsygal1800	
3314223935	SohailjanFA	 
1286250932	PARlVASH	
51108867	WoodwardSpanish	Learn Spanish
19747261	SpanishDict	SpanishDict
14125572	spanishlanguage	Spanish Language
82476570	Vamospanish	Vamos Spanish School
81076073	wlingua	wlingua.com
795989033092546560	RaftersLangs	Rafter's Languages
196225450	BariranB	Bariran
70651033	KHOSHGHAMAT	  
2370705595	Jalal_lionn	 
105170332	Pensylvani	maktoub
57107167	twibbon	Twibbon
1604384304	prolterr	
777157345092575232	allegro1991	Red Beard
107238136	duolingo	Duolingo
1172795293	shitduosays	Shit Duolingo Says
200012444	b3hroozam	Behroozam
27420881	HasanBardal	 
1867193580	Yokhda	 
556791838	node_rat	
294847354	yashjavid	
269941857	mozhgoun	
2828605363	robin_o_o_	
798503822037491712	Saounidas	 
869195446954151936	monaa_lazy	
2575440769	AbdolrezaKahani	Abdolreza Kahani
765538138118877185	taherehjavid	
4782551	Vahid	Vahid Online
336178254	F0gMind	Vnus
877656276	adamizadi	
475007946	KingamiKenshi	Kenshi Kingami 
4375499121	ohdeer4	
14873102	ArashBahmani	Arash Bahmani
769865604	BatistutaStory	
321882513	Baahaaraan	 
210719582	asadgharighi	
731452976670384128	dalodivoneh	T
3006442065	GiovanniGipa	Giovanni Papa
343875193	teeyamaat	Reza Zavari
1160106757	El_Hypnos	
414674400	SZafarany	Saeed Zafarany
866521906022944768	ostad_yoda	 
2571827435	nargesrajabi1	r
320241730	sosaqar	
845840972	seyedaminhabibi	
54453898	FloridaCraftArt	Florida CraftArt
271544128	studio620	Studio@620
407856093	PinellasArts	Creative Pinellas
3326785339	frequencysoup	Tania
2985962944	ReformationsUk	Reformations.co.uk
160743418	ToneXComedy	Tone-X
1651978836	RT_istStatement	My Artist Statement
138415320	xslazz	Taylor Cook
726531218	arghavaniiii	 
856604750757933056	Atbinm1	Albert Camus
357541884	Sogol84	 
3322462172	I4U6_IV	  
733637005834211328	armansalehiwrtr	arman salehi
2336733762	ketabha	
2420363676	qafaseh	
827974481843015680	saminmohajerani	Samin Mohajerani
255038870	1masochist	
717671603107143680	Mossartt	MosarT
45293223	newseijiro	newseijiro
4031816474	ahvalpors	
225089537	eghlimam	Dr. Eqlima
727116732641333248	alimatlabs	ali matlab
843650366	DarrkGlobe	  
1490525245	pesarack	
27712022	JoseArcadioXVI	Erfan Mojib
819981807689039872	najafi_tehrani	 
143373762	MehdiMMJ	Mehdi MMJ
28842565	Moteasefam	R3ZA
1667371002	plaque9	
2205167191	donya_meinhof	
212539645	PotkBeDast	  
3389906399	nilology	
2572605858	srsssh	Fullmetal Geek
2444309917	quiestK	
88433268	sibzaminikhorha	
841665113836904448	NMorshedzade	Nafisemorshedzade
2228762088	1hoseim	Hosein Norouzi
856497684521373697	Hashemi_Taba	 
14690170	PhillipOfAjam	P
1045742648	OnlyHesam	IQ 
16326063	samousavia	
802817024632168448	abedishahroudi	 
244232732	yasharsoltani	yashar soltani
587885385	amiryaghoubali	Amir Yaghoubali
581554897	papakoorosh	Koorosh Ranjbar
2611680212	sobhansarir	Sobhan Sarir
1495951248	hosseintanha89	 (UNESCO)
742402098	Namak_1	 
35670539	mmosafer	M.Mosafer
14705964	makanmehr	Makan Mehrpouya
33493951	fardaa88	Fardaa
2781800388	TheNadiest	 
370808131	KhodNeviss	
2571188893	RezaDehaki	RezaDehaki
94789918	samanoqo	Saman Sadeghi
439235111	II76III47	
1904550685	St_ErFun	Shut Up Head
95657218	_MOJ1	
2647609783	_Dogmatist	
704177576978219008	asieh_bakeri	asieh bakeri
753570561842970624	iamalirezanouri	Alireza nouri
1295050039	3pithe	S E P I D E H
14567230	1mahraz	mahraz
798335858	mmemarian	Mohammad Memarian
63191935	nasserrafie	Nomad
1479542838	hami0341y	 
89673662	Xerxes_II	Masoud
1133628528	Tyler_Durrdenn	 
