874716714562441216	nazi_hm	
20834720	theReticent	Ilia Vakili
1227164316	hamedasoloot	hamed a.soloot
1511480538	__Bernard_	
854595619	sosha999	Peyman Yazdani
2373558938	TheDIYcrafts	5-Minute Crafts
429383407	HappyM0on	  
1377921709	kahoopich	 
888643327876366336	elaheh_koolaee	 
780969989771816960	Siavash_1992	
819556707688992772	rooobah_naranji	  
825488747345113088	nuserc	
145160803	longvoid	longvoid
14567230	1mahraz	mahraz
4897803268	h0d3r_fa	 
46772441	sepehrifar	Tara Sepehri Far
1151010715	theflyingclass	 
751203360058007552	morteza_rohani	Morteza Rohani
762973952377495552	jbombii	Jason
793404671293583360	tsedgrof	fog
1130816983	CamDigLib	CambridgeDigitalLib
14851948	Katayoon	 
52716680	hamedshafeian	Hamed Shafeian
743061781657092096	alopeyk	alopeyk
273478225	xentrixus	 
561684253	HornyFacts	Horny Facts
1920639614	Khanumgol1997	 
182940485	behnoush_h	Behnoush
744991917474201600	Aghaye_Mojri	 
912005490	ma_ahangaran	  
797008195088748549	KaafTeh	
752533721534885888	PrVAMT	
864952866137661440	ZizMou	Ziz Mou
863683513408774147	ElhamFakhari	 
847122787042967554	zahra_nezhad	zahra nezhadbahram
844256508976218112	sadrazamnouri	Zahra Sadrazamnouri
862093905453608960	N_Khodakarami	Nahid Khodakarami
2412846020	PejmanRahbar	Pejman Rahbar
873883357863714816	minavandmehrdad	Mehrdad Minavand
2902902580	Azarestaaan	
718903491067043841	Dr_Geller1996	 
1349187420	fkeshavarz	Forough Keshavarz
46061625	NewshaSaremi	Niusha Saremi
821885828	hastaloo	Hastaloo
1580884105	hooshmandk	
14498809	smto	Somayeh Tohidlou
24375268	india40	
277518391	baiil	alibi
2853471434	ehsan_rastgar	 
2716942388	parsiyak	Pardis
862144474444685312	TallPlayer7	 
1530332280	ArezooA_	
3198261067	CringeDaiIy	Cringe Daily
863159368988151809	snapp_driver_	 
235287669	SMortezaH	 - 
845561704704626688	somi_beh	 
5514192	kenradio	Ken Rutkowski
21001534	audible_com	Audible
364637012	jaabejaa	 
2212132470	ArashGharighi	
798335858	mmemarian	Mohammad Memarian
819211929122127876	Natoor95	
253004443	ThomasErdbrink	Thomas Erdbrink
181198159	HichkasOfficial	Hichkas
4538783414	azdla	
2850631380	mehdi11b11	mehdi
851362340033486848	zigplus	Zig Plus
1554405398	mamaly9	  
247440165	mhjamshidi	 
1225513884	hosseinhamdieh	 
860964994988597252	Se4Saal	    
858619959316013056	p3d7am	pd
994511047	hesamodin1	hesam ashena
814231264765026305	Eshaq_jahangiri	 
4070890694	Ctrl_STD	Ctrl+S
856497684521373697	Hashemi_Taba	 
143896671	Kaleme	
4099452917	_hallajam	   
96394122	abtahi_m	Mohamad Ali Abtahi
831519910463434752	mostafatajzade	 
3131466466	abdollahram	AbdollahRamezanzadeh
6029522	jadi	jadi
59553554	Wendys	Wendy's
836574312337387520	shimaostadi	   
369320873	vinarsah	  
706566147412529152	kinghasti	 
989456581	dimneh	
2858397523	vaeeid	 
484921502	un00sha	
2196627649	shaboonmI	
749551939483004928	bahmandaroshafa	 
2233134438	SadraMohaqeq	Sadra Mohaghegh
533118771	amiirbr	amiirbr
712109892916678656	mahdi_borjian	Mahdi Borjian
2870467090	MJalaeipour	 
2237397852	amirebtehaj	amir ebtehaj
213745334	LuisSuarez9	Luis Suarez
96951800	FCBarcelona	FC Barcelona
1633436996	ArtNudesDaily	Artistic Nudes
434442640	shaakhtaar	Shakhtar
3184984952	Attefeh	Attefeh Falah
727565064031617024	Inn_Iran	InnIran
344213805	StrategicSteph	Stephanie Huston
44274457	zim2918	Lee Zimmerman
1380971438	ColorsEffect	Cinema Palettes
829634360	CityzenByAzin	CityzenByAzin
1946196584	navid_bhz	Navid Borhanzehi
104517739	AnoushehAnsari	Anousheh Ansari
11397942	Lameei	Mostafa Lameei
826309249315725312	TrumpDraws	Trump Draws
2568598420	puff_stitch	 
17850785	larrykim	Larry Kim
43192340	JackPhan	Jack Phan
129735239	chargoon	Chargoon
349090479	Sabasib	Saba
215882148	cakewhiz	Cake Whiz
220081060	_aldaba_	
2427624403	srnmhda	
3271605907	AleeSoumi	AleeS
2735512238	baahaarii	
1615874917	RoshanakRoshi	Roshanak Rouzbehani
1634854514	khatami_ir	Mohammad Khatami
96015063	pouriaalami	Pouria Alami
15492359	TEDTalks	TED Talks
1873140979	Iranvolleyball	Iran Volleyball
774187063	BuzzFeedFood	BuzzFeed Food
3375357046	snappfood	Snappfood
827305900637462528	Hiro__1M	
1522028761	musaesmaili	
2446077384	Aftab_Naghashi	Narges Moosavi
890742182	Varzesh3	Varzesh3
1584066241	alibozorgian	Ali Bozorgian
1872820130	soormeh	soormeh
80556837	dsahba	sahba
204832963	TheTweetOfGod	God
96130616	alborz_z	Al
505501475	AzadeTehrani	 
326359913	CHANEL	CHANEL
853290625	TwitteeTod	
366010246	evanrachelwood	#EvanRachelWould
973490311	BacheGorbe	Adagio
55117855	amyschumer	Amy Schumer
409486555	MichelleObama	Michelle Obama
2889896601	Hombilious	 
14690170	PhillipOfAjam	P
313881963	GitaAzari	
52378518	yekleh	kazem
713810570705653760	ManiFarsaie	Manifes
253008044	Mehrnooshz	Mehrnoosh
33330562	Keurig	Keurig
2293315159	ObamaFoundation	The Obama Foundation
2479698715	mejidrnjbr	Majid
1161795360	AidaAhadiany	Aida Ahadiany
87653387	zekipedia	
813286	BarackObama	Barack Obama
2234640481	OmidMohaddes	Omid Mohaddes
2416257290	roshannorouzi	Roshan Norouzi
786995841500340224	BarbariKonjedi	 
2887757585	Hasanplays	The Hasan One
1691574356	SharghDaily	 
3044877227	Khatamimedia	Khatami Media
3556885452	kingpoto	Photos
3727936577	_kebrit	 
1932851846	araghchi	Seyed Abbas Araghchi
1962661579	z_siver	zeinab esmaeili
107795399	adriangrenier	Adrian Grenier
133880286	LeoDiCaprio	Leonardo DiCaprio
15007149	JohnKerry	John Kerry
1404590618	HassanRouhani	Hassan Rouhani
413487212	SimonCowell	Simon Cowell
323461680	fahimez	Fahime
2164583325	ebtekarm	Massoumeh Ebtekar
47813521	JZarif	Javad Zarif
894875454	AghBahman	Agh Bahman
211109927	shatobery	Shahin A. Tabary
2932542566	EntMagazine	Entrepreneur
55796372	ashourinia	Arash Ashourinia
1879605918	Tarjomaan_com	
55186127	HoseinVahdani	Hosein Vi
19777398	FallonTonight	Fallon Tonight
19777398	FallonTonight	Fallon Tonight
15846407	TheEllenShow	Ellen DeGeneres
1018728403	EntInspire	Entrepreneur Inspire
1371618385	Rouhani_ir	 
2164626723	ebtekarm_ir	 
1600742850	mowlaverdi	 
4624773153	t_alidoosti	Taraneh Alidoosti
4472362601	garytaylorceo	Gary Taylor
293681367	marzie_r	Marzie
1480319263	35degree	35
484284489	SirHermesMarana	
2509665842	TeamMelliIran	Team Melli IRAN
844144465	badkhah	
17539739	CaseFoundation	Case Foundation
153140346	MSNBCYourBiz	MSNBC Your Business
19407053	Entrepreneur	Entrepreneur
15485441	jimmyfallon	jimmy fallon
2939313922	MahurNegar	 MahurNegar
70302126	amiisen	
2330857326	siniorzambi	 
