949368138	Mmlseul	 
2333082048	calorietuts	Calorie Tuts
816254511106789376	Mehrnoo45442559	
1882246692	_sakanoue	S@KANOUE
732301153371889664	hadism__	
279974420	pouriyaS7	
852417600768364544	Anatom_y_	
2622824865	the_big_Johnny	
2517789566	Marshmalow1992	Shokoofe
563237464	yasinsb	Yasin
704092940034056194	mprlred	
1689288810	zaaqoo	
870261658743996417	Halfhhalfh	   
3374012465	QahveChiii	
283657153	Gentlemaghz	Erekhsh
48430724	fedra_j	fedra
848187256032645122	_zaahraaa	zahra
2329928592	Dr_fisi	
774894898717794304	mahdismn	
3257961858	m_k_t4ar	 
798078039431254016	iman_f94	doki
2891532419	Farri_gh	
280159068	mr_veey	Vey
2992837131	Faribastill	..
738835564942786560	jameeshenas	 
717733150814814208	malkamkhan	
824766970037956610	rmdios_Labeilla	  .
2795074259	Refigh_	
2335299110	nazanin6666	   
760167761293303808	molim3karbalaei	molim3
867803606522540032	mrsobeil	 
3422884427	mrymuu	
427373655	reyhoons	Reyhan
152163577	Yazdown	
2855439952	pantheach	pnthe
2285099060	baronhavatodare	.
3816035237	AminKh64641	
3124214812	pmiliii	  
1636476440	shaiyian	N
484921502	un00sha	
3191178873	q0gha	 
37350044	Kurt_Vonnegut	Kurt Vonnegut
1318375603	__SeeMore	
554186729	NaHann_13	 
3546331721	sajedehasd	
705807268835672064	fjamie013	James Fridman
769066177012326400	mehreveh3	Mehraveh
176429192	sexual_pasion	Sexual Gifs 
1078287655	UnrevealedTips	Knowledge
2877400789	Ourgaylove	Our Gay Love
822215698076356609	GhazAAle__	
737770384003452928	Matrixsistian	
852056086668562432	golnazsoltani	GOLNAZ
199011681	Hiradk	Hirad
790528711250550784	IranLaborRights	 
286805830	Arsesbachanparr	  
732075575041511424	Abdolmartin	 
253442919	Banco__	
2419034480	Alice6fa	  
713740266327289856	Eynvida	   
839819738532442113	rezamozafario2	reza mozafari
790659917107568640	mermaalad	Ellie Zahedi 
4098778553	jahangard3	
801138938463289345	shahabimos	
4794985346	M4ro0on	
822312676143415298	sosexuaI	
25731138	fandoq	
2212778208	misSsSs_X	Mis X
4153038432	eldiablo19955	 
1511480538	__Bernard_	
847539535	yas2i	  
1646009659	_vey__	
574410344	Narvan_Carmir	
2894536492	antigone1113	
781721931334639616	bonnietarin	
704729068814467072	AmooMoein	 
4070890694	Ctrl_STD	Ctrl+S
735376152311791616	Shiiimiii__	  
60031952	_nacm_	
751782422329581569	tintintemin	 
781868153211150336	zeinaB7675	  
803317254104477697	poniyoooo	
53746499	jamshid_mohebbi	 
4457694141	90sgirl___	o
3556885452	kingpoto	Photos
543660237	beygoo	Begi
2597825065	emilipoolen72	 
2905345601	Miiminor	 
728951887190462464	sepsepooli	 
725068891169370113	FuckedUpFatemeh	
1324753417	shinlady17	
2188166987	marliiina3	.*.**.*.
96731198	CallMePennyO	
714290383094734848	shkve	
970083602	soheiiiil	
2492359679	93_shahab	  
3206965942	ketab_doost	
2587180302	DaiIySexSuppIy_	Daily Sex Supply
770410157427814400	Jackie_chan_P	 
470857299	AuHasardBalth	
2772196499	aphroditetam	@elaheh_hj
793516640369569792	fuckinpv2	
739888472551510022	YasehChay	 
4774158020	parisa__fh	parisa
548581706	ItsMetalshadow	
142839300	DanBilzerian	Dan Bilzerian
719980284821827588	forgottenblanc	
35670539	mmosafer	M.Mosafer
818214924031660032	sandrom_mim	 
2752639376	zezeafsane	Ze Ze
3261084875	bella__vita	
2155675939	hiddeeen	 
753342776	Caramello2quett	 
3356947570	sertraline7394	
4811681886	OPT_user	  
1626422784	KhalilOghab	 
2853706293	JimSho1	
1396552554	santiaaagoooo	  
3136930256	Relax_accountan	  
392114023	HosseinMahini	Hossein Mahini
728880614124982272	regardscoupable	Regards Coupables
2997566320	bahmanward1994	  
744898383064621057	Virengaar	
62634095	amirassan	AmirHassan
774231346285842433	videogeram	Videogeram
1076891778	sajjadsat	
1679741827	amoomame	  
2728901496	hazratedoost	 
1899606800	KiavashR	
15802230	kamran88770	 
1063442828	G98radin	 :]]
1495951248	hosseintanha89	 (UNESCO)
710945129297674241	fatimarad1997	
738389209736699904	rtbornaa	 
289552770	jighoo	
169943731	sinsinjon	
794187928356458496	GoliJaaan	 
3396809325	farabanoo	
2638170999	negfuqinrisa	
1330739544	rahhaai	
746252170031472640	biiig_baaang1	
703707988184399872	NilDovses	 
125139828	nazaninroghaye	Nazi
2994151281	HarleyQuinn_md_	
3320450251	Tabiibam	   
534743719	AverageCtizen	 
348498840	m0hagh	
508809710	BBCHoseinSharif	Hossein Sharif
2875128151	Begamind1	
628276440	SaraKmz	
866757470	komeaz	Faust
2600294838	sam_hasdam	 
4076586852	pouriiio	   
1106557328	shahi__n	
707961003015856128	nassiiis	
705166757733015552	melody2121313	
3242236239	bohluol	
2546422675	xiSogandx	
787045551980343297	Ssh43063010	lili
782573208985739266	kianmehrr	  
1324546226	Parysatiis	 
783590702164967424	omidvar1374	
2940473780	Goraz_23	 
1940732744	___lvl___	 
783416914613719044	JaryanYab	
764072303613321216	taentehacom	 
239687838	4shaahin4	  
718547845641543680	naseredishnah	 
2314077164	blopblipp	Not like I'm Maddie
1872820130	soormeh	soormeh
986746398	yoradelrey	 
204832963	TheTweetOfGod	God
3040925963	b3hnam_SB	 
2625930101	crowfooot	Miles Away
88484535	aQaGorGe	aQa GorGe
3133499244	seymajid	
989182734	officialfawiki	 
1927297616	miss_janan	
1726441796	Itzmazzz	 
4877714230	amo_nikotin	 
4697790452	Dardeshab	  Khan Snow
1146382622	Chissttaa	 
715508132496207873	BasheKhob	 
4862917600	Arbabi_Pouyan	POUYAn
751691558865346560	Minaauiia	 
708301084180226049	MoElinazom	   
3780415212	lesgiigg	
1160792402	yekvakil	
4000644370	Faezze3	
471022109	9GAGTweets	9GAG Tweets
2613559364	erfanlarijani	 
48951603	lazyhaniye	 
726754417689636866	Elaheh_hj	elaheh
136529072	Bayonsa	
2427624403	srnmhda	
2223011066	NPeykartarash	| pet pet|
711270390690127872	maghz_in_shit	
247273472	mangooleh	
4836726076	tannazZz7	
751508606638579712	shirinasaaal	
