392114023	HosseinMahini	Hossein Mahini
94789918	samanoqo	Saman Sadeghi
831519910463434752	mostafatajzade	 
53468235	hrezaee	Habib Rezaee
4532061	Rouzbehva	Rouzbeh VA
2412846020	PejmanRahbar	Pejman Rahbar
16829914	alooche	Alooche
223122702	islamizad	Milad Islamizad
1161795360	AidaAhadiany	Aida Ahadiany
2254982313	farshadslt	
768380839294042113	Bozorgmehr_h	BozorgmehrHoseinpour
169179541	mamlekate	
2233134438	SadraMohaqeq	Sadra Mohaghegh
246837594	baharerahnama	Bahare Rahnama
2509665842	TeamMelliIran	Team Melli IRAN
748992272272941057	ElhamPavehnejad	Elham Pavehnejad
128412833	AliAzimiMusic	Ali Azimi
19919875	kambizhosseini	Kambiz Hosseini
28066831	sinavaliollah	Sina Valiollah
512082780	reihanetaravati	Reihane Taravati
14897852	MAS_	MAS
4782551	Vahid	Vahid Online
183072836	BahramRadan	Bahram Radan
2721296281	JalalSamiee	Jalal Samiee
4921131	nima	Nima Akbarpour 
12355832	opiums	Opium
1726305288	AfsharMahnaz	Mahnaz Afshar
3075474801	IranHistoryPics	Iran History Pics
4624773153	t_alidoosti	Taraneh Alidoosti
2234816707	ShabnamRahmati	 
3345635997	armanhossseini	Arman Hosseini
1691574356	SharghDaily	 
15057943	MuseumModernArt	Museum of Modern Art
22061737	AiANews	Art in America
22009731	DesignMuseum	Design Museum
18228898	johnlegend	John Legend
1404590618	HassanRouhani	Hassan Rouhani
47813521	JZarif	Javad Zarif
