1540418947	orgasmia752	ORGASMA
1022904800	sexx_freak	SexxFreakz727k
849867090727141377	Mirkarimii	Reza Mirkarimi
863683513408774147	ElhamFakhari	 
723990333734944768	m_13archi	 
618068420	khashayargiar	 
2841466823	pussy_eater699	Satanic thoughts
22131023	bartolomeew	Barthlmew
1610121559	iwantafuckingid	Nast's lack of money
867138543369555969	Anaaphar	
1920639614	Khanumgol1997	 
2717868820	Nona71117	 
860964994988597252	Se4Saal	    
4250674173	ely_shahy	
241099107	balvvaa	Ghazal
702096838921494528	GomShoDeH_	GomShoDeH
837763021749501952	shararehL17	ShararehLavasani
857284971693735936	BehnamMrd	Behnam MRD
267661290	erfan_33	erfan kashani
452194375	idpxxx	TE 292
703126952756924418	NegarArdalan	 
715598234429886464	Rozh_I	
798217602950631424	bznsnnzj9	  
840996322681352192	mitil69	  
484921502	un00sha	
1964664444	paartizzann	
60031952	_nacm_	
305215049	Negggar	NeGaR
240630212	AzZyAsbOurne	AZzy
700713419008118784	HijapPorno	Hijap porno
814487435556036610	forouz_pi	Forouz
2217128820	ProbIemSolved	Problem Solved
2491261025	dirtydaddysex	Sadistic Taboo Daddy
793518572622516224	hmd401231	AbuAli
2214869083	BehnoudMasoud	masoud behnoud
121077756	Rouhania	   
2931691059	DomalanSemra	Fun girl 366K 
1856007685	miavianet	MiaVianet614K
17683294	Rocco_Siffredi	Rocco Siffredi
781586530192199681	John100K_	Sex_videos_4U
800661396660723713	shooka251	
14241468	stoya	Stoya
3235811654	S_s2sanaz	 
2903076308	BearFazie	faziebear
1417395348	nakedselfiez	Deadpool 180K
1654181677	AmorVIPcom	Mia Prepago
548327819	kissmylilstar	KISSMYSTAR  115K
217106097	reza_eydak	Reza
2408970780	KatheKollwitzz	 
3350933493	girls_pornx	Porno  247K
1589340062	NiloofarMM	niloofar mansoori
2296602492	BoobsVIP	Boobs VIP
1689288810	zaaqoo	
1511480538	__Bernard_	
483406476	pari_banoo	 
3275328458	hsyts	  :|
753193171912392704	_ladyprecious_	
870788406	fatemehshahbaz1	fatishaah
3280697491	baharanm	baharan
723543603113431040	Miiiss_Boss	Miss Boss
743159981592186880	3ePiiiiD	SePiii
762215917837164545	sammandon	
2982463117	moolookkk	
2656854650	magila_sd	
2473302408	Flameswine	
867187434	feriinoosh	Feriinoosh
46848945	marYy_a	
396405629	maryami3	maryam
2492935148	pluie_seul	
4524415101	3_ndipity	
701078623059582977	Barffffff	
65865392	pemiphilo	Pemi  o
232814544	Hossein_Aghaa	 
198324192	Rol3erto	
15086510	pngle	PnGle SeleYeR
979042861	behzad_bh	shex
721072262	baharak1975	 
783296016	maryamtd1	MaryamTd
204832963	TheTweetOfGod	God
434413333	Moje2100	
269941857	mozhgoun	
318353901	CmpiChism	Serebro
427691831	fiirewoorkss	
1597869073	___saraab___	
889782678	sanatayulmaz	snz
2794480964	LowfatMb	lowfat
4628489566	takanume	
472852789	fateme_j	Fateme
412132135	talooo_88	
1604339905	HadisTorbatiyan	Hadissiana
317091137	blookakazoo	blookakazoo
4864643339	mahtazahedii	Mahta
708796256945098753	Levinov1993	  21
718730053874360320	rabeeh_akbari	Rab Rab
755142367	sakene5	 
717835829524238337	reyhimi044	rehi
73037257	maryamCR	C.R.
728567544156655616	___lilyin___	lily
1651633051	semi_calen	lalik
73327432	ffahima	fahima
3730247057	Elham12112875	  
397537398	callmeyasa	
736593435323424772	MahmoodpourSaba	  
4864779897	nil_l4	
195295198	guilaneh	saba r
742080507438108672	mortelle__	
4902377147	TanbalKhatoon	TANBAL.KHATOON
751272567822905351	Hosseinamirifar	
753570561842970624	iamalirezanouri	Alireza nouri
368570592	I_am_atsign	 
756527447613575169	ilamakf	FT
3249585830	mahdis_sho	!
3364902051	AMokhatab	Alireza Mokhatab
736241412740648965	b_aleph	  
557068550	bibinazz	bibi
759447589775347714	Aanaahiita1989	 
4709829002	Sorooshka	
736452428460109824	parnainov	Mary
766600228564787200	Belfiiiii	 
727751011742429184	zarfarmad	zar
516478859	lvlarzieh_t	MR
2713941398	KimiaHeydary	 
44857900	pooyashaahsiaah	Pooya Shahsiah
2567637967	claratrack	   
3131435770	Belfiiiiiiiiiii	Belfi
246837594	baharerahnama	Bahare Rahnama
1094704862	parniann66	 
1872820130	soormeh	soormeh
407278040	alskvrda	
588039170	sara80ma	
15448418	roOzhin	!
719039958	KamaleTassof	 
703956691994451968	sia_catkitty	
470857299	AuHasardBalth	
915295585	Negaatiwe	
108721610	ali_lashkari	  
14684242	lvlalvlaD	
723574048865816576	68s86r	 
525233905	almostgaveafck	Gaveafuck
256961773	FAR_NAZ85	Farnaz
739251613	pirate37b	
2945599269	siamakansarii	Siamak Ansari
3727936577	_kebrit	 
4194073174	Loofi13	Loofi
715181804689428481	cuttlas_nabi	 
1617526993	radiochehrazi	 
1564014571	AmirFMansoori	Amir Fereydoon
3027823469	fuckforlust	AdultSlutFinder 33K
255038870	1masochist	
3142671222	TitsNatural	aa
2342444876	MyBooBsEU	MyBoobs.eu *120k*
2920137757	karlaclijster	 BBS GLBAL 
28161405	BoobsRadley	Julieanne Smolinski
