57107167	twibbon	Twibbon
734312483356344320	footfuniran	
2809141976	_nemoooo	Nemo
883022765535645696	shahrzaadmir	shahrzadow
22061824	ehsan_s	 
3143094618	shahrvand_paper	 
22131023	bartolomeew	Barthlmew
820738028536791040	RoundYearF	Round Year Fun
1422957211	3pnood	UFOBB
873883357863714816	minavandmehrdad	Mehrdad Minavand
2239793376	soulkeeper_89	
381361654	mahsaee	mahsaee
809346933026418689	parakandegi	Saa
3313382326	Mimozim	MimoZ
717284938333167616	ElizBatho	Elizabeth Bathory
245268583	foroughsoroush	Forough
859503372055007233	eliizabeth_ben	 
852056086668562432	golnazsoltani	GOLNAZ
80556837	dsahba	sahba
287088046	ReviverOrator	
866382409876590592	Maashaallaa	
733425224922861568	itacalvino_	
3310530965	Valeriiianaaa	 
411483717	K1sadri	
727184171915993089	1shekastani	blank
865330616568557568	meeh_rayisi	MEEH
728879602987347968	MotahareParsi	Motahare Parsi
279522990	naghmezz	
2446077384	Aftab_Naghashi	Narges Moosavi
3399124558	Marii_Abdi	 
708744822186704897	eternalshiit	
543660237	beygoo	Begi
2539232224	amirhoscein	Amirhossein/EI
3521135901	RasoulFatehi	Rasoul fateh
1930828290	_far_in	FariN
864042450419163136	navidmamza	Navid Mohamadzadeh
706436309	NikkiShyk	nikki
3245408322	Sahbasad	sd
754918338	foreverbedehkar	
2835785199	avaaaaaan	
3051805278	Taaannaz	Tannaz
743439366475948032	dalton_ani	Ani dalton
174230488	Masterrianni	deVrij
67444327	saman_hf	
49149284	7_________8	
1946196584	navid_bhz	Navid Borhanzehi
1600742850	mowlaverdi	 
814231264765026305	Eshaq_jahangiri	 
364662110	aliarjmand	Akbar
850283703582375936	Orenzzo	
2575440769	AbdolrezaKahani	Abdolreza Kahani
631394310	ME_sonata	-
91142785	_arashasghari	Arash
1016893826	GSMwebsite	  
2716942388	parsiyak	Pardis
540911255	TheIndyFilm	Indy Film
525233905	almostgaveafck	Gaveafuck
13832792	EbrahimHeidari	Ebrahim Heidari
402559499	MammadBi	Mammad Duman
628118074	rezahn56	Reza Haghighatnejad
711633566367674368	the_shemsu	Shemsu
835198284411113472	farhadbeheshtii	Farhad Beheshti
14851948	Katayoon	 
2776120300	absurd9555	  
831519910463434752	mostafatajzade	 
16973333	Independent	The Independent
2518644612	chimchillaaa	
2617559527	bluenbruise	Mhyouu
211947015	Nillzjdg	Nilz
29442313	SenSanders	Bernie Sanders
151349203	Kutlas_e_Kabir	Kutlas
200060005	Ghzl64	Ghzl
726930530017632256	YawningAlice	Alice
802479663406792704	41m4s	
963224328	DreamerSheba	 
821885828	hastaloo	Hastaloo
1038996313	ma_ahii	
755076778385895424	Irann_N	Irann N
1272938635	Zhakube	  
244232732	yasharsoltani	yashar soltani
2156923266	tiyooter	naser
542922194	hunebt	(-)neeee
3139823745	cercis_s	Cercis s.
4428730935	ArashKhosravian	Arash Khosravian
1481949018	Vekktorr	ATARI
757592297706061824	pouyankh2	
2300354767	Zy3na	
297034913	FerDokht	
555234735	FareenAssemi	Farin Assemi
1309878324	behnam_beh	Behnam Behzadi
4906572717	nellom_	she got it
809743447246733312	alimotahari_ir	Ali Motahari
598723702	LUNYMUNY	Odysseus
440270645	oRRMo	
366559590	BeingNimra	
4250674173	ely_shahy	
2907774137	archillect	Archillect
183206087	hadiahmadii	
751721055031586816	mah_sadeghi	 
1162915387	zirsigari_1	 
946283900	Baastaardo	Aida
1646009659	_vey__	
392114023	HosseinMahini	Hossein Mahini
66098953	Taymazimi	Taymaz Azimi
2175596910	drsfhm	
451705078	jahangard4	
136010577	alirezaftm	  
743532384516190208	Son_Of_The_BEEH	J
2311713680	MrPostchi	
320195081	MiidnightBlue	  z 
715971786677088256	rorrettaaa	Rrretta
4126388668	FogholHuman	
701514876204818432	elliounn	
703695036446330881	s90ta20	 
332988816	iPanda93	
633263939	Samarghandkhan	
3242368285	Rockkettto	
4382567835	VaghayeDaily	 
937116199	parastufd	
813630798	89darvinjeh	Li Li PuT
181078043	Errfands	
151823945	arhnm	Amirhossein Mousavi
2472659137	B5rrrrrr	laughter&happiness
2212958004	omid_____	
752207710729465857	_shahraam	.
155659213	Cristiano	Cristiano Ronaldo
712943659096780800	negar_nk	Negar
750707250612858880	Ronakism	ronak
504767598	1mohitban	  
1691157427	elnoraaa	el
53364786	simaaym	Sin
175330919	HadiNili	Hadi Nili
2962267931	KhedmateSarbazi	 
491513894	SamirGolashan	SamirG
464225105	arashpahlavoon	 
2485035683	3rendped	Pedram
297021138	2eld4	
4851390610	nastaran_kd_	
53804216	Ferihelper	Ferihelper
3262634951	_samirow_	
636936027	Seenvaav	.
2518120868	NooraDast	.
212687187	Tofangbazi	
4710261842	AdasiShakie	
332954705	v1d__v1d	Nveed
736095873285787651	ssinngerr	lhvgh
2617132201	imanh	O2
94789918	samanoqo	Saman Sadeghi
1129577743	Aliajami0	Ali Ajami
93204434	mehdi4361	Mehdi
46421054	Ara9h	Arash
1136798288	Lil_Miil	 -
4073941822	__HanR	
1620130892	raz__mari	
727596383222407168	NasriiiiiN	NasriN
764179147	uglyfloki	flki
50638919	nimakhin	Nimakhin
2723749248	heyejimi	.
14490065	azoli	azooli
1065252554	aahoovism	
2180633748	MehdiAHM	
471287735	GaryLineker	Gary Lineker
920317916	bbckalbasi	 
1058107008	Sanazz_h	SaaNaaZ
713313773038223361	soshiio	Baphomet
216840450	Zimcoe	
302860174	chapdast	Aka Lefthanded
4921131	nima	Nima Akbarpour 
45118805	ADALISH	DALI
576495812	mndctld	
1483277228	peros88	
4782551	Vahid	Vahid Online
4877087189	Zahraadibb	zahraadib
210719582	asadgharighi	
1860411289	ghzl_n	
570124666	ms_galile	galile
2541819282	MadMenQTs	Mad Men Bon Mots
946338937	hid__	Nah
334034462	Sasoore	
1268317310	gholianh1	  
14516781	3tareh	3tareh
552252520	engmahyar	
105503023	Mahttob	Mahtab
2415675831	boob_ii	Boohama
2427624403	srnmhda	
1188774008	bahikh	
2932856324	eynmim_	
806453748	danydanyfa	
600062562	rotanik	rotanik
4820395402	masoud_khanban	Masoud Khanban
1673735821	SShahsiah	 
390000960	niimpaar	
49563997	llllllilllll	lil
186154646	Cmdr_Hadfield	Chris Hadfield
2588075474	Jeberson101	
14050643	Arashh	
2958304667	gorjico	 
25354833	mrkavousi	MohammadReza
4624773153	t_alidoosti	Taraneh Alidoosti
1640158008	_PrettyGun	PrettyGun
