703363388055949312	SimaSiavoshi	sima siavoshi
747026003583721472	3nowbar	
2501350286	HeaIthHacks	Health Hacks
4354647083	TatttooArt	Tattoo Art
880656387939938304	azadeh_dalir	Azadeh
4780612048	mgmonana	Nana
867627977801998336	fatemeh_amin_	 
55796372	ashourinia	Arash Ashourinia
875992032170442752	TehranyHediyeh	Hediyeh Tehrany
601234471	colonelaorliano	colonel
238330325	zirwanz	zirwan
1577623176	SharareMishavam	   
865887985199448067	stolzam	saber
1116427544	asysepid	
14341131	roozbehdotnet	
14755862	VahidStar	Vahid
107223327	nafisehkBBC	nafiseh kohnavard
2833108182	AatefehP	Aatefeh
864952866137661440	ZizMou	Ziz Mou
858582165898088448	dukshi1	
15049407	mrphs	Nima Fatemi
970302740	nillzhe	 
875682745753665536	haadiheidari	Hadi Heidari
197264075	quote_friends	Friends Show Quotes
1580884105	hooshmandk	
51509291	dazasimetra	RemeVII
866382409876590592	Maashaallaa	
541870466	adagio35	  
1145806178	mhnajmi64	Mohammad Hasan Najmi
736556386377572354	tousheh	 
819981807689039872	najafi_tehrani	 
470857299	AuHasardBalth	
1530332280	ArezooA_	
858619959316013056	p3d7am	pd
3674038456	MaliheRiazi	malihe riazi
4353047415	fatoohe_m	
839974214945935360	shorali_com	Shorali
14490065	azoli	azooli
946338937	hid__	Nah
852094579067285504	ivoteforiran	i vote for iran
2850594323	MJ_Akbarin	AKBARIN
797008195088748549	KaafTeh	
20425111	joe1983	javad nosraty
1648719602	m_bayatzanjani	mohsen bayatzanjani
2517118753	Ghrzmj	 
786991480258854912	tzeta_	zeta
16914220	baharnarenj	
484284489	SirHermesMarana	
14600723	qorashi	Yasser
831547540575227904	soookhteh	 
598600732	jackthefatalist	
831519910463434752	mostafatajzade	 
97617682	Shadibeyzaei	Shadi Beyzaei
2323945699	TheDIYideas	Recipes GIFs
183206087	hadiahmadii	
2716942388	parsiyak	Pardis
712959220103176192	derakhtt	
1332127904	M0rpheu3	 ()
602629562	Ferinaando	
822517901294845953	HalfOnionInABag	Half An Onion
713810570705653760	ManiFarsaie	Manifes
406504775	shahrzad_hemati	shahrzad hemati
1089662899	mino0ol	
472852789	fateme_j	Fateme
17030435	khashayarsha	Khashayar Joneidi
701307875403010048	mmaarrzziiee	prizefighter
2234816707	ShabnamRahmati	 
3739682116	SheTweeting	Shahrzad Beheshtian
1115874631	CGTNOfficial	CGTN
792775445167083520	soberEule	Shire.D.dead
14851948	Katayoon	 
1541886498	psa_parisa	Parissa
504767598	1mohitban	  
3242368285	Rockkettto	
797554412810108930	bidenandobama	Barack & Joe
15154636	S3micolon	 
123577879	aazaad__	Merkwrdigeliebe
791766324716331008	ZahraGhaffary	Zahra Ghaffary
2657696780	Golnea	Goln
24855062	nimadehghani	nima dehghani
1329018038	culaan_	Dra
429560383	AydaPour	Ayda Pourasad
3070506575	hodaamid	hoda amid
178646340	Sharareh_	Sharareh
3249810013	fatemehzh	
2214869083	BehnoudMasoud	masoud behnoud
2902902580	Azarestaaan	
4223383694	ClemKruczynsky	Clementine
210719582	asadgharighi	
2899217464	Benzoddin	Benaaz
1420440420	Honismack2	h.o.nismack.2.
3139823745	cercis_s	Cercis s.
267490424	Robsaf	Robert Safarian
1422957211	3pnood	UFOBB
508809710	BBCHoseinSharif	Hossein Sharif
440270645	oRRMo	
1474390170	Negar_CI	NeGar
106636156	1mehraveh	
708551209691582464	likostudio	likostudio
4843307199	DornaPodcast	MaryamSafa
2233134438	SadraMohaqeq	Sadra Mohaghegh
4806729169	SobheDigar	 
1234768950	neb_____	stephen
4773252629	BeLikeBiII_	Be Like Bill
760437030	HamediEbrahim	Ebi
4717726395	AzarMaaliNasab	. 
226973327	GhzJabb	 
2427624403	srnmhda	
4624773153	t_alidoosti	Taraneh Alidoosti
3184984952	Attefeh	Attefeh Falah
273478225	xentrixus	 
72492752	deraakwordpress	 
1026360043	solmaazz88	Solmaz
923921120	Soosanso	 
2564931008	Seeeeher	
979042861	behzad_bh	shex
554232774	AtixXxism	SUPERGIRL
3727936577	_kebrit	 
2960048843	nelinstudio	  
2825754902	MissLandTweets	MissLand
215028103	shaape	killua
3313382326	Mimozim	MimoZ
207031770	alaki_	Pourya Sharifi
3271605907	AleeSoumi	AleeS
511883965	Mosht_aba	Moshtaba
323127279	stere_kh	
403668878	Abestanioooos	Abestanioos
14516781	3tareh	3tareh
2442381762	GRRM	George RR Martin
1188774008	bahikh	
1403886157	RFatemeh	Fati
70338768	AminLotf	Amin.Lam
3309433122	BnzMim	Behnaz Mim
3135822851	mehdirahmani123	Mehdi Rahmani
540135012	EmilyAmraee	Emily
2320649540	_OhReza	
628276440	SaraKmz	
1211359267	znsarah	
873867872	Teymoursg	
99999538	Mirzadeee	
287162606	mirHabil	
297081530	Kaafffff	
12629792	atakhalighi	atakhalighi 
353739343	oliverteeut	 
989039408	davvang	
739251613	pirate37b	
14567230	1mahraz	mahraz
920317916	bbckalbasi	 
3337329621	ambooli	
1511480538	__Bernard_	
253673359	AmirPaivar	Amir Paivar
3036861784	chan__friends	Chandler
3036736918	__joey__friends	Joey
3036720250	Mon__Friends	Monica
3036883366	rach__friends	Rachel
3036634935	__Ross__Friends	Ross
3036807767	Pheebs__Friends	Phoebe
1828271550	SadeghKharrazi	Sadegh Kharrazi
1600742850	mowlaverdi	 
1388907636	MehdiOloomi	Mehdi Oloomi
1584066241	alibozorgian	Ali Bozorgian
1495951248	hosseintanha89	 (UNESCO)
1110143388	Sany___	Sanar
126223818	sorenazandi	Mr.Zand
2951271238	meyami93	mey. ami
472295974	shoo_mo_	 
2721296281	JalalSamiee	Jalal Samiee
3183904579	cafechista	cafe chista
2887757585	Hasanplays	The Hasan One
2984760090	musiqa_ir	
1161795360	AidaAhadiany	Aida Ahadiany
293681367	marzie_r	Marzie
1962661579	z_siver	zeinab esmaeili
1932851846	araghchi	Seyed Abbas Araghchi
2511871525	zenomek	zeno
2221671150	mc4930	49
527526077	JeremyClarkson	Jeremy Clarkson
119672147	FareedJacoB	  
2932856324	eynmim_	
3080762480	Sleimoni	M-hdi 
255038870	1masochist	
1312997478	helalemah2000	faezeh
983469031	RubyVaroujian	Ruby Varoujian
927276392	zafmaaar	Zafmar.jpg
14636298	danial_s	danial_s
39926075	daarjeeleeng	tea
752713	Abnoos	 
2774349792	MadillaDolls	Madilla Dolls
2889896601	Hombilious	 
551730765	zahra2101	Zar
92811005	artemajid	 
624031683	mooshtebol	
2853594467	saraghh1	Saraghh
12688062	SepehrLajevardi	Sepehr Lajevardi
522878221	shaataqi	
56641887	baharenarenj	BaharNarenj
81637121	y0y0player	
1673735821	SShahsiah	 
1097986004	Sonijuana	Snya
204832963	TheTweetOfGod	God
