97617682	Shadibeyzaei	Shadi Beyzaei
496833424	_helixn	Helix
2657696780	Golnea	Goln
806453748	danydanyfa	
2427624403	srnmhda	
96130616	alborz_z	Al
4106521684	ARFsh83	  
177254123	mililomalala	
3338311689	MedadeAbi	 
635701467	AmiraliA9	Amirali K
248710557	zohre_ha	zohre
125139828	nazaninroghaye	Nazi
489170656	aminjim	Amin jim
387184098	siamakka	 
407278040	alskvrda	
873867872	Teymoursg	
14690170	PhillipOfAjam	P
757525585	vistaagram	 
2237667674	jojehhhh	
912248304	mastanvejdannia	Mastan
747808587179786240	tabaghe1	 
1161795360	AidaAhadiany	Aida Ahadiany
2323945699	TheDIYideas	Recipes GIFs
133237155	Nix_Nikooo	Nix
411773106	alone_prince17	   
119672147	FareedJacoB	  
1113361345	Im_Morphling	L'tranger
174376095	RodinZzz	Rudin Rain
250509012	khayyam_robaee	 
1240245356	AvaSwimBC	AVA
558321050	1985Iman	iman asadi
521253979	Af5anehha	Afsaneh
575683536	KhaleShabnam	Shabnam
221056511	MohsenAbi	  :{
334161563	mamadpori	 
19758530	elsereturn	
43885690	itsmereza	Reza Khanaki
51161456	yasaman60140686	 
98573930	naaffise	nafi
2246074231	Solisal63	
45805407	NiiLs6	 
488508161	Leilasadiq	Leila
1555663362	btbob69	bob
1632179005	MadieTwitt	Madie
463235952	khaltur	 
17738399	sallar	Sallar
232814544	Hossein_Aghaa	 
14732866	nasibeh	nasibeh
127245578	wordstionary	Quotes
400733701	shiim_shiim	 _ 
475664526	taraneh16	
397951068	schwifterin	
2289793786	drferferi	 
2222060768	batele_khanoom	 
1922642342	aghahaj_hamid	
1676219533	elahe_62	pary
434442640	shaakhtaar	Shakhtar
1420440420	Honismack2	h.o.nismack.2.
480737104	HamedTabaar	HamedTabaar
821885828	hastaloo	Hastaloo
411407606	sayehs1	sayeh s
2255375036	LUMPY_54	LUMPY
45537951	SattarSaeedi	Sattar Saeedi
22247218	Arbaks	Babak
48454250	greenfall_1983	 
4921131	nima	Nima Akbarpour 
38492873	navidazimi	Navid
43948352	Roozmaregi	
15015672	Raaadin	
381797777	mam_mad	mohamad.masoumian
602629562	Ferinaando	
381361654	mahsaee	mahsaee
49267654	AghaaLeila	 
213694762	torgheh	  
50259717	Ehsanism	Ehsan Norouzi
353676620	_soro0r_	sooloo
186753928	STRAIGHT__	 
2202115974	barfak11	barfak
47813521	JZarif	Javad Zarif
605355875	MissSpringie	Delara
232297221	HadisSsbn	  
165178838	toot_farangi	tootfarangi
524893817	elicohaam	
1147440595	nazaninfv	nazanin
210682257	redchili2010	
407315593	_sheved_	
1872820130	soormeh	soormeh
14567230	1mahraz	mahraz
14493664	spidermard	Spidermard
73314028	soo3_	 
2153936527	Nafas100	Scheherazade
18424473	_Cafe	Cafe
399853134	Mim__Jam	Mrym
255038870	1masochist	
908554850	hrbigdeli	hr bigdeli
4782551	Vahid	Vahid Online
