948305972	abedrend	abed
759419951635628032	Sheykhena	- -
4897803268	h0d3r_fa	 
847506601368064000	Monabaghi	Monaaa
807590692553887748	Ahmadi__1995	Mohammad Reza
878036886727647232	TajvariMehdi	Mehdi tajvari
825243983718793216	alipaiderman	 
2581753746	fereshteh_fh58	fereshteh
1703499732	selfamused	Words
3367994644	farshadxrii	Farshad T
4416357795	ostasfand	
896048634	LordSnow	King Jon Snow
571259119	hamidjanipour	Hamid Janipour
2731137937	ParisRezaie	paris
1604687634	ebrahimnabavi	Ebrahim Nabavi
742451244028039168	IranNewspaper	 
745002924992913412	bita_bokharachi	 
3314223935	SohailjanFA	 
814231264765026305	Eshaq_jahangiri	 
300166905	alitajik1361	AliTajik
43857522	LilyNikfar	Lily Nikfar
250510133	saadi_robaee	 
822677221269786624	elahehsa	Elahe
5520332	msuster	Mark Suster
801362499396370434	Amir_h0sein	 
616346745	azadeh1359a	Azadeh
2174141100	Azadeh_pak	azadi paknejad
457676025	sepiiidegh	sepide ghh
259725229	ValaAfshar	Vala Afshar
1377921709	kahoopich	 
2221129711	Gonge_bikhaab	 
2492468995	raminium	
1638796783	ali_fnj	ali
13832792	EbrahimHeidari	Ebrahim Heidari
2684615938	SamlSamsam	BanaFsheh
1161795360	AidaAhadiany	Aida Ahadiany
440784095	ocumleler	O Cmleler
1480319263	35degree	35
871380631	Tarsa56	
404268423	SarviSad	
712959220103176192	derakhtt	
4697911333	TaraKh5	
817062684919234561	na_sadegh	  
18500889	Masoudeh	Masoudeh
348498840	m0hagh	
2476544382	sixwordshort	six word story
99999538	Mirzadeee	
2323945699	TheDIYideas	Recipes GIFs
2321143256	MZargarpour	Maisam Zargarpour
2819481665	minimalism_jpg	M I N I M  L I S M
72492752	deraakwordpress	 
712203671258451968	Gavrch	
238229483	kuffmode	Kayson
210719582	asadgharighi	
24855062	nimadehghani	nima dehghani
2211685645	DorsaJalalian	Dorsa Jalalian
1349187420	fkeshavarz	Forough Keshavarz
451783052	_velGard	
704719027160145921	Alpainn	
2511871525	zenomek	zeno
547670065	_sh_ei_da_	
751176025	kevinmiston	Kevin Miston
1100641922	Mrqauf	
14490065	azoli	azooli
2517118753	Ghrzmj	 
580836808	simin50682999	simin
287088046	ReviverOrator	
1099453621	eghlim	eghlima
519286880	MNaemeh	Morteza Naemeh
2843707931	antiiiroutine	antiiiroutine
14851948	Katayoon	 
273478225	xentrixus	 
3305613461	hadie_k	Hadie K
894875454	AghBahman	Agh Bahman
2505900266	OfficiaIJCoIe	J. Cole
710263624737099776	armin_gh_kh	armin gh
96013710	FactSoup	Amazing Facts
2255375036	LUMPY_54	LUMPY
1324753417	shinlady17	
3197294483	LJ9291	lam.jim
425985598	notoall	Sraan
718048707791437826	elahekhyegane	Elahe.khosravi
14690170	PhillipOfAjam	P
48648723	kashkull	
4821438778	TalaShad	
46061625	NewshaSaremi	Niusha Saremi
751721055031586816	mah_sadeghi	 
3438099731	Najva8	Najvax
278684304	shkohanchi	Shabnam Kohanchi
205858155	hbshahed	
434442640	shaakhtaar	Shakhtar
2427624403	srnmhda	
14755862	VahidStar	Vahid
519300468	Sarajbg	 
27712022	JoseArcadioXVI	Erfan Mojib
37204416	neg_s	negar
431668725	Hheshmatt	
979042861	behzad_bh	shex
1089597517	saaamirano	samira
2584369675	Soolmazvatani	Soolmaz Vatani oskoo
562359356	ali_amin_i	
727941805405290498	SalehTasbihi	Saleh tasbihi
4250674173	ely_shahy	
4223383694	ClemKruczynsky	Clementine
255038870	1masochist	
16326063	samousavia	
749551939483004928	bahmandaroshafa	 
323127279	stere_kh	
2769714516	LalehMonsef	Laleh Monsef
253707215	DonDiegodeZama	 
790728	bbcpersian	BBC Persian
746013161711673345	simin_srb	Simin
1512833803	nimanifest	Nima Rasoulzade
381361654	mahsaee	mahsaee
1721519870	Saoshy	Amir A.
11885722	Hamid_h	Hamidh
1076891778	sajjadsat	
1401347208	mahlagha_hs	  
1063584222	Mehrshot	Mehrshad
2431531934	marjjaaa	pointless
47421258	Golshifteh	Golshifteh Farahani
55186127	HoseinVahdani	Hosein Vi
755142367	sakene5	 
3112094744	ReyhaniReyhan	Reyhan R
1658543364	abak1371	abak hamidreza
169179541	mamlekate	
2233134438	SadraMohaqeq	Sadra Mohaghegh
536250646	2na2nz	
145978797	NeuroNiMa	 
1366756644	SaghiLaghaie	Saghi Laghaie
37350044	Kurt_Vonnegut	Kurt Vonnegut
582487243	meysam__71	
570823035	alirezaadine	alireza adine
480737104	HamedTabaar	HamedTabaar
1404590618	HassanRouhani	Hassan Rouhani
3422770163	hamash110	
973490311	BacheGorbe	Adagio
2425231	Fact	Fact
1667371002	plaque9	
152976925	sarathemegamind	Sara the Megamind
2932856324	eynmim_	
1542138595	golyjonsnow	
4621229295	mohsen_azarm	mohsen.azarm
624031683	mooshtebol	
2594204948	alirezamahmodi3	alirezamahmodi
700230066	m_h963	 
4782551	Vahid	Vahid Online
3367251779	WinsWolfe	Mr Wolfe
51509291	dazasimetra	RemeVII
2221708986	TehranAir	 
334161563	mamadpori	 
3309433122	BnzMim	Behnaz Mim
16829914	alooche	Alooche
404186516	misterbex	Bex
2301045289	azarestaan	
371875071	khers69	KHERS
252131613	Fahimehkhezr	Fahimeh KhezrHeidari
556820431	nooshin1983	noosh
1542912613	rahelehr	raheleh.r
96015063	pouriaalami	Pouria Alami
1584066241	alibozorgian	Ali Bozorgian
17511291	arashmil	Arash Milani
55796372	ashourinia	Arash Ashourinia
1931356045	AminBozorgian	Amin Bozorgian
6029522	jadi	jadi
4236204918	mnourbakhah	M Nourbakhsh
2902902580	Azarestaaan	
619441647	khabgard	
81000704	mofiid	negar mofid
598600732	jackthefatalist	
484284489	SirHermesMarana	
628276440	SaraKmz	
2303142614	idinsayyar1	 
4624773153	t_alidoosti	Taraneh Alidoosti
2228762088	1hoseim	Hosein Norouzi
47813521	JZarif	Javad Zarif
