883022765535645696	shahrzaadmir	shahrzadow
882359431442423808	M4fi4__	MAFIA
70338768	AminLotf	Amin.Lam
878323663732228096	APANI__	
865330616568557568	meeh_rayisi	MEEH
979042861	behzad_bh	shex
1481949018	Vekktorr	ATARI
381361654	mahsaee	mahsaee
3262634951	_samirow_	
812771242554118144	3Code47	
927276392	zafmaaar	Zafmar.jpg
864042450419163136	navidmamza	Navid Mohamadzadeh
96394122	abtahi_m	Mohamad Ali Abtahi
285640165	ArianHimself	El Duderino
766566517	saeeed_sb	
873867872	Teymoursg	
1079749418	MaFUCKinfia	MAFIA
822885465913180166	Ghazzall	
852056086668562432	golnazsoltani	GOLNAZ
2778277224	JoeParak	Joe
125139828	nazaninroghaye	Nazi
425985598	notoall	Sraan
2314077164	blopblipp	Not like I'm Maddie
4851390610	nastaran_kd_	
323127279	stere_kh	
398096961	nima_unforgiven	 
457676025	sepiiidegh	sepide ghh
3410125379	mynamesne	therealne
255038870	1masochist	
789068165191864320	DonSeyed	 
279522990	naghmezz	
1050897936	__mahtub	
742716584	realshadmehr	SHADMEHR AGHILI
744382114733268993	LetsAvoidGhalat	 
516478859	lvlarzieh_t	MR
576495812	mndctld	
295706865	Meysam7092	 
751319279782531072	Mahdi10158553	
191921921	soheilr7	Soheil Gonzalez
239683358	SalehRn	Saleh
1470740916	Freakygreencat	
294014531	GoodbyePaterson	 
152552973	me3nah	Meana
353739343	oliverteeut	 
721271234978123776	lFyodorl	Foad
37004229	_Nightwatcher_	Arash 
475664526	taraneh16	
4558668389	zamzamti	
2255375036	LUMPY_54	LUMPY
446148324	MddMim	Chawan
552252520	engmahyar	
353676620	_soro0r_	sooloo
1137940129	Khanoomiii_1988	gisu
2372287312	Apani_	
47000864	payam_f	
390000960	niimpaar	
720380203206184960	RouzbGh	RouzbG
1024231568	tarak_666	 
1283174828	yeganeeeh	Yeg
3003039241	lawliet_90	xanefar
2241127988	Mndiiiy	
3242364151	hichi_khob	
15086510	pngle	PnGle SeleYeR
813630798	89darvinjeh	Li Li PuT
1136798288	Lil_Miil	 -
57276671	elllegreen	Eli
3949915642	_felliniesque	
3080762480	Sleimoni	M-hdi 
2723749248	heyejimi	.
