1015334269	iMarrryam	RED
95981578	zarrinsadaf	Mohammad Zarrinsadaf
3236081986	Sohrab_66	Sohrab
866769914	vahidps83	Vahid Sweeney
716247225131728896	ss_miraa	Samira Alinejad
2551163102	itssaaar	
883022765535645696	shahrzaadmir	shahrzadow
18393192	2littleprince2	NargesAzad
865887985199448067	stolzam	saber
831117801448431616	sadsahba	saad
872701305239855104	binam8810	D
823233150797152256	EDelkhamoush	esmaeil delkhamoush
853662554492735488	pouryia	
875083278386057216	pardis__	
2237667674	jojehhhh	
1134473497	little_peni	peni
406625692	phoenix0k	Phoenix
4849076181	sun_aaz	sanaz
3131466466	abdollahram	AbdollahRamezanzadeh
587885385	amiryaghoubali	Amir Yaghoubali
3351255682	jemappelleamir	. 
143373762	MehdiMMJ	Mehdi MMJ
16326063	samousavia	
156754511	avpml	
703695036446330881	s90ta20	 
2400346946	saadeghii	Amir hossein sadeghi
4223383694	ClemKruczynsky	Clementine
236697038	EbrahimTabar	  
67444327	saman_hf	
844988714052796416	tessieovskie	 
888480427	hernameishanieh	Hani
3674038456	MaliheRiazi	malihe riazi
1600742850	mowlaverdi	 
853233671712669696	HT8589	Hossein Tahna
1673735821	SShahsiah	 
2572605858	srsssh	Fullmetal Geek
39926075	daarjeeleeng	tea
275509500	Mansoure_P	
1137670134	Abandokhtt	
42365683	amirx	
300166905	alitajik1361	AliTajik
2754330819	Ashkan_hn	 
1377921709	kahoopich	 
777423591558250496	mahsaAttt	
1480319263	35degree	35
709904883785146368	alilvet	bipolar
14600723	qorashi	Yasser
834016652932952064	notion_01	notion
298330518	erotominia	  
831519910463434752	mostafatajzade	 
14755862	VahidStar	Vahid
101167868	majidnoordoost	Majid Noordoost
13495722	littlefarbod	
1488161298	_leili_	leili
1905589586	sabaazarpeik	saba azarpeik
2761328116	Candoooou	
4821216310	_WinSmith_	 
4861013172	daroshafaeij	 
1457647556	M1_________M1	M
1332127904	M0rpheu3	 ()
797008195088748549	KaafTeh	
1698894774	hedhed10	 
434413333	Moje2100	
16914220	baharnarenj	
786991480258854912	tzeta_	zeta
736095873285787651	ssinngerr	lhvgh
14309109	seaboy	Mohammad
818408371854409728	boktanbulut	benam
396405629	maryami3	maryam
556776173	meditaran	MEDI
730256132913115136	sadzadtaha	
1032451255	hosseinshirzad	 
294014531	GoodbyePaterson	 
1065252554	aahoovism	
4073941822	__HanR	
297034913	FerDokht	
14490065	azoli	azooli
37204416	neg_s	negar
3204018261	baharanegh	beghball
3367994644	farshadxrii	Farshad T
739879709434126340	visage212	Visage
545834237	fereshtes	Fereshte
1541886498	psa_parisa	Parissa
840139878	BavigForough	bavig
2214869083	BehnoudMasoud	masoud behnoud
821885828	hastaloo	Hastaloo
2237397852	amirebtehaj	amir ebtehaj
3405249253	arenesmaili	Aren
711128700704567296	Paradiseoe	
14747932	zzgraph	
3284433818	ShirinNr	Shirin
1575025878	aztanhaei	Aztanhaei
14851948	Katayoon	 
183206087	hadiahmadii	
1283174828	yeganeeeh	Yeg
807163818	shifu_mastero	Shifu
2657696780	Golnea	Goln
483994106	gandomsin	gandomgoon
310280546	Rudawkurdish	Rudaw
723476259444019201	gaarisaaz	
751721055031586816	mah_sadeghi	 
1650001394	Hadiiaan	
4697911333	TaraKh5	
332907128	l2eza	Mohammadreza
710906348804780032	Or_bital_	Orbital [Ne] 3s^2
894875454	AghBahman	Agh Bahman
4642108092	Maniyaromilin	Farshad
1091764088	khjkhjkhj98	
3382411509	hanaschmitz_1	  
970206680	H0ZEIN	Hozein
871736328	sadafabedian	sadafskal
3172908592	9sshhss9	h.sara.h
420312299	p0neh	poneh
263860681	mamanezhina	_
216840450	Zimcoe	
3647559792	reyhanehha	REYHOON
1385588628	IranehNK	Irneh
752935591122198529	najlakhayami	
1490525245	pesarack	
239078394	gollpar	Golpar
544318453	g0lnar	
151823945	arhnm	Amirhossein Mousavi
710844265388220416	_Snoofy	aras
1576054135	sorbitolC6H14O6	
750240706514550784	Shakhyaw	Shoana
3233549131	RSubutai	 
158462986	SunazZ	
937470950	Taniix_	Taniix
3994676653	madam_siin	   
32460469	Leemou	Neda
2286253674	saman0018	 
93133555	tetawaves	 
46421054	Ara9h	Arash
1129346492	hajmoh3en	
246433181	_migh	Milad
357541884	Sogol84	 
700230066	m_h963	 
42804157	S090L	
311638922	saharahmadi	Sahar
542118369	Ashitaaka	 
57360803	MiMjan	
216133918	Xlibaba	Professional
4851390610	nastaran_kd_	
764179147	uglyfloki	flki
730043629851398150	winstonvscamel	 
37004229	_Nightwatcher_	Arash 
169179541	mamlekate	
830617568	A_Rezakhani	A.Rezakhani
4538783414	azdla	
3245408322	Sahbasad	sd
4452251001	northselkie	
3285060343	DigikalaMag	Digikala Mag
3003039241	lawliet_90	xanefar
542922194	hunebt	(-)neeee
636936027	Seenvaav	.
397537398	callmeyasa	
547509406	sibghermez	
1080370987	MahsaNemat	Mahsa Nemat
715971786677088256	rorrettaaa	Rrretta
631394310	ME_sonata	-
994185613	Sou_Hait	
116185997	rzgar_sh	rzgar
366559590	BeingNimra	
464225105	arashpahlavoon	 
45118805	ADALISH	DALI
1632628790	homayoonvb	
217861092	ArashGir	 
210719582	asadgharighi	
4010504513	zherated	
1077099060	naneSarma	azin ghasemi
1391562487	jimbeltarin	jimbel
177746835	sayeh_ro	 
2314077164	blopblipp	Not like I'm Maddie
2711956260	Sel1z	Sel
3240737464	Ata_3f	
232814544	Hossein_Aghaa	 
22024691	siavashh	Siavash
2889896601	Hombilious	 
2300354767	Zy3na	
2196627649	shaboonmI	
713891204	kimiapoori	
57276671	elllegreen	Eli
782098392	shaayaw	Shayaw
4566764394	NfsBoho	
1522028761	musaesmaili	
181150629	Shimuszm	
540754851	deraxt	
4821438778	TalaShad	
171116097	AliGondo0o	
979042861	behzad_bh	shex
3739682116	SheTweeting	Shahrzad Beheshtian
4276084158	anbarbazan	Kasias
16686027	arezoo_	
408701339	kickmehr	
510074074	aalset_	
3388906929	rozhansteiger	
181078043	Errfands	
396408830	soodImim	Dos Santos
989039408	davvang	
493843317	chiichiilas	CHiiCHiilas
