774962302001053696	daneshemrouz	  
1638789637	sinaahmadpour92	Sina Ahmadpour
351232524	MehradAria	Mehrad Aria
229021972	Ara4Sh	AraaX
748831273670496257	behradj92	Behrad
1642223257	mehdi_alipoor	Mehdi
1607955728	Peivast	 
17154772	Nima1980	Nima
4841394560	shanbemag1	shanbemag
2395123376	zeini0	Ahmad Zeini 
236880505	reshadman	./Reza\ Shadman
112251679	mahdidavoudi	Mehdi
21846265	imorteza	Morilog
48677108	Choghooook	
3252383394	ShirazBCir	ShirazBC
16192143	don_wp	hysteria
2574357192	finds_official	finds.ir
3323638118	arts_sw	Startup Weekend Arts
3290800424	instartupclub	   
32893566	webna	Webna
215950639	_Exception_	Exception
33856554	SaraZia	Sara Zia
1354113871	MajidKasiri	Majid Kasiri
264213091	itmanager2001	Ghavamifar Atefeh
2204334012	WiseUpCommunity	Wise Up Community
2982335805	Ibridgesfest	iBridge Festival
1078954861	roozafarin	
450427603	Saberivand	Touraj Saberivand
620867907	AlipourMahdi	Alipour(Dr.Startup)
1443550441	KaryaEducation	KaryaStartupsSchool
2247772106	2nate	2nate.com
2821123091	uxshiraz	UX Shiraz
2367041426	clickyab	Clickyab
2716507489	SGTehran	Startup Grind Tehran
2847234933	Kamva_ir	
2719240518	bamilofashion	Bamilo Fashion
2487012061	bodofood	Bodofood
2951068865	lendemapp	lendem
2644197410	Snapp_Team	Snapp 
223202535	itiransite	ITIRAN |   
2879306620	taskulu_ir	
2909707746	TechCafeTV	 
807488670	YasamanMatin1	Yas Matin
336223741	shahrammrl	Shahram
801651	amin	Amin
2266601	Alizandi	Aliz ( '')
318016154	iraneacom	IEA
2285540623	shah_parii	  
61756905	Kooroshfar	Ali
374965309	mahtabism	Mahtb
163168122	shaghayegh_r	shaghayegh
18188050	nzpanah	Nariman
212687022	arezuwishka	Arezu Wishka
2396673799	chibekhonim	 
364013804	CapitanArsalan	
46852310	nekofar	Milad Nekofar
832939634	HamiNaki	
491548301	SMoslemi	Saeed Moslemi 
1077564794	qpedram	Pedram Marandi
89408579	mahandis	Amir
1570695145	star13168	Star 
184485214	parsaim	Parsa
554224595	AliAdaby	ali adaby
533534418	_ameeroo	
881967788	MohsenShoaleh	 
2172631	nimania	Nimania
1272784146	FatemehFarokhi	Fatemeh Farokhi
2321980746	persianwebster	Ali
2895414998	zilootv	ziloo (  )
614900993	isaeedeh	S@eedeh
2300386290	mohammad_piri51	Mohammad Piri
1031172194	m_motevakel	Mahyar Motevakel
371923522	shalbafzadeh	Reza
2678171208	Entvice	Entrepreneur Advice
236024669	Elahe_rz	el____he
263554126	gadirsa1	gadirsa
91771093	mjnanakar	
307938082	mimvaw	MohammadReza
1964772620	MohseniMH	Hossein Mohseni
1364259889	morteza_izadi	Morteza izadi
2554329205	pooyanv	Pooyan Vahidi
2839439740	Rondsite	Rond
97610290	s3tin	 
305570207	MahdiGp	MahdiGp
233631354	AudienseCo	Audiense
556833733	SWTehran	Startup Weekend THR
2721069786	avatech_ir	Avatech Accelerator
2383494668	Hamfekr_tehran	Hamfekr Tehran
1688933678	SWShiraz	SW Shiraz
16432494	opatan	Opatan | 
173774827	MobinRanjbar	Mobin Ranjbar
2150435672	Startupir	Iran Startups
45819847	shram_m	neurosafari
2787058291	IranTechHub	IranTechHub 
2876113840	bahramih1	Bahram
27288456	amirdaly	 
1912205214	Itssepideh	sepideh
219937890	hossien2005	
178646340	Sharareh_	Sharareh
132933779	p5xorg	Phoenix Alternative
11683142	Alii	Alii
18340088	hadsern	 
214147990	WilsonKhan2	
16829914	alooche	Alooche
168109490	hsbaravak	M.H.Salehi
17447154	saeedhbi	Saeed
58271532	persianbanoo	Persian Banoo
8493702	Shinings	Setareh
73314028	soo3_	 
137492261	vahidmali	Vahid
155582335	davodm	Davod
56939910	arman_arian	ArMaN
73040500	mort3za	Morteza Ziyae
138422490	nimsede	
30190960	7iQ	  
203021687	mortazavi71	Alireza Mortazavi
2276421	rezamgh	Reza Moghadari
305608916	raminjafariam	  
1470791113	ShiRinKHV	Sh!R!n
906889734	jalejoon	j
575709466	ArmanTaherian	Arman Taherian
2274653292	Tedxkish	TEDx Kish
450823649	sahar_2m	Sahar
578970707	adolfsturm	Reza Khalafi
10181662	shayanshalileh	Shayan Shalileh
187608227	mhmdrzm	
55016985	parhamb	Parham Baghestani
16864971	alirezashirazi	Alireza Shirazi
17738399	sallar	Sallar
2329677058	ArashSammak	Arash Sammak
563763121	_cyanogen	
19758530	elsereturn	
277619459	31shab	   
58961589	vattandoost	Iran   
92096100	YoozPalangidan	
29031508	ArmanPlus	Arman
248660077	khajeh_joftaki	 
76172541	MilaDnu	Milad
269409732	Hoootan	Hootan
235288158	arshirazi	alireza shirazi
281899717	itsbordbar	Mohammad
163433987	bob_johnson	
22137452	matinjahantark	Matin
295251803	Fardinak	Fardin Koochaki
93937651	iMoh3n	
232814544	Hossein_Aghaa	 
15515208	Arrgha1z	Arghavan
2214511	daanial	Danial K
213694762	torgheh	  
131194794	Mrehsaaaan	Ehsan
223122702	islamizad	Milad Islamizad
248179781	pep30Cola	ali
309883264	Santuriuss	sirus
8568862	geeknux	Amir Mahmoudi
15810103	tabibzadeh	Ali Tabibzadeh
214980669	Hothein	dude
28539552	Mehrdxd	Mehrdxd
191039765	ErFUN_KH	ErFUN
89673662	Xerxes_II	Masoud
257552802	hos_hosi	Hossein.SH
70097723	samoneoneee	SAM
305215049	Negggar	NeGaR
205752870	NimBold	Ryuk
320653140	KoushaOnline	Kousha
305270423	gtkx	Arash
66475556	meisam31	Meisam
25859067	Hendoonh	Hendoonh
241205228	Parhamso	Parham
304591477	amirsaam	
42584086	siavash	Siavash Mahmoudian
342053975	Poshteboom	 
867187434	feriinoosh	Feriinoosh
146793905	saman_soltani	Saman
18514263	SHahright	SHahriar Rahnama
298383084	mmanij	
357617910	hossein_arta	
246433181	_migh	Milad
21094941	alireza__	
313256329	Baahaarm	Bahar Modiri
210682257	redchili2010	
74830696	navidakbari	Navid Akbari
46767553	amiirlatifi	Amir Latifi
91142785	_arashasghari	Arash
216798913	esfanj	
156605463	mirzaadamjan	 
262163194	Hosseinam	
186753928	STRAIGHT__	 
45796305	RaminTZ	Rmi
152241649	parsafatehi	parsafatehi
246942315	2TaRafe	Hossein
93636429	MarjanOR	Marjan
13058682	amir_abbas	Amir-abbas A.
287953764	rezamahmoudii	RZA
168457323	ArashManteghi	Arash
51764224	amiiirhoseyn	Amiroseyn
164040110	pooya_	Pooya
15162270	aminbz	
56189372	davoodtr	Davood Torabzadeh
17615128	gheysars	Sepideh Gheysar
34608520	jimmyheller	Jimmy Heller
