4710261842	AdasiShakie	
1522028761	musaesmaili	
735457824403259392	sinanamdar	 
3242368285	Rockkettto	
252771727	Taiwanii	
252862130	ammarhzr	Ammar Vaezi
618068420	khashayargiar	 
125139828	nazaninroghaye	Nazi
1329018038	culaan_	Dra
752835438	Amirrr7	  
951343620	_sad100_	100
407315593	_sheved_	
255038870	1masochist	
2623211	alephmim	aleph.mim
2320649540	_OhReza	
511883965	Mosht_aba	Moshtaba
434413333	Moje2100	
80556837	dsahba	sahba
171116097	AliGondo0o	
2255375036	LUMPY_54	LUMPY
434442640	shaakhtaar	Shakhtar
