101311106	momekajo	mehdi
2581086428	Shahrzadnaghib	ShahrzadNaghib
826527968474300417	themohamadzade	 
66491046	hoomanrezvani	Hooman Rezvani
70097723	samoneoneee	SAM
2427624403	srnmhda	
3297632319	mehrodadm	mehrodad
462739282	3LiDry	
2583985210	OMGsir	
19174885	varnic	
2228762088	1hoseim	Hosein Norouzi
846853320	Shahr2ad	
2211685645	DorsaJalalian	Dorsa Jalalian
1551032172	HOTEL_KAFKA	 
1401347208	mahlagha_hs	  
630361755	leonst7	L0N
248660077	khajeh_joftaki	 
1931115193	behrouzta	Behrouz
92500457	great_pear	 
1691574356	SharghDaily	 
2945599269	siamakansarii	Siamak Ansari
4624773153	t_alidoosti	Taraneh Alidoosti
1396552554	santiaaagoooo	  
87653387	zekipedia	
6244472	_iamhn	
304591477	amirsaam	
90387210	Rezaaam_	iRza 
420312299	p0neh	poneh
4782551	Vahid	Vahid Online
718592708	maa__saa	
15015672	Raaadin	
369140760	aref_b14	 
720568613921497089	codeine500	
66903666	kodoiin	
618287221	R3ZA_	R3ZA
19758530	elsereturn	
389696234	_mah_di	  
15175090	Sooriiiii_e	Sooriii
517701756	saharb66	sahar.b
232517224	emadoddin13	 
381434969	ttaabbaassoomm	
385964234	mo0orcheee	oqqq
1155126414	MasilGhorbani	
515825014	PherPhere	
1256706829	zat_ara	
550962119	MOFTNAMEH	 #
408371089	Meysam_Azad	M$M
994185613	Sou_Hait	
89673662	Xerxes_II	Masoud
93937651	iMoh3n	
232814544	Hossein_Aghaa	 
197936483	jo0aAd	
203456795	SHoBBar_MZ	  
163433987	bob_johnson	
18514263	SHahright	SHahriar Rahnama
322662305	Sshaghayegh	
137492261	vahidmali	Vahid
396567988	Mehribanooo	 
455078941	khormalooo	MinooO
1729650728	Zepeleshk	
269941857	mozhgoun	
2255375036	LUMPY_54	LUMPY
189545795	Khani	 Mohamadreza Khani
217106097	reza_eydak	Reza
1617526993	radiochehrazi	 
53804216	Ferihelper	Ferihelper
14493664	spidermard	Spidermard
93712572	Dokhtarhaji	Dokhtarhaji
16829914	alooche	Alooche
255038870	1masochist	
