569358782	DrNegzi	
33478393	elhammoin	elimin
703695036446330881	s90ta20	 
803545652135362561	xakesque	xak
274682033	Bonito_O	Bonito
1673735821	SShahsiah	 
2322846787	amirmiresmaili	 
889782678	sanatayulmaz	snz
704361376479879168	HajarRazmpa	Hajar
486697769	Faranak_amidi	Faranak Amidi
2580105296	OmidFarhangFa	 
69080841	Ed96win	Edwin
553484743	HedaMoo	HedaMo
286146354	hhadyan	 
3993602968	Nasttaran	Nastaran
887927391103967232	idosnapp	   
888070163198816260	AzamNaderii	azam
830809272720187392	theboringsara	 
775895848592871425	Gheiremotanafer	   
833792334	Mar__Naz	
1266734438	lolita_mn91	lolita
461320226	amir_habibzadeh	Amir Habibzadeh
779024223809437696	7sobhh	7sobh
2237397852	amirebtehaj	amir ebtehaj
883022765535645696	shahrzaadmir	shahrzadow
2273837028	mori_sadat	 
1960290398	Payamkhsll	 
852026825194610689	NahidPo	  
773817048728207360	kakmaki09	 
107223327	nafisehkBBC	nafiseh kohnavard
927743544	llleyla_	
714386815	thehamidism	
46852310	nekofar	Milad Nekofar
1403886157	RFatemeh	Fati
1897680145	MrHonju	
2301642108	baniadel	
874351845568913409	KiaeeMohsen	mohsen kiaee
4677053058	aio_net	
717341148952543233	SaeidBeygi	saeid beygi
2644197410	Snapp_Team	Snapp 
873377975709913089	_hartarian	
16673552	az_koala	
872701305239855104	binam8810	D
976844688	Maslloo	
712959220103176192	derakhtt	
3374668881	ehthaan	
862243010070945793	marzeh0	
711633566367674368	the_shemsu	Shemsu
1406882029	Kasfuckingra	Karsa
866382409876590592	Maashaallaa	
484229742	ali_satarzadeh	   
432283264	ReeRaaReeRaa	
117704069	shaho_nemati	
3422770163	hamash110	
865330616568557568	meeh_rayisi	MEEH
720275762264338434	aramahdeh	  
245975098	neutrinok	Kayvan Neutrino
252771727	Taiwanii	
740397066233450496	sooqrates	  
1343449495	aminiamin24	Amin
2441571489	OShifer	O. Shifer
3355536909	rebelstanley	 
700230066	m_h963	 
171000329	peka1355	pejmn
814644221571375104	mostafacanani	MostafaCanani
745182895820595200	arezu__	arezu
469485864	Mrsrsh	Soroush
236697038	EbrahimTabar	  
853662554492735488	pouryia	
1886188669	Voroodmamnoo	 
543660237	beygoo	Begi
814063344541978624	obalaghati	Omid Balaghati
206427431	MahdyarAghajani	Mahdyar
819981807689039872	najafi_tehrani	 
857279824481705984	frkmanu77	Manu Gh
2575440769	AbdolrezaKahani	Abdolreza Kahani
979863661	bashir_shad	bashiroooo
3230118602	Earth2News	Reporter
1543513790	Vladimir_amin	  ()
812401235164884993	shabzadehhh	 
853233671712669696	HT8589	Hossein Tahna
852056086668562432	golnazsoltani	GOLNAZ
700766533	hamedmedal	
835934937081655296	LotfollahiAmin	Amin.L
834016652932952064	notion_01	notion
832526395494510592	sajadafsharian7	Sajadafsharian
827654844810924032	5haqayeq	 
832345595796914177	Hanaaa2121	 
835198284411113472	farhadbeheshtii	Farhad Beheshti
2492468995	raminium	
822175024782123008	Ennzocoli	
828736596442755073	iliyak1	iliya Keyvan
3637217652	Gostavin	Ali
2761328116	Candoooou	
183206087	hadiahmadii	
799533382539636738	sajadbardia	sajadbardia
715971786677088256	rorrettaaa	Rrretta
3404209331	H_Hajipour60	 
854595619	sosha999	Peyman Yazdani
3269136433	isna_farsi	 
786995841500340224	BarbariKonjedi	 
2790305294	sisi_sanaz	
748995978930245632	_Nicho_Las	
812771242554118144	3Code47	
484284489	SirHermesMarana	
3069753491	ardeshirdy	Ardeshir D
636936027	Seenvaav	.
2330857326	siniorzambi	 
574511369	Alibazel	Alibazel
743532384516190208	Son_Of_The_BEEH	J
784459567405072384	mosisoley	
219088504	_AlliNeed_	 
49563997	llllllilllll	lil
94120711	geminitype	Salivan
4428730935	ArashKhosravian	Arash Khosravian
718547845641543680	naseredishnah	 
3242368285	Rockkettto	
116185997	rzgar_sh	rzgar
45293223	newseijiro	newseijiro
4851390610	nastaran_kd_	
2214869083	BehnoudMasoud	masoud behnoud
3012132606	CaHa33	
755404125756493824	zeevzn	Zara
14355043	GeneralFarhad	 
957905868	Ladyinghermez	  
2292544795	fariddmm	farid
754253521160134656	Tahmoures54	Tahmoures54
171116097	AliGondo0o	
749431901950279680	hawraman_sj	    
37004229	_Nightwatcher_	Arash 
713025680234127360	rsadrameli	Rasoul sadrameli
95157497	minashehni	mina.shehni
1631154242	sllry	Parisa
1275285656	47501262	meysam hamzehloo
2380382132	_sarbandi	
4073941822	__HanR	
81637121	y0y0player	
1698074828	MarzieJam	
1184510671	stascapando	
736095873285787651	ssinngerr	lhvgh
2304583044	khozekhan	
944369125	hangoftak	
751012920	johnameen	Me and Mozee
1065252554	aahoovism	
2883837808	charshanbeh	 
404186516	misterbex	Bex
45773624	Kianoooosh	Kianino
216840450	Zimcoe	
2160996164	RaminGB	CMB-16C
4452251001	northselkie	
2739841289	unluckylook	  
14851948	Katayoon	 
3003039241	lawliet_90	xanefar
2422359110	sardAAk	3
902746105	__M0NA__	
119672147	FareedJacoB	  
704418973220278272	you3efg	Yousef
189859877	s_a_m_L_m	sadegh sam
3405249253	arenesmaili	Aren
713313773038223361	soshiio	Baphomet
14341131	roozbehdotnet	
22024691	siavashh	Siavash
42365683	amirx	
94789918	samanoqo	Saman Sadeghi
518367176	Damoniqa	
2889896601	Hombilious	 
1146382622	Chissttaa	 
139335493	Admiral_13	
1632628790	homayoonvb	
403992736	lamahsa52	
117020249	_N_a_v_i_d_	Nav
245680664	aamino0	
2196627649	shaboonmI	
4875876797	ebi22292	
1268317310	gholianh1	  
2233134438	SadraMohaqeq	Sadra Mohaghegh
4645765413	poosaberi	petros sabeti
4565124497	YouTdii	 
4566764394	NfsBoho	
2408928240	_Shayegan	
4321918541	PaYaMLand	PaYaM
268958654	OstadAssadi	OstadAsadi
551730765	zahra2101	Zar
3848862313	__ft_	 
264309749	z85510	
4174871464	mahsashojai	
4180019440	similonya	
4172121493	TakhtkeshianM	Maryam Takhtkeshian
4164392352	AlirezaShayest1	Alireza Shayesteh
3900937816	_zirwan_	zirwanz
1649616901	MasoodMoini	masoodmoini
48747662	kaveh7777777	kaveh
1180588441	GholianH	  
937116199	parastufd	
3319227341	assvirgins	
3242364151	hichi_khob	
3423711914	Mr_amiri2020	 
129279460	petroCna	
1904550685	St_ErFun	Shut Up Head
2599275228	mohammad33_75	
