948476688	mimrasouli	Mim Rasouli
49196232	niki888	Niki A   
175091719	KarlTheFog	Karl the Fog 
3020500828	sallymcbright	
746366462655369216	aghazadeh811	aghazadeh81
839705149127933952	Prague__Spring	 
1403886157	RFatemeh	Fati
819981807689039872	najafi_tehrani	 
844486527220625408	Dziwuzona	
294525521	farn_sis	farnoosh
45604639	Naznoush	Nazanin
81951477	ntabrizy	Nilo Tabrizy
535238839	miimdal	
814960950432464897	haydiii_88	
841665113836904448	NMorshedzade	Nafisemorshedzade
2211685645	DorsaJalalian	Dorsa Jalalian
58467166	RoSaAe	RoSa
701484140206673921	kommunia	communia
3249810013	fatemehzh	
1584066241	alibozorgian	Ali Bozorgian
340418291	rulajebreal	Rula Jebreal
224940210	fannicanelles	Max Fanni Canelles
310896088	Daynaz7	
621786437	_a_k_i_n	
1922151919	Nessngh	Nes
761942267687043072	MaarNii	
769203447229014016	sanaakazemii	lumiere
288988334	sahar_jf	sahar
704996295467896832	Feri_2014	R
2769714516	LalehMonsef	Laleh Monsef
1685936720	Animmina218	Mina Akbari
807281879867129856	asle_jann	
2391375503	SanamHagh	Sanam Haghighi
747676301679534080	mim3495	 
46833541	rezamarashi	Reza Marashi
48878503	hmajd	Hooman Majd
48705646	shahandeh	shahandeh
1641446508	Behi_H	Behdokht
18549724	carlbildt	Carl Bildt
253004443	ThomasErdbrink	Thomas Erdbrink
14851948	Katayoon	 
203832409	qomnews	Qom News
433432881	Nedalica	Nedalica
47813521	JZarif	Javad Zarif
22899683	Omid_M	Omid Memarian
994511047	hesamodin1	hesam ashena
2575440769	AbdolrezaKahani	Abdolreza Kahani
852403757556084736	ArashAm17007602	Arash Amini
3250367812	ferferism	  
569322736	Madmoisellelot1	
2830148771	mrym19932014	mrym
325796554	HamidMiri	Hamid Miri 
774315267753123841	AraghiSamar	Samar Araghi
785058868137164800	khishtann	
390462172	M_A_G_88	Maryam
831519910463434752	mostafatajzade	 
2214869083	BehnoudMasoud	masoud behnoud
33059619	CobbsComedyClub	Cobb's Comedy Club
831117801448431616	sadsahba	saad
1201045933	BBCBastani	Hossein Bastani
398413431	LaK_PaK	DeLaRaM
127062637	omidkordestani	Omid Kordestani
43680503	aydeen	Aydin Salehi
23129237	jessicajackley	jessicajackley
547670065	_sh_ei_da_	
42176166	tparsi	Trita Parsi
56806379	NIACouncil	NIAC
262856460	rezaaslan	Reza Aslan
15297968	sheem_seen	Sheema
1946550745	royar87	royul
360324099	ErikClark2	Erik Clark
813286	BarackObama	Barack Obama
37204416	neg_s	negar
2500998260	an_nahita	
1325821	flyinsaucier	Ryan Saucier
807095	nytimes	The New York Times
21522338	marwilliamson	Marianne Williamson
39586452	Mahdiii	Mahdi
1050192284	Shamshirielmira	Eliimiira
822517901294845953	HalfOnionInABag	Half An Onion
522878221	shaataqi	
732648540854484992	Victoria_Tahmas	Victoria Tahmasebi
1038996313	ma_ahii	
18406388	farznh	
8920142	mimnoon	Masoumeh Naseri
811677508118650880	pariapartovii	Paria
2735512238	baahaarii	
4784004976	FarzanJaafari	Farzan
606176980	behbah89	   
791377039110569984	BegoBeshnavim	Naazi
809215581740290050	0XtommyX0	   
3271605907	AleeSoumi	AleeS
2284158014	CanonUSApro	Canon USA Pro
1633307082	etzms	
47633485	ReutersIran	Reuters Iran
484959613	kenrockwell	Ken Rockwell
732649152807469056	sovietvisuals	Soviet Visuals
2212958004	omid_____	
407278040	alskvrda	
1872820130	soormeh	soormeh
135679428	danimoh	
1522028761	musaesmaili	
14490065	azoli	azooli
434442640	shaakhtaar	Shakhtar
70575645	JIRA	Atlassian JIRA
1316672252	jelly	Jelly
13	biz	Biz Stone
429560383	AydaPour	Ayda Pourasad
1180588441	GholianH	  
45006996	tagh_	alireza taghaboni
366559590	BeingNimra	
4710261842	AdasiShakie	
32460469	Leemou	Neda
12688062	SepehrLajevardi	Sepehr Lajevardi
422690381	AnahitaGz	AnahitaGhazvinizadeh
2314077164	blopblipp	Not like I'm Maddie
210719582	asadgharighi	
853290625	TwitteeTod	
2280707911	Aftabnetmag	AftabnetMag&Website
751203234933383168	DakkeyeGoli	
181078043	Errfands	
544318453	g0lnar	
578568954	tanuchkaa	
712943659096780800	negar_nk	Negar
4203462135	maa_raaaa	maedeh
633263939	Samarghandkhan	
741163055099285504	marjanfiz	
817826257	tanzania20th	
722668042107363329	Phiilala	Phila
290086105	Mahsasaremi	Mahsa Saremi
1148759113	banafshe_M	banafshe _
1560105186	shiide_e	shiide
297021138	2eld4	
1930828290	_far_in	FariN
2300354767	Zy3na	
1860411289	ghzl_n	
62462179	zdast	zeinab
709423596	_shirinm_	
1691157427	elnoraaa	el
714159230245142528	kimiaverita	Kimia
602629562	Ferinaando	
14690170	PhillipOfAjam	P
3401364256	hastibo	hasibo
11885722	Hamid_h	Hamidh
4243969032	a_h_khorshidfar	Amir.h Khorshidfar
3321565798	amirtalebipour	A.H.Mirtalebi Pour
3309433122	BnzMim	Behnaz Mim
397537398	callmeyasa	
432657697	termehbrd	termee
3080762480	Sleimoni	M-hdi 
93204434	mehdi4361	Mehdi
46421054	Ara9h	Arash
848614634	BijanEg	Bijan Eghtesadi
2963943623	nmuseaoe	
411483717	K1sadri	
242807567	_aTaha	taha
2518120868	NooraDast	.
45118805	ADALISH	DALI
1147440595	nazaninfv	nazanin
62634095	amirassan	AmirHassan
1588420616	Jedaaal	Aliz  
3245408322	Sahbasad	sd
805817760	AliAbdi88	Ali Abdi
14567230	1mahraz	mahraz
403686789	mm__amin	
177746835	sayeh_ro	 
1667371002	plaque9	
868800500	mneiw	
2401002907	hanibalkhan	
979042861	behzad_bh	shex
44196397	elonmusk	Elon Musk
233329247	EnglishAnyone	Drew Badger
371875071	khers69	KHERS
226973327	GhzJabb	 
4442591800	kiasfandiary	kia
44857900	pooyashaahsiaah	Pooya Shahsiah
407315593	_sheved_	
88433268	sibzaminikhorha	
2303142614	idinsayyar1	 
2945599269	siamakansarii	Siamak Ansari
4624773153	t_alidoosti	Taraneh Alidoosti
2255375036	LUMPY_54	LUMPY
4782551	Vahid	Vahid Online
38333329	mayssamj	mayssam
