52391432	sahartolouee	Sahar Tolouee
21655230	alimalihi	 
1600742850	mowlaverdi	 
2174141100	Azadeh_pak	azadi paknejad
2412846020	PejmanRahbar	Pejman Rahbar
828292841147351040	z_mousavikhamne	Zahra Mousavi Khamne
143896671	Kaleme	
718048707791437826	elahekhyegane	Elahe.khosravi
841665113836904448	NMorshedzade	Nafisemorshedzade
4157826737	mqamsarian	 
1236906565	PanteaModiri	Pantea Modiri
45188226	ranarahimpour	Rana Rahimpour
244232732	yasharsoltani	yashar soltani
130549887	BahmanKalbasi	Bahman Kalbasi
2536462023	amirseyedin	 
831519910463434752	mostafatajzade	 
55796372	ashourinia	Arash Ashourinia
800738467453931520	namvarha	 
44064699	pourostad	vahid pourostad
19919875	kambizhosseini	Kambiz Hosseini
4921131	nima	Nima Akbarpour 
37413528	Parpanchi	Mehdi Parpanchi
223372811	Hassanvand	Sobhan Hassanvand
79707722	noroozpour	M.Reza Noroozpour
619441647	khabgard	
2676236637	EhsanMehrabi7	Ehsan Mehrabi
802994025695510529	navidnamayandeh	
1665480044	FarnazMiri	Farnaz Miri
628139384	HosseinRonaghi	Hossein Ronaghi
540135012	EmilyAmraee	Emily
2229049841	Javaddalirii	Javad daliri
2234816707	ShabnamRahmati	 
4906304499	maryam_zohdi	Maryam Zohdi
50329448	BBCFarnaz	Farnaz Ghazizadeh
2282789508	GhadimiMehdi	Mehdi Ghadimi
47554484	aidaghajar	Aida Ghajar
54480734	hamid_jafari	Hamid Jafari
524085004	javadheydarian	javad heydarian
2890925255	SEslamie	Saeide Eslamie
1905589586	sabaazarpeik	saba azarpeik
2662249976	pooryasoori	poorya soori
55186127	HoseinVahdani	Hosein Vi
2335175053	NahidMolavi	nahid molavi
248844427	mh_nejati	M. Hossein Nejati
198563041	febrahimzade	Farzane Ebrahimzade
2233195639	asal_abasian	Asal Abasian
109626033	nikimahjoub	NIKI MAHJOUB
14545668	Kayvan_Hosseini	Kayvan Hosseini
628118074	rezahn56	Reza Haghighatnejad
2234653398	azad_sahar	Sahar Azad
252131613	Fahimehkhezr	Fahimeh KhezrHeidari
39273768	omidkm7	Omid Karimi
1547620190	Gfaghfouri	Gisoo Faghfouri
54564589	Ghasemfar	Mehrdad Ghasemfar
54133469	alireza_rezaei	Alireza Rezaei
169179541	mamlekate	
14873102	ArashBahmani	Arash Bahmani
95157497	minashehni	mina.shehni
3091727255	ShahramRafizade	Shahram Rafizadeh
1621198730	SOmatali	Sara Omatali
35067843	iranbaan	Fershteh Ghazi
555234735	FareenAssemi	Farin Assemi
1397462120	BBCKhashayar	Khashayar Joneidi
371148661	niloofarghadiri	niloofar ghadiri
2471392868	mahsamrabadi	Mahsa Amrabadi
2615173525	SGhanbarpour	Sina GHanbarpour
3299668729	mansooroola	mansouroola
3014418428	mortezagolpoor	 
46061625	NewshaSaremi	Niusha Saremi
4782551	Vahid	Vahid Online
388195837	samadbeygi	Behrooz Samadbeygi
2994639981	Mdoai	Meysam Doai
2233134438	SadraMohaqeq	Sadra Mohaghegh
1584066241	alibozorgian	Ali Bozorgian
97251203	behnam2k	Behnam2k
406504775	shahrzad_hemati	shahrzad hemati
2594204948	alirezamahmodi3	alirezamahmodi
313979191	davoodpenhani	davood penhani
2228762088	1hoseim	Hosein Norouzi
