711633566367674368	the_shemsu	Shemsu
886851477599379456	synusi	
937116199	parastufd	
818408371854409728	boktanbulut	benam
200060005	Ghzl64	Ghzl
865887985199448067	stolzam	saber
2769714516	LalehMonsef	Laleh Monsef
876488607703351296	VandiSam	Vandi
1505251758	sajjadbrd	 
40445053	n4Cr	Nasir
408371089	Meysam_Azad	M$M
797008195088748549	KaafTeh	
927276392	zafmaaar	Zafmar.jpg
1180588441	GholianH	  
381361654	mahsaee	mahsaee
335385925	behnamche	
852056086668562432	golnazsoltani	GOLNAZ
236697038	EbrahimTabar	  
285640165	ArianHimself	El Duderino
275509500	Mansoure_P	
483994106	gandomsin	gandomgoon
353739343	oliverteeut	 
2180633748	MehdiAHM	
743532384516190208	Son_Of_The_BEEH	J
226973327	GhzJabb	 
125139828	nazaninroghaye	Nazi
484284489	SirHermesMarana	
4073941822	__HanR	
212687187	Tofangbazi	
3242368285	Rockkettto	
14567230	1mahraz	mahraz
2883837808	charshanbeh	 
787360202	HIAMOVI_	hia-mo-vi
210719582	asadgharighi	
2582005813	Helmar_kh	
548581706	ItsMetalshadow	
1474390170	Negar_CI	NeGar
230147735	DasistJD	Jane Doe
292443693	ferferiiii	FerFeri
1673735821	SShahsiah	 
2227308599	Pepper0nii	 
3276597846	TMoheidin	
2427624403	srnmhda	
4565124497	YouTdii	 
3204018261	baharanegh	beghball
1205343776	allexsupertramp	..
624031683	mooshtebol	
2693599770	_alphamin	min
14516781	3tareh	3tareh
3848862313	__ft_	 
3900937816	_zirwan_	zirwanz
410931201	aida_aina	Aida
37701509	Zibaall	
1530332280	ArezooA_	
179404703	Nasim____	ns
3023835104	ARRINKINKIN	
2615508085	hishbz	
3203149822	Edvaardoo	
404268423	SarviSad	
400062723	57muel	
1495951248	hosseintanha89	 (UNESCO)
3003434087	noonfee	
1234768950	neb_____	stephen
3080762480	Sleimoni	M-hdi 
397951068	schwifterin	
2963943623	nmuseaoe	
270375773	0ff_again	us
255038870	1masochist	
411483717	K1sadri	
287088046	ReviverOrator	
554534768	shaghaaa	sha
1511480538	__Bernard_	
2320649540	_OhReza	
946338937	hid__	Nah
212861860	ComiserJacobs	Nikbakht
279522990	naghmezz	
1663018050	Juani____	Juani
470857299	AuHasardBalth	
302460645	Yeahbanbalas	rad
33478393	elhammoin	elimin
62634095	amirassan	AmirHassan
397537398	callmeyasa	
24375268	india40	
2255375036	LUMPY_54	LUMPY
216133918	Xlibaba	Professional
552252520	engmahyar	
522878221	shaataqi	
1110143388	Sany___	Sanar
578568954	tanuchkaa	
396408830	soodImim	Dos Santos
1872820130	soormeh	soormeh
630294980	1st_nafar	
1037092932	lusinafer	
238229483	kuffmode	Kayson
1646009659	_vey__	
979042861	behzad_bh	shex
99999538	Mirzadeee	
601234471	colonelaorliano	colonel
602629562	Ferinaando	
50259717	Ehsanism	Ehsan Norouzi
1420440420	Honismack2	h.o.nismack.2.
177746835	sayeh_ro	 
171116097	AliGondo0o	
294014531	GoodbyePaterson	 
1329018038	culaan_	Dra
806080675	mowtion	
873867872	Teymoursg	
2623211	alephmim	aleph.mim
403999527	Coffeeelizard	Coffee Stark 
524893817	elicohaam	
406625692	phoenix0k	Phoenix
14648025	rezaxiii	Reza XIV
933027068	Nperma	epoch
67444327	saman_hf	
48538079	Shaamorti	
407278040	alskvrda	
742646192	behnazn2	behnaz n
297081530	Kaafffff	
15086510	pngle	PnGle SeleYeR
406784706	Nano_the_Lost	Teodora
156605463	mirzaadamjan	 
96130616	alborz_z	Al
203678193	shomare29	29
480737104	HamedTabaar	HamedTabaar
821885828	hastaloo	Hastaloo
14690170	PhillipOfAjam	P
198324192	Rol3erto	
44857900	pooyashaahsiaah	Pooya Shahsiah
511883965	Mosht_aba	Moshtaba
67999178	Don_MMMM	
135679428	danimoh	
403668878	Abestanioooos	Abestanioos
403686789	mm__amin	
232814544	Hossein_Aghaa	 
407315593	_sheved_	
434442640	shaakhtaar	Shakhtar
238330325	zirwanz	zirwan
434413333	Moje2100	
475664526	taraneh16	
123577879	aazaad__	Merkwrdigeliebe
4782551	Vahid	Vahid Online
