819981807689039872	najafi_tehrani	 
751203360058007552	morteza_rohani	Morteza Rohani
404465972	Atiyeh69	Atiyeh Hemmati
236880505	reshadman	./Reza\ Shadman
738319892	zahrasafyari	 
53468235	hrezaee	Habib Rezaee
1931356045	AminBozorgian	Amin Bozorgian
3422770163	hamash110	
2657696780	Golnea	Goln
1577118648	_parnian	
1313578087	everyday_afg	Everyday Afghanistan
810134313010417665	alishakourirad	Ali Shakourirad
112507479	arastuq	Touhid Arastu
814231264765026305	Eshaq_jahangiri	 
472852789	fateme_j	Fateme
508809710	BBCHoseinSharif	Hossein Sharif
814063344541978624	obalaghati	Omid Balaghati
3131466466	abdollahram	AbdollahRamezanzadeh
830045911736807430	aliaalei	 
860599267664297985	M_khalili_1993	 
1201045933	BBCBastani	Hossein Bastani
830391032	MaryamMohtadi	Maryam Mohtadi
58230791	tourjan	Ali-Ashraf Fathi
758182858716348416	SalimKLnr	Salim||
852056086668562432	golnazsoltani	GOLNAZ
814777361354948608	EhsanBodaghi	 
119002877	yaldarta	
841665113836904448	NMorshedzade	Nafisemorshedzade
4106521684	ARFsh83	  
3376286595	KianpourAlireza	Alireza Kianpour
486697769	Faranak_amidi	Faranak Amidi
2850594323	MJ_Akbarin	AKBARIN
35201190	digaran	Meitham
771010468479512577	katiithegreat	 
434413333	Moje2100	
279522990	naghmezz	
403686789	mm__amin	
2152308301	AriyaEhsan	Ehsan Ariya
2225543936	HamedShojaie	Hamed Shojaie
773817048728207360	kakmaki09	 
4538783414	azdla	
1648719602	m_bayatzanjani	mohsen bayatzanjani
858790968820207616	Jomhour96	 
1146382622	Chissttaa	 
704361376479879168	HajarRazmpa	Hajar
311362691	qazalnazbaqdadi	Qazalnaz Baqdadi
57107167	twibbon	Twibbon
853290625	TwitteeTod	
353739343	oliverteeut	 
177746835	sayeh_ro	 
336178254	F0gMind	Vnus
297034913	FerDokht	
805550820	RealKharmagas	
2761328116	Candoooou	
832312644237455360	spotifyir	Spotifyir
255038870	1masochist	
48448134	marsalijo	lijo + 
3369245271	mou_seer	
93473625	mina18aban	Mina
576495812	mndctld	
45118805	ADALISH	DALI
461320226	amir_habibzadeh	Amir Habibzadeh
4845704910	NoonooshMahdie	NoonooshMahdie
3016327070	darkbluedreamm	Mary
796837816886038528	radiobudio	 
332907128	l2eza	Mohammadreza
483994106	gandomsin	gandomgoon
838504298069778434	mohammadmehdi65	  
65865392	pemiphilo	Pemi  o
242807567	_aTaha	taha
56319902	MasoudFatemi	Masoud Fatemi
411483717	K1sadri	
2479630459	dearr_user	Amiiiiir
1595475271	arianmoghbeli	ari
14517156	donyarad	Donya
831519910463434752	mostafatajzade	 
2180633748	MehdiAHM	
2516171059	rfi_y	 
238330325	zirwanz	zirwan
123577879	aazaad__	Merkwrdigeliebe
700230066	m_h963	 
3718940728	KianaMsqt	Kiana Masqati
2996877374	annetnazari	InMyBrownEyes
320195081	MiidnightBlue	  z 
1080370987	MahsaNemat	Mahsa Nemat
752593	Mesbah	Mesbah
2451908592	daryaadaryaa	Darya
768290052803702784	1sttshott	 
132898764	mohz67	
1698894774	hedhed10	 
1946196584	navid_bhz	Navid Borhanzehi
2237397852	amirebtehaj	amir ebtehaj
1691157427	elnoraaa	el
1234768950	neb_____	stephen
454107073	Daee_Saeed	 
524085004	javadheydarian	javad heydarian
210719582	asadgharighi	
1930828290	_far_in	FariN
737688642420903936	Mehdi51478652	 
2300354767	Zy3na	
4708866923	MohajeraniSayed	 
815813149257502720	Reihoon_	Reihane
457427091	Ashi__mk	
183206087	hadiahmadii	
4897803268	h0d3r_fa	 
513478434	SamanMovahed	SamanMovahedirad
491129474	Miratica	Mira
13832792	EbrahimHeidari	Ebrahim Heidari
519773434	SaharDery	
434442640	shaakhtaar	Shakhtar
1588420616	Jedaaal	Aliz  
171682730	GiGiHadid	Gigi Hadid
736556386377572354	tousheh	 
3248904409	ManTaraham	  
810783619170111488	Hugsy_stuffed	joey
704719027160145921	Alpainn	
22595262	elclimo	Liz Climo
337038595	Ghazaal_	Her.
2335175053	NahidMolavi	nahid molavi
2615655384	leymm_	Ley
125139828	nazaninroghaye	Nazi
809743447246733312	alimotahari_ir	Ali Motahari
3405249253	arenesmaili	Aren
779062878930219008	pokuhantes	Lilo
4710261842	AdasiShakie	
2214869083	BehnoudMasoud	masoud behnoud
504767598	1mohitban	  
4407959859	Maryam886488	Maryam Mohammadi
751721055031586816	mah_sadeghi	 
219088504	_AlliNeed_	 
1909194540	codecondoltd	CodeCondo
107223327	nafisehkBBC	nafiseh kohnavard
3310359850	Jobinjajobs	Jobinja Jobs
2260441146	spiraldesignorg	  
187139551	_MehryarS_	MEHRYR.S 
1110143388	Sany___	Sanar
2422359110	sardAAk	3
2420221992	tarekedonyaa	 
1530332280	ArezooA_	
4223383694	ClemKruczynsky	Clementine
189212142	FeeReeSHTeeH	fresh.azd
2154846295	Narcciiss	narges
3355296527	_siavasha	Siavash A
552252520	engmahyar	
285019665	Real_CSS_Tricks	CSS-Tricks
3857006780	haUl_patU	  
1522028761	musaesmaili	
407315593	_sheved_	
773539136158502912	__attii__	atefe
2518120868	NooraDast	.
3204018261	baharanegh	beghball
2511871525	zenomek	zeno
4452251001	northselkie	
66491046	hoomanrezvani	Hooman Rezvani
4527292276	IranEscaperoom	Escaperoom.ir
733425224922861568	itacalvino_	
3313382326	Mimozim	MimoZ
3851000734	AminAnvary	Amin Anvary
217861092	ArashGir	 
713313773038223361	soshiio	Baphomet
16326063	samousavia	
1860411289	ghzl_n	
551730765	zahra2101	Zar
410082955	negar_z	
2190106878	NazaniNKZM	 
621458943	Siiinshiiiin	.
1184510671	stascapando	
4250674173	ely_shahy	
1898476412	mim_m_mim	
270414705	coolioosha	 
2431531934	marjjaaa	pointless
6029522	jadi	jadi
44358393	Nooshyar	Nush
14498809	smto	Somayeh Tohidlou
4717726395	AzarMaaliNasab	. 
734296968609009664	Faridyegane	
1584066241	alibozorgian	Ali Bozorgian
1898278880	PeymanFD	
4850115495	Redrareneg	
3245408322	Sahbasad	sd
283150806	FaNaghme	mei
4015758021	grzngi	
14648025	rezaxiii	Reza XIV
4859337176	hafez_hakami	Hafez Hakami
3739682116	SheTweeting	Shahrzad Beheshtian
601234471	colonelaorliano	colonel
323164979	Ali_Rajabi	 
253971447	Omid6887	Omid Rezaee
2292848544	Messiah_93	
236393146	SGhazaliFard	S.GhazaliFard
2304379976	rafsanjani_fa	 
47554484	aidaghajar	Aida Ghajar
2889896601	Hombilious	 
14516781	3tareh	3tareh
297081530	Kaafffff	
171001767	immersivio	
1629887622	si_rish	
1474390170	Negar_CI	NeGar
2647609783	_Dogmatist	
2286253674	saman0018	 
