2491139642	Qadershahhakimi	Qadershahhakimi
2176886864	vahid1407	 
2895358467	shervin_omid	Shervin Taheri
423924903	artahermes	artahermes
851573138680840193	chaghzzz	
836574312337387520	shimaostadi	   
820959592939212803	arashalone98	 
812018026279268352	All_Farsi_Tweet	 
847803436242489345	farhad_260	mahsaa
828277867167481858	_nextpresident_	  
850051578455363584	tweet1story	One tweet stories
773479628476329984	intel1960	victor
848779632992235520	roxsana1370	
2424184705	sun1362	SUN
849948308915335169	samir3_s	S
851365148325539840	fardinhy1364	  
17272701	habil	Meysam Ramezanali
749670136882274305	SHAHRAM610	SHAHRAM
790809556049944576	mehrad_moh7	 
851459251851714563	FaramarzAsef	 
755472980407451648	homastb	homa
825243983718793216	alipaiderman	 
781868153211150336	zeinaB7675	  
626274966	DailySexVideo	DailySexVideos
1208595140	zarvan56	Yeganeh
2433856767	eng_raymon8	
16914220	baharnarenj	
767791358778146816	razibanoo	  
745367263033856002	Gherti_	
2172778037	Rasputin8569	
1952343223	somayehnosrati	Somi
4071744795	Arthur_shopenha	
782195701807800320	Ali_twittt	
4867003810	mahnaz_zrn	Mahnaz Zrn
4869261154	hesigo0oli	s
783590702164967424	omidvar1374	
1520666797	hicHMagoo	
795272611555065856	amir_2260	  The Mentor
3434233393	epvipa	
3683541503	hajihoseani	  
794624768687292417	_Lee_Lee_Ann_	Lee_Lee_Ann
2326506834	ahmadbagheri5	ahmadbagheri
791958305421729793	Fdariush	Dariush
783373760564867072	IranmehrPari	parisa iranmehr
519773434	SaharDery	
357541884	Sogol84	 
1640362993	Faranak__	
751176025	kevinmiston	Kevin Miston
785754759403802624	itsGandom	
2950042619	Sashtyani	
16525843	yasharsun	$
48485920	RL1358	Roozbeh
728984256672829440	ghazooleee	Ghazal***
764480659	greatarmin	ArMiN
748926394164469760	FarshadBvn	LT.FARSHAD
728907802966695937	shaligirl89	maryam fath
3599774055	temppx	   
2576045061	selene_shirazi	
4081627692	Hoo_Say_No	HusseiN
3005429115	FarshadSalahi	farvartish
2723749248	heyejimi	.
741393352201887745	bassasiri	
3077433529	7_pelaak	 7
863685254	mim_laam	   ()
3086026040	TheDIYGifs	5-Minute Crafts
8551092	minXamin	  
713860746795466754	elahetwiiter	  
432002147	kamran1247	
2431531934	marjjaaa	pointless
726531218	arghavaniiii	 
466540728	shine111	shine
4864409615	MichkaMuChKa	Michka
529840488	centum3k	centum
740425193424883712	zaneshoo	  
1963424112	daielishi	 
733670641606524933	Anna_Cat1351	A.n.n.A
730080295077199874	seydkalak	 
96130616	alborz_z	Al
3245676488	7333Sara	 
304842019	dreamgalaxy_	
4117232032	khastegii	  
253099276	peportman	
727174799810666496	shaghaaayegh	
17066033	Boushveg	
1479581311	Roorshak	
1910447929	allllefeh	 
704228248025227264	farjam58	FARJAM
3255452760	_NegarR_	
4709896350	wisconsinli	
3923372239	bird_loover	mahyar
2606338268	A_Sip_of_Poetry	  
712203671258451968	Gavrch	
858586904	hani41011433	hani
707212334238867456	boghze_darya	samira
717996305717407744	qazzzal	
719259116645060608	marjun_066	
1689250165	_postdoc	 
707635903376846848	EsienFara	eh_Sun
19960853	ed_silhouette	E m a d
711292546110988289	ladyhappy81	
1099435338	andishehviolet	 
3327493703	NamarboOt	
4286849063	Bargostovan1	Bargostovan
1322319715	UnreveaISecrets	Unrevealed Secrets
712179821166592000	slhSmokingRobot	 
705638657617633281	sahariiam	 
478377028	nima_farzaneh	nima
710160651927330816	onlyminu	 ...
712749119664730116	ayazdanbod	Amir H. Yazdanbod
4795342575	Sourena2575	Runner
902746105	__M0NA__	
73037257	maryamCR	C.R.
706326211744542722	Gharivv	
706271826486423552	adabiat140	   
2431468272	FibiBoufey	
3023700454	stn_re	 
2281220292	ka1oon	Light seeker
43698319	amir_persis	 
3184395896	KHmwsh	.
142323611	I6_6_6I	devil's advocate
1905223496	lexuscanada	Lexus Canada
332676108	Mostafayam	
627700720	Mo0savi	
188724746	Fakhl2i	Fakhri
3949544908	peyman_morshed	11:59 P.M
2740830435	a_k_nox	ali
3130469493	net852	K1
873867872	Teymoursg	
626687250	1989shirini	ben
4494578325	kahelnamazzzz	 
1633436996	ArtNudesDaily	Artistic Nudes
4871600229	A_Parsa_Zad	Parsa
438241792	amirshahsavan1	falldown
381599508	PVahidi	Pooyan Vahidi
1630711892	_sanaaz_	
2421831930	arpourabedin	Alireza Pourabedin
3396867263	yahyaultralight	   !
2572058290	aliimani17	ali
330226919	Mey_3am	
4240612887	mrmus00	mrvahid
4454890522	stranger___7	
1377062605	Andreii_r	kewi
4207528719	AliiiMahmoodi	Ali mahmoodi
2962531792	Allir3zaM	
4898836042	usar1291	
4590992309	M1_A_B	 
1520006918	ThePowerfulPics	Mens Style
3212931693	missprinncess1	
2969500671	parhamjoker	Joker
4915697324	Iammahdeep	MeyT
4888646067	Dery199	  
4795071319	MehranAyooman	heart stone
1539457848	farzad_haddadi	CHARLIE
3344395845	thewow9	onami
3232363862	fariba_assadi	
1106275189	kalegondeh	   
1116427544	asysepid	
748406094	faraaz___	
2599053627	ketabenakhande	_
241996462	M0Tabiii	 
3827008992	esipacin0	
510012293	hheFetaa	
311012819	peimanf	peiman
289829390	alef_feeee	AMIN F.
339808291	R_word_is	 
1463293135	MeghdadHb	
4697790452	Dardeshab	  Khan Snow
228778225	H00DAD	  
294537916	hzakarami	  
136529072	Bayonsa	
3381623343	adibinia1363	  ...
4728549089	FaAirx	
48936972	sahartwitt	 
4735081573	maahouraa	
2253185700	hamid_mz76	 
1017704460	Dariush87122871	Marshal
4794171533	Tabaghe_hasas	Jackson
721072262	baharak1975	 
4873506250	MimRezaei	 
3399124558	Marii_Abdi	 
452775410	elphias91	
2492560986	shahab_zanganeh	sherlock holmes
115379480	dmimimal	Dani Mimimal
2283104007	hamidrezahn	 
18340088	hadsern	 
370338686	S_A_M_eee	BeardedGuy
4098778553	jahangard3	
3545944768	pari9415	
2305325226	_happal_	   ^____^
2211041090	mahsanmir	
3136101977	Maryamdyaar	MaryamDyaar
2325402652	akhareen	
15734596	persianshadow	Mehdi Shahdoost
437024636	ParhamSaleh	
1577623176	SharareMishavam	   
4804494213	Siilverrrr	SABR 
2970592697	Taylr_Durden	 
3501858081	mataji1362	
4833124155	Ra_Sa_D	  
23989810	Omideshoon	
