808386187442397184	mr_nonkhamei	   
884735278665146368	All_e_gro	Allegro
889576958115233793	MehrabanTanaz	Tanaz Mehraban
713860746795466754	elahetwiiter	  
3134507540	Vfx_post	After Effect
359977904	mehrdadzola	zola
392417024	Haspaceshem	 
2834221989	roshtolah	  
889315416	Hamiticc	
3292820093	Naftaalin	
2244260910	aghayev1	 
252862130	ammarhzr	Ammar Vaezi
260695909	goliammar	Ammar Goli (Erdelan)
252771727	Taiwanii	
884014743324938240	_anna_kamali_	
481055461	Mr_Dario0	Dario | 
96130616	alborz_z	Al
334659011	MoslemMoradi	Moslem Moradi
882674855036022784	Vaghih	 
233614681	PassionPosts	Fuck Feelings.
818567929105121282	kg7sly	 
533118771	amiirbr	amiirbr
1028214691	___mAn____	 
876221751390294017	_azerila	
825625190755422208	DarakhshNaeem	
849670398862127104	Sarahsjd95	
85452649	edsheeran	Ed Sheeran
1336248866	BehinedTheScene	  
2168861160	2takaaf	 
758182858716348416	SalimKLnr	Salim||
874538020195766273	hamiiid_992	Hamid
14341131	roozbehdotnet	
791939215734910976	_darkm95	 :
255038870	1masochist	
875803216742674432	699ynwa	 
542072898	RaakStaaar	 
2883441838	matien94	  
715648856558608384	mohamadahj	half-way decent boy
752721356	ashkank_h	ashkan k.h
820738028536791040	RoundYearF	Round Year Fun
815174108849852416	batne_chap	  
822936758862094336	MrRst13	  
774715962872455168	mortezaoleg	  
253442919	Banco__	
20132309	r33zaa	
35670539	mmosafer	M.Mosafer
2573821889	khashayar5h	
732301153371889664	hadism__	
752593	Mesbah	Mesbah
726495287515185153	amir_936	Amir Mosallanezhad
76980283	Tahmooresss	
704360322216370178	mamali_96	 
572051429	Serpicoo3	Serpico
874903759431897088	IrajMaleki	Iraj Maleki
2283104007	hamidrezahn	 
1931553402	azad_fa	Arash Azadei
1899606800	KiavashR	
2864579761	namo_1359	NAMO
3070766842	salvador_hp8	
1229999605	niaorinian	 
246402780	dederossoneri	DeDe
786892569443786752	iamkhaje	  
309064867	ArashBarahmand	Arash Barahmand
783135090	rez0oli	
2737200468	Arhaam95	 
14873102	ArashBahmani	Arash Bahmani
1598104555	Arash_N1999	ARASH
313838974	Darvish_Aref	
241051342	hechchi	Ali
256532662	Jasem_Far	
3332348650	specialartstore	gentleman
808441262	Hou5hang	Houshang
2745069173	Reetwittgar	
2336733762	ketabha	
795735258800984064	Iceberg_yy	 
789961537175818241	fakhermoftakhar	 
4345270523	Pinadoye	
90387210	Rezaaam_	iRza 
78076176	mehrprs	Mehrafarin
1760940781	h_a_d_i_y	 
2827934298	Kr_Soze	 
2265783968	re302za	 
578764816	Cortexoo	 
1604687634	ebrahimnabavi	Ebrahim Nabavi
556776173	meditaran	MEDI
861492803767078912	mohamad2motlaq	mohamad motlaq
4103818579	Sag30biil	 
761506187896430593	MohammadAliFal2	  
357541884	Sogol84	 
838633493328429056	hamirdeza	 
2927241833	CnaHastam	 
425985598	notoall	Sraan
181078043	Errfands	
1670319972	MehrdadPatriot	
3008480809	alexduma6	 
2379395802	sinachenzo	
335488613	oloollol	 
847190525962846209	amin_jahanbani	
571878618	SabiRabson	 
329345186	samannn17	
552252520	engmahyar	
635701467	AmiraliA9	Amirali K
361296165	4rkanii	#4RK
245975098	neutrinok	Kayvan Neutrino
966372396	DamaghAmali	
2246074231	Solisal63	
856259738	Mohsennsaba	Mohsen
256433565	Gavaazn	
485613759	milimili18	milad nouri
629107318	EyL0t	
9313772	onlymehdi	Mehdi Saharkhiz
175807768	asmartkid	Yazdan
806453748	danydanyfa	
2205167191	donya_meinhof	
551783783	lu3ifer	
2196627649	shaboonmI	
1210486981	Supermarketiyan	 
704418973220278272	you3efg	Yousef
2733186802	derfoool	one
966113256	fanta_msh	
3195876470	8Retro	Retro
380416900	arminghias	Armin GHias
4538783414	azdla	
2958304667	gorjico	 
3727936577	_kebrit	 
822175024782123008	Ennzocoli	
2842762711	EbrahimGv	Ebrahim Geranpaye
610833618	RezaGhari2	
731157241722720256	ha_di_lay	  
748609788028682241	Mohsen_msh2	Moh Sen RishoO
724681861910401025	sinadramatic	
1689250165	_postdoc	 
2383030438	M4DG0DD	 
231180234	onlymuratt	
1573859414	bobraando	
112029481	Siiibiiilak	S!B!LaK
2802811241	big_loti	 
2344835546	MelikaBidabadi	melika bidabadi
3293348257	MahdadHaghighi	Mahdad Haghighi
168827211	Jooyande7	Mohsen Elhamian
1495951248	hosseintanha89	 (UNESCO)
1667371002	plaque9	
775299166931193856	amir_1628	Amir Hosein Goodarzi
814927046707204096	ava20tar	 
804474150	hermandovo	Amir
295536609	Hamidreza_Zarei	
4361981367	_b_ra_d___	 
2478900341	msadegh122	
2572593847	H_luigi	 
2663060166	MO3NHE	MO3N
2823870997	hosseinreferee1	hossein
3257715884	Orpheos	
2870706783	Riviera055	NAMI
3182140459	iFlame__	Zippo
2279143549	ntk777777	
528490048	shahabrahbar	  
721526090	ifo008	afshin
814864263189843968	patrick_jane77	Sheldon
735733398455517185	A93KJ	
709483144790024193	mannnnnam	  
741724589865209856	ohshitSani	
239108786	nostalghiamile	 
739076375139786753	173MJ	
451783052	_velGard	
2242261040	jangalsorkh	
1652669736	kolang29	
275221481	xmangamma	HadiRostami
2188660708	mamayzaaa	
2458550538	m_misanthrope	
873867872	Teymoursg	
1460190600	Cambeaz	
3293853610	AAmo4841	A
574654481	foadi65	foad
2576013013	misled_1991	
3802439842	amirhossein1_	
1260515562	siinior	
3351919995	sargordtl	
1907491525	aqaye_alefba	
510971772	bitellooo	
716522026693996544	Mahboob_lonely	 
3422884427	mrymuu	
330244006	amou_milad	 
1127956519	mashroti	
449013171	imthefatherbear	
1091818610	bighomyken	KN
282457543	Kioomarth	
702134121082949632	mostafaJ9	
2164772066	Amir_Ho3inn	
984901872	parkanet	
3242236239	bohluol	
732141377291730948	mynyator	
110604781	zakharetam	 
4437835289	deadniggassocia	DNA
2683762949	miladromi	 
240390132	bushido______	
219218151	maziarajax	
717361863013568512	M_evanescent	
3513699208	Ghazi_0105	
744898383064621057	Virengaar	
704461052663230465	Firstlocky	 
