859867542076235778	hedhzom	Mozhdeh
109626033	nikimahjoub	NIKI MAHJOUB
356842518	GolrokhS	
851362340033486848	zigplus	Zig Plus
16973333	Independent	The Independent
4337208434	yawcii	
883022765535645696	shahrzaadmir	shahrzadow
808643193591971840	likalikahooo	
279522990	naghmezz	
5693132	ArmiinRad	
787360202	HIAMOVI_	hia-mo-vi
875992032170442752	TehranyHediyeh	Hediyeh Tehrany
415850821	TweetDeleter	TweetDeleter
3347574856	MohamGhaznavian	Mohammad Ghaznavian
621786437	_a_k_i_n	
884440258242392064	Sina52839722	Sina
129279460	petroCna	
711633566367674368	the_shemsu	Shemsu
862093905453608960	N_Khodakarami	Nahid Khodakarami
2479087773	Attenboroughs_D	D Attenborough
773817048728207360	kakmaki09	 
830809272720187392	theboringsara	 
4457694141	90sgirl___	o
2711956260	Sel1z	Sel
3247703020	MenschOhneMusil	Mordecai
1922151919	Nessngh	Nes
47746339	neginsh	negin shiraghaei
712203671258451968	Gavrch	
809743447246733312	alimotahari_ir	Ali Motahari
814231264765026305	Eshaq_jahangiri	 
96130616	alborz_z	Al
181078043	Errfands	
2907774137	archillect	Archillect
174230488	Masterrianni	deVrij
471946486	hassheli	
45604639	Naznoush	Nazanin
3242236239	bohluol	
1011802038	baladtarin	
3879133462	AliBayayii	
3401300499	BoulderingLove	I love bouldering
1542533869	thereaIbanksy	banksy
979042861	behzad_bh	shex
1628691817	Enymeria	
371875071	khers69	KHERS
429560383	AydaPour	Ayda Pourasad
392131408	_sepide	
789497569890013184	S_A_Salehi	Seyyed Abbas Salehi
1620130892	raz__mari	
169179541	mamlekate	
18424473	_Cafe	Cafe
4921131	nima	Nima Akbarpour 
540754851	deraxt	
51509291	dazasimetra	RemeVII
4897261432	itsmaryamcallin	Maryam
1382030096	Aisalized	Vellichor
732075575041511424	Abdolmartin	 
764956851217715200	GhostFaceKilIua	Killua
861879811861610496	hivashaker	 
388720725	mmayamr	maryam
4290888693	quetatoc	Queta Rius
54133469	alireza_rezaei	Alireza Rezaei
860302354821910540	BehrangRajabi	Behrang Rajabi
870736163425923072	RAGAcollection	RAGA
880674046731485184	Ghheidari	gholamrezaheidari
54564589	Ghasemfar	Mehrdad Ghasemfar
762229974287978496	okiAddy	Amphetamine
852056086668562432	golnazsoltani	GOLNAZ
2617559527	bluenbruise	Mhyouu
195224039	Mimabedi	 
820015145384546304	sbiabanaki47	 
775972524819484672	Iamryok	legion
3993602968	Nasttaran	Nastaran
862243010070945793	marzeh0	
4462624581	m_arja_n	marjan
587885385	amiryaghoubali	Amir Yaghoubali
47421258	Golshifteh	Golshifteh Farahani
3512008875	hasanasadiz	  
1604687634	ebrahimnabavi	Ebrahim Nabavi
730043629851398150	winstonvscamel	 
109707441	albarezzahedi	Alborz Zahedi
381860861	illkami	camden
803545652135362561	xakesque	xak
735084560019509248	pegaah_b	Pego0olak
814063344541978624	obalaghati	Omid Balaghati
825065930757541888	milaniabbas	Abbas Milani
2446077384	Aftab_Naghashi	Narges Moosavi
4897803268	h0d3r_fa	 
749551939483004928	bahmandaroshafa	 
619441647	khabgard	
253246835	AMINBASTANI	Amin Bastani
244232732	yasharsoltani	yashar soltani
2500913088	SherBvaqteDidan	   
815629784789164033	Yasmangoola5	Yasmangoola
856497684521373697	Hashemi_Taba	 
181198159	HichkasOfficial	Hichkas
821885828	hastaloo	Hastaloo
371148661	niloofarghadiri	niloofar ghadiri
1579422614	Calvinn_Hobbes	Calvin and Hobbes
831519910463434752	mostafatajzade	 
2735132081	tooshiin	 
1359446846	NrzNima	Nima Nrz
832574930852143105	BilliStoner	
795889123810824192	peymanrajabi3	peyman rajabi
714170290201305088	PromiseOfALight	 
285640165	ArianHimself	El Duderino
210719582	asadgharighi	
1426036962	AndyKalbaugh	Andy Kalbaugh
57779998	kadivarj	Jamileh Kadivar
912005490	ma_ahangaran	  
819182491537932288	abbas_molayi	 
4708866923	MohajeraniSayed	 
819981807689039872	najafi_tehrani	 
626624677	_GOLNAZ_	golnaz
35067843	iranbaan	Fershteh Ghazi
799985566590922757	haafezeh	
2237397852	amirebtehaj	amir ebtehaj
93448934	sareghorbani	sare ghorbani
96394122	abtahi_m	Mohamad Ali Abtahi
4382567835	VaghayeDaily	 
710719111605530624	goorbachof1	
713898001404661760	Christo74275756	Fiend without a face
3404209331	H_Hajipour60	 
14677919	NewYorker	The New Yorker
2778277224	JoeParak	Joe
848176579	ALI_KALAN8	Ali Kalan
107223327	nafisehkBBC	nafiseh kohnavard
1404590618	HassanRouhani	Hassan Rouhani
47813521	JZarif	Javad Zarif
2164626723	ebtekarm_ir	 
1600742850	mowlaverdi	 
1380971438	ColorsEffect	Cinema Palettes
2776120300	absurd9555	  
3133831010	EeesyRider	EeesyRider
1201045933	BBCBastani	Hossein Bastani
2214869083	BehnoudMasoud	masoud behnoud
4663254350	Comedian___	Edward Blake
838179284980215808	heterotopien	Samira
852981644420161537	chawtaar	Mr BigHand 
22131023	bartolomeew	Barthlmew
752172588831543300	Henraaw	 
781207694313189376	__projax__	Projax
125139828	nazaninroghaye	Nazi
443151819	spiralitiTe	Azin T
751721055031586816	mah_sadeghi	 
1308403188	marjanglmd	Marjan
238229483	kuffmode	Kayson
849886110465626112	arezuheidarzade	arezuheidarzade
2355808260	41Strange	41 Strange
4375499121	ohdeer4	
248525138	alchemistlilith	lilith
48771579	fookoolikoo	Furugh
256562138	Devi_Fede	Federico DeVirgiliis
561857786	LionsgateUK	Lionsgate UK
4493173634	PhotoGhibli	Studio Ghibli
758485755383713792	Hexenkraft	Hexenkraft
2182823810	yeghsha	shaghayegh
2991948728	AHistoryofPaint	History of Painting
825753632868069376	Eliantoran	
47285504	MarkRuffalo	Mark Ruffalo
4057656975	JohrAoomr1987	AOOMR
2156304210	vvgcabras	giovanni cabras
931995493	nimapixy	nima abedi
835934937081655296	LotfollahiAmin	Amin.L
42655698	kaveh56	kaveh56
755876010789220352	Inqilobiy	Tarikh
705831338725740544	TheGhibliMuseum	Ghibli Museum
2902902580	Azarestaaan	
20359402	ARTnudes	ARTnudes
1633436996	ArtNudesDaily	Artistic Nudes
829344510664724480	sourSourTart	IydA
4728356072	Stupidyeti_	The Yeti
2761328116	Candoooou	
3322831385	bow_hemian	
818408371854409728	boktanbulut	benam
43065178	vera_lynn1982	Amanda
920317916	bbckalbasi	 
42718568	Nilooooofar	  
2334117241	__anht	
18657360	madyar	Madyar
51621545	adalbertoasf	adalberto alves
2905868411	SexualDaiIy	Sexual Daily
2391602148	zwtraining	Zen Warrior Training
2811189187	distractedfilm	Distracted Film
757632771233812481	baronaite404	Aldona Baronaite
242292351	OMYogaMagazine	OM Yoga Magazine
41209663	DailyCupofYoga	Daily Cup of Yoga
1174353265	SantoniOfficial	Santoni
39876885	YI_Mag	Yoga International
65772461	YogaWorks	YogaWorks
7235292	Yoga_Journal	Yoga Journal
3163685903	gesss_Gh	
778910294114435072	IRhospitables	Iranian Hospitables
155938904	rtopnb	rtopnb
930513408	JavierToldos	Javier Toldos
2545598303	isaeva199	Galina Isaeva
956543653	JakeGoneWild_	Jake
2330448084	EleniFineArtPho	EleniFineArtPhoto
2657696780	Golnea	Goln
2293232107	Kombozeeh	Komboozee
739809871	TheSexology	Sexology
