826546182755385347	Hediye_kd	Hediye ( )
801156187668545536	vasili_hisolos	 
847721876084281344	sarvabanoo	
2828605363	robin_o_o_	
787373284862074880	3lmiir4	
712455169552879617	Black__Opium	Black Opium
820005185812623360	Hedayat_1903	 
3191450762	kasrakeshavarz1	 
219819371	ShahbanouFarah	FARAH PAHLAVI
744991917474201600	Aghaye_Mojri	 
735514896	Siyavash265	
23788274	Shelterless	
853137189282230272	marryaaami	sunrise
757553675338387456	Qanistupulus	
3399124558	Marii_Abdi	 
730080295077199874	seydkalak	 
874716714562441216	nazi_hm	
828175742374727680	Yamffimov	
1689250165	_postdoc	 
808386187442397184	mr_nonkhamei	   
2584152992	J0rsUMe	33
884735278665146368	All_e_gro	Allegro
302888741	aaboarash	  
710719111605530624	goorbachof1	
480737104	HamedTabaar	HamedTabaar
903564260	GaryLewisUN	Gary Lewis
888674603102613505	samirahii	Samira Rahi
804819058566819840	NeverReadMore	 | 
836609338991128577	eftekhari_f	
569122646	mammuot	 
800494468310761472	KaroubiMT	Mohammad Karoubi
888643327876366336	elaheh_koolaee	 
1648719602	m_bayatzanjani	mohsen bayatzanjani
1026764468	saamzafari	  
708451381791875078	emovm	
732301153371889664	hadism__	
731157241722720256	ha_di_lay	  
4524415101	3_ndipity	
854595619	sosha999	Peyman Yazdani
828921295765135360	Niki_ta_86	
4210876763	ma_hsa1	mahsa mirzaee
808393603953225728	FaveStar3	
814519350	_Sotvar	ARDA
760910532534644740	KamranGuitara	 
855890582027292673	Dr_Abbott_	 
97617682	Shadibeyzaei	Shadi Beyzaei
4836353891	davoodi27	
887249345225076736	Motheliaw	
866582426025414656	Elnaz_Zam	
819491015405043712	shivapspc	
3068056270	mehradiena	
730129892877049857	jilabani	Jila Baniyaghoob
4244817372	saneico	soroosh
747841348481462273	mimk4f	
875393245211222016	VahdatFarhad	
838410243478532097	parsa__y	
27955781	Firouz_Naderi	Firouz M. Naderi
837227853066424320	Armin_abn	pinokio
3439728191	khatereeeeeeh	
784341511815258112	caffeeshno	 
111402086	Mammad_t	Mohammad Taleghani
816349682360270848	zkohraam	Zahra Kohram
26435658	mbabazadeh	Morteza
717458255690276865	Mermosby	mer
326244652	wild_buffle	  
381462893	malavane_zebel	 
1584718176	OfficialMadio	( )
712368649122746370	dokhtarhamsaye	 
4091269120	Pijame3310	
864364766008983552	zoekeghablbod	    
3573578472	KiyAnDaD	 
1691574356	SharghDaily	 
239687838	4shaahin4	  
3499890861	homijalali	  
768379956686643200	tarminatorianno	
284209695	zrlou	zlou
1049841139	aalighadr	  
1620551006	HastamDelbar	   
1182379808	SargollL	
796252246711406592	bademjan1369	hafez
799023610803486720	farzadesam	
875803216742674432	699ynwa	 
3107857171	chanebedast	..
851149883184697345	samignj	
47053989	bastanichoobi	
723163578916687873	Kiiimzzzi	
2573821889	khashayar5h	
855019380547215362	shadiinaw	
4773265826	khosro1384	
2880366888	hesamorouji	hesamorouji
3018637655	FabianRadolf	Fabian Radolf
1184559967	a60na82	
83694702	clintlicher	 
847506601368064000	Monabaghi	Monaaa
1403996844	morphi_n	..
612668235	Amir_mrj	 
791939215734910976	_darkm95	 :
875682745753665536	haadiheidari	Hadi Heidari
4884024465	pezhmanfeild	EZHM
451668720	DierKohen	Dier Kohen| 
949421389	m_sharifi121	Mohammad Sharifi
821086637618843649	minaa9871	 
106981241	iVAEZZ	Va'ezz
2625194149	SOQRAP79	
191169937	saeidzizo	
717733150814814208	malkamkhan	
803613559745839104	yarejooni	Yarejooni
2203400390	mrhamiid	
4795632559	iniasilone	 
713740266327289856	Eynvida	   
735084560019509248	pegaah_b	Pego0olak
2740698111	AgahiMe	Malihe Agahi
861321266153783296	farzaneh_bgh	   
831135803946438656	shabnam80353952	
844256508976218112	sadrazamnouri	Zahra Sadrazamnouri
862093905453608960	N_Khodakarami	Nahid Khodakarami
847122787042967554	zahra_nezhad	zahra nezhadbahram
863683513408774147	ElhamFakhari	 
775749329931960320	zahrasaeedi_ir	zahrasaeedi
810224090858536961	Nahid_Tajedin	 
803203476176117760	oladghobad_f	  
4897803268	h0d3r_fa	 
850697829597294593	rezachrik	
280159068	mr_veey	Vey
2218130028	majidmov	KingBee 
255038870	1masochist	
834447626149978114	jan_esno	  
866382409876590592	Maashaallaa	
727458439736135680	minakamran7	mina kamran
203678193	shomare29	29
853946503907483649	chloroformking	  
255401934	Ssisakhti	Saeid Sisakhti
800989859120705541	2witali	
784363662639235073	ArzhinKv	
907905782	AmirBadmast	 
2438819190	SickMindsMedia	Sick Mind's Media
822711128069472257	Rock4everrrr	
737691893283344384	mim_zedd	 
778767542	pesarerey	Moriss
2510067644	mariiiiilo	
1573859414	bobraando	
755888895275986948	hossein891	Hossein.s
1145806178	mhnajmi64	Mohammad Hasan Najmi
1710627487	Buendiaacardio	    
771230472395329536	TheLastMyshkin	 
788136694352674816	iartium	
912005490	ma_ahangaran	  
189545795	Khani	 Mohamadreza Khani
232814544	Hossein_Aghaa	 
831456317000732672	mahdiani111	fatemeh
838836960827363329	markmadnessss	Mark
370002486	XoDsm	
713487477990952961	amirhosein_eb	 
12355832	opiums	Opium
3003884412	mrammmir	
100700637	arash_master	Arash
581554897	papakoorosh	Koorosh Ranjbar
815219524651753472	lui_gdv	 
424576028	AmirpoorMehdi	 
601234471	colonelaorliano	colonel
829671910598443009	ahadsarm	
1930687819	NinangnNegin	
852535332415340544	tehrag	Tehrag
2285099060	baronhavatodare	.
843207416783278080	JorJiiiiiii	
3123016344	BardyaMousavi	BardYa
3235811654	S_s2sanaz	 
200446965	taha215ash	
786892569443786752	iamkhaje	  
867466012131766272	delzhiin	
1687696020	Xerxesss	 
774253761913057280	RmaniIiIi	 
2582493654	UGIN3X	 
451783052	_velGard	
533118771	amiirbr	amiirbr
491548301	SMoslemi	Saeed Moslemi 
862144474444685312	TallPlayer7	 
2858397523	vaeeid	 
253174991	salibann	Saliban 
973490311	BacheGorbe	Adagio
870789974077177856	arghorbani51	Alireza Ghorbani
807196540209168384	Liveinworldnow	NA DOOOOR
704788915761389568	mahbano1312	 
1904714786	melooiii	(king meloo)  
54499483	G00M0L	   
3880227015	neginchii	Negin
552492629	aidix2	aydin
1413989882	Hosseien	 
2646296462	pvd_th	 
313838045	Azadehchawosh	Chawosh 
836574312337387520	shimaostadi	   
2279143549	ntk777777	
799372523460849664	GNevesht	 
2940067495	ab_monfared	. 
732266055414882304	ViYakamoz	Seda
741393352201887745	bassasiri	
1485757075	ManaNeyestani	Mana Neyestani
4808507779	the_deniz1	The Niiz
54133469	alireza_rezaei	Alireza Rezaei
43680503	aydeen	Aydin Salehi
