804387263421513728	1000farsang	
2731886933	nazaninmatinnia	nazaninmatinnia
4780612048	mgmonana	Nana
2239793376	soulkeeper_89	
14600723	qorashi	Yasser
1325152819	sarirna	
845466164008386560	3pisha	Sepi
773817048728207360	kakmaki09	 
736915932308770816	Chronic____Pain	 
1099453621	eghlim	eghlima
864745400519065600	Shazdanii	Zereshk
948305972	abedrend	abed
809102379937251328	chakamehchamani	insider
886364559501647873	2domim	
863683513408774147	ElhamFakhari	 
375006125	ghazlool	 
757620587921408000	Farideh_92	farideh
865887985199448067	stolzam	saber
862243010070945793	marzeh0	
2484251041	sanaz____	sanaz...
880827741737766912	aeen_norouzi	Aeen Norouzi
1272279127	Footballcast1	
2156428685	AtiTafreshi	Atieh Tafreshiha
746013161711673345	simin_srb	Simin
2203231058	felaskechayi	
70094452	call_me_moeen	Moeen
1403886157	RFatemeh	Fati
841665113836904448	NMorshedzade	Nafisemorshedzade
730126567343525890	er6ad_aldoleh	  
2558330833	Saralouee	Sara Louee
875682745753665536	haadiheidari	Hadi Heidari
2427141335	tannaznz	Tannaz
381361654	mahsaee	mahsaee
821995795243270145	sherminnaderi	Shermin Naderi
870789974077177856	arghorbani51	Alireza Ghorbani
756182754337890304	bardia1999	Bardia Shojaei
868563836500037632	_sunnaz_	Sanaz
2769714516	LalehMonsef	Laleh Monsef
970302740	nillzhe	 
43680503	aydeen	Aydin Salehi
253004443	ThomasErdbrink	Thomas Erdbrink
790728	bbcpersian	BBC Persian
3076509690	pedrams89	Pedram Sadeghi
1026360043	solmaazz88	Solmaz
3253672081	Reyhan_ygn	Reyhan
4353047415	fatoohe_m	
825065930757541888	milaniabbas	Abbas Milani
860302354821910540	BehrangRajabi	Behrang Rajabi
4708866923	MohajeraniSayed	 
1480319263	35degree	35
484284489	SirHermesMarana	
55810726	foadshams	foad shams
2797574972	Shery_Kas	Sherry
543660237	beygoo	Begi
310896088	Daynaz7	
1146387763	DDbinam	 
3175425832	romina_isz	Romeo 
4474681	parastoo	Parastoo
3907531114	elham_da	elham.de
3290293384	elleszd	Elle
14491086	NaggieNag	Narges
4861013172	daroshafaeij	 
14744712	yekpanjare	Ata
562359356	ali_amin_i	
835934937081655296	LotfollahiAmin	Amin.L
127178635	ghargharak	
4427353695	z_tabrizi	Zahra Tabrizi
1546241108	BBCPanah	Panah Farhadbahman
776526910583111681	ebctw	banana peel
2761328116	Candoooou	
1594802682	mostafaHnia	Polar Bear
1332127904	M0rpheu3	 ()
2239727276	___levis___	  !
14498809	smto	Somayeh Tohidlou
768290052803702784	1sttshott	 
14646703	FarNice	FarNice
2671711217	moimeme_s	Sepideh Hashemi
1574912168	amir_372	  
747676301679534080	mim3495	 
51509291	dazasimetra	RemeVII
868800500	mneiw	
712075410096304128	octoberpiano	 
3003434087	noonfee	
2552953676	GoLiii	Solo
751098102	5h005h1	bida
1459001790	tarikhirani	Tarikh Irani
3566764275	peygosh	  
4565124497	YouTdii	 
1024787941	Sonamdari	sonami
3298497512	farshoolina	
123577879	aazaad__	Merkwrdigeliebe
738185048	DarkPasenger10B	Lily Anne
1533436297	tohfenatanz	
716597049958002688	MrKiteRunner	 
554534768	shaghaaa	sha
2632336882	feredrich	EMIR
306801715	szamanzadeh	SZaman
27712022	JoseArcadioXVI	Erfan Mojib
590290977	mni_sah	Sahar
3140629640	inazkam	 
14367829	saman77	saman77
1730855108	ParastooV	Paras2vsl
1458156373	zararast	Zara
4223383694	ClemKruczynsky	Clementine
320195081	MiidnightBlue	  z 
3315874953	_Ellie_bs	Ellie
962049841	AzamRasti	azamina
348498840	m0hagh	
46061625	NewshaSaremi	Niusha Saremi
19038934	CBCAlerts	CBC News Alerts
14677919	NewYorker	The New Yorker
755076778385895424	Irann_N	Irann N
2336733762	ketabha	
17562196	Mahtob_M	Mahtob
751721055031586816	mah_sadeghi	 
723924583083053056	kaaqaz	
1380379382	Mim_Noon	Mim Noon
2731137937	ParisRezaie	paris
49352327	_already_lost	lighthouse
3438099731	Najva8	Najvax
371875071	khers69	KHERS
1600742850	mowlaverdi	 
2214869083	BehnoudMasoud	masoud behnoud
1872442620	anahid_lana	AnaLana
1329018038	culaan_	Dra
14383093	ILoveUGoldnBlue	Maryam
253707215	DonDiegodeZama	 
15181930	10naz	Tannaz
1615619642	MitraKh777	Mitra Khalatbari
183206087	hadiahmadii	
29442313	SenSanders	Bernie Sanders
252862130	ammarhzr	Ammar Vaezi
2282006784	MissMiiiim	
765414632	PahlavanAli	Ali Pahlavan
749551939483004928	bahmandaroshafa	 
602629562	Ferinaando	
750240706514550784	Shakhyaw	Shoana
705273636190621696	_SerJaime_	
8920142	mimnoon	Masoumeh Naseri
547509406	sibghermez	
704418973220278272	you3efg	Yousef
290086105	Mahsasaremi	Mahsa Saremi
2530140319	MansiJsm	Mansi
863587717	Nedddaaa	Neda
1234768950	neb_____	stephen
540824037	DokhtAban	zohaw
711789200077676544	Bbirdwomann	
264730636	f0ro0gh	
3240737464	Ata_3f	
713810570705653760	ManiFarsaie	Manifes
4189631008	tubocasequivoca	Soledad
2716942388	parsiyak	Pardis
3674038456	MaliheRiazi	malihe riazi
2355168188	AmirKiani1985	Amir Kiani
3314253930	shadiyannn1	 Shadi
1731976268	AzinKm	
2511871525	zenomek	zeno
3993602968	Nasttaran	Nastaran
3226731	hadis	hadiss
425985598	notoall	Sraan
55796372	ashourinia	Arash Ashourinia
542118369	Ashitaaka	 
737325445	mehdiu2	
14490065	azoli	azooli
1490525245	pesarack	
2205167191	donya_meinhof	
722831251904835584	NewFolder135	 ()
606066557	cav_iar	Payman
62818936	Abarghooo	Beroozoo
624031683	mooshtebol	
4867091386	channelBpodcast	 
2517118753	Ghrzmj	 
57276671	elllegreen	Eli
248525138	alchemistlilith	lilith
2214082525	SaraNoshadi	Sara Noshadi
396775293	melzinro	elz
2834711	roya_57	Roya
2582394313	TamTam_Pr	TamTam
255038870	1masochist	
536250646	2na2nz	
353552907	GhSoha	aansa
3271605907	AleeSoumi	AleeS
297021138	2eld4	
88433268	sibzaminikhorha	
210719582	asadgharighi	
47813521	JZarif	Javad Zarif
1171908210	asmane	
1422957211	3pnood	UFOBB
1215577897	kharoou	
45118805	ADALISH	DALI
3359826045	MasihZolfaghar1	 
598600732	jackthefatalist	
472852789	fateme_j	Fateme
547670065	_sh_ei_da_	
2963426164	maryamfarsi86	Maryam Farsi
1349187420	fkeshavarz	Forough Keshavarz
4755943217	Sabonagooloo	 - Daanieh
2190106878	NazaniNKZM	 
43948352	Roozmaregi	
51687319	Entex	Ali Ente
