4695186133	www424539	
732351169	TootFarangie	
13832792	EbrahimHeidari	Ebrahim Heidari
381361654	mahsaee	mahsaee
931919184	nhd_rasa	 56
1481028025	sarjoookheh	
368570592	I_am_atsign	 
712075410096304128	octoberpiano	 
195295198	guilaneh	saba r
743532384516190208	Son_Of_The_BEEH	J
1097986004	Sonijuana	Snya
835369218	minionism9	
704418973220278272	you3efg	Yousef
698821741532094464	abedxyz	
4811681886	OPT_user	  
504767598	1mohitban	  
701007558543159296	Abgousht	Bozbash
4565124497	YouTdii	 
1554405398	mamaly9	  
3327493703	NamarboOt	
2303142614	idinsayyar1	 
533118771	amiirbr	amiirbr
366559590	BeingNimra	
787360202	HIAMOVI_	hia-mo-vi
195416895	ashkan_naieni	 
2623211	alephmim	aleph.mim
1058107008	Sanazz_h	SaaNaaZ
973490311	BacheGorbe	Adagio
1474390170	Negar_CI	NeGar
3080762480	Sleimoni	M-hdi 
2955316207	Monadissa	Shila
414823540	moloud021	Moloud
24375268	india40	
1286250932	PARlVASH	
757892550	franny_ftm	franny
524199268	mamalusa77	    
238330325	zirwanz	zirwan
2286253674	saman0018	 
154947113	Miloooshevich	
353739343	oliverteeut	 
315178519	black_m75	MamadReza
46765210	romanfuckingary	 
445771095	Sepideh_N	3pd
564844786	mohs5en	
482015513	Amoo_Yazdan	 
1042209960	MehranBotParast	  
1329018038	culaan_	Dra
2680418905	Abbas__Reader	Abbas.Reader
457676025	sepiiidegh	sepide ghh
558847109	parisaa_	 
2256186895	Alireza_Moein	 
2206742095	Shazdaak	
2446077384	Aftab_Naghashi	Narges Moosavi
255038870	1masochist	
313838974	Darvish_Aref	
1477924032	mahsasweetie	
1889951424	best_of_farsi	 
1420440420	Honismack2	h.o.nismack.2.
1636476440	shaiyian	N
704492390	HajeiWashington	 
2255375036	LUMPY_54	LUMPY
2221671150	mc4930	49
1667371002	plaque9	
404268423	SarviSad	
2147578833	tanasoli	  
406625692	phoenix0k	Phoenix
213444096	isaaeed	 
1561866168	Live_Farsi	
1724326232	Khabar_F	 
87653387	zekipedia	
46421054	Ara9h	Arash
1612255874	GhebleAlam	 
203678193	shomare29	29
894875454	AghBahman	Agh Bahman
480737104	HamedTabaar	HamedTabaar
20431922	500px	500px
806080675	mowtion	
47050933	J_Lenone	John Lenon
425985598	notoall	Sraan
1872820130	soormeh	soormeh
311923237	mamaly64	
161049344	___achilles___	achilles
574654481	foadi65	foad
62634095	amirassan	AmirHassan
555391248	2gharn_sokot	  
434413333	Moje2100	
853290625	TwitteeTod	
630294980	1st_nafar	
378806461	Yagmur_bm	BaRaN
1139229804	ser_serpico	NANI
544318453	g0lnar	
933027068	Nperma	epoch
123577879	aazaad__	Merkwrdigeliebe
475664526	taraneh16	
1234768950	neb_____	stephen
511883965	Mosht_aba	Moshtaba
137492261	vahidmali	Vahid
844238743	camvAEun	 
898079312	_PAYAM_	
14567230	1mahraz	mahraz
600645002	MM___HP	Metch P
966113256	fanta_msh	
407315593	_sheved_	
228037535	Tafaghod	
404186516	misterbex	Bex
45604639	Naznoush	Nazanin
177746835	sayeh_ro	 
198984569	amoo120	abbas aga
128979642	Friedrish	Farid
171116097	AliGondo0o	
451705078	jahangard4	
18424473	_Cafe	Cafe
66903666	kodoiin	
96130616	alborz_z	Al
371875071	khers69	KHERS
193345959	Saeed_Dn	Saeed DN
156605463	mirzaadamjan	 
216133918	Xlibaba	Professional
151349203	Kutlas_e_Kabir	Kutlas
15015672	Raaadin	
14690170	PhillipOfAjam	P
135679428	danimoh	
979042861	behzad_bh	shex
252771727	Taiwanii	
222682480	_ZedZed_	
403686789	mm__amin	
4782551	Vahid	Vahid Online
300532310	khatkhatii	 
198324192	Rol3erto	
195224039	Mimabedi	 
403668878	Abestanioooos	Abestanioos
381797777	mam_mad	mohamad.masoumian
232804345	shamaghay	
434442640	shaakhtaar	Shakhtar
232814544	Hossein_Aghaa	 
67999178	Don_MMMM	
332571316	The_Pandalium	The Semite Communist
20235694	Conformist77	Conformist
252862130	ammarhzr	Ammar Vaezi
