338872270	Ali92nemesis	
2582765965	RelatableArts	relatable art
882674855036022784	Vaghih	 
226364298	m0hmate	Mohmate 
249626088	Mehrdad_Naeimi	Mehrdad Naeimi
1872820130	soormeh	soormeh
878314240838422528	__sonnenkind	Mehrdad
346498055	mEsInIsTa	MhMd MoZe
4417250357	targolnaji	
875992032170442752	TehranyHediyeh	Hediyeh Tehrany
875803216742674432	699ynwa	 
864921968545591296	AlirezaAzzurri	Salvatore
239687838	4shaahin4	  
2249057784	eshghi15	
601234471	colonelaorliano	colonel
425985598	notoall	Sraan
770347338342731777	ssamanam	
1068685752	Pouyaa_nv	
3374663277	Milad_GD	Milad Goodarzi
2456035573	amirifarali	Ali Amirifar
220660317	365web_online	365web
559274018	sahar_bzyr	SaHaR
1190054473	goosfandofgod	 
2431468272	FibiBoufey	
229076611	mmduni	Mohammad Firouzi
713620495078436864	Hajibadoom	Haji
430711939	Hamed1993J	Hamed Jabbari
335218404	SajjadBayat	Sajjad
3269273666	jannatkhah_ir	Armin JannatKhah
3284626680	HasanakVizier	Hasanak The Vizier
601698982	Zanyar_B	
941856260	Amirreza08	 Amir
708590845436493825	Saman_de1	 
376198095	Payne_NY	Mohamad Mohamadkhani
714414458156650496	firouzi123	mohammad firouzi
1668120283	Vafadar_Milad	Milad Vafadar
195224039	Mimabedi	 
460949624	mirza_mahyar	Mahyar Mirzapoor
2837144158	MohamadNaqibi	Mohamad
497206672	sharabnab	 
3370490908	Mammad_Hassan18	  
253099276	peportman	
2286253674	saman0018	 
894875454	AghBahman	Agh Bahman
2337222685	davwvod	DavoT
2647609783	_Dogmatist	
4494578325	kahelnamazzzz	 
1396552554	santiaaagoooo	  
1100641922	Mrqauf	
2489759365	Hamid_wood	 
482015513	Amoo_Yazdan	 
2164854674	Esshaghia	
979042861	behzad_bh	shex
14690170	PhillipOfAjam	P
602629562	Ferinaando	
2255375036	LUMPY_54	LUMPY
3395452996	Ali13Kv	Ali kv
3543195435	OmiD24KB	 
89204157	Minamehr	Mina
154215093	mamannasrin	Seorita gata
465363827	Masooti	
564844786	mohs5en	
3129812247	besttmixever	  
2256186895	Alireza_Moein	 
1139229804	ser_serpico	NANI
1256706829	zat_ara	
315178519	black_m75	MamadReza
191169937	saeidzizo	
2727202011	Aghae_C	 
2285581932	ehsaningg	
1920731322	intheWISH	
1423188918	M_Asmmm	
528781203	MehdiJavani	Mehdi Javani
1554405398	mamaly9	  
1401347208	mahlagha_hs	  
1043632808	AbdolFakher	 
630361755	leonst7	L0N
2721296281	JalalSamiee	Jalal Samiee
87653387	zekipedia	
2228762088	1hoseim	Hosein Norouzi
3233549131	RSubutai	 
2754330819	Ashkan_hn	 
2992837131	Faribastill	..
2997328272	DoGaulle	
51038780	homay_	
203456795	SHoBBar_MZ	  
1565799890	tarafdari_com	   
1189452241	Maybelouie	
1211994876	arashkhat	
3420899234	bozmajjje	
2714403018	_Canceling	Cancel
3802439842	amirhossein1_	
2785684154	mr__forrest	
751321916	MMY98	
2570607454	KTBFFH1992	
627099229	ashi_enkar	
2427624403	srnmhda	
1930828290	_far_in	FariN
268447783	hesamism	  11
232814544	Hossein_Aghaa	 
1076891778	sajjadsat	
14567230	1mahraz	mahraz
2827934298	Kr_Soze	 
3029882540	Travis_Bickle9	 
2303142614	idinsayyar1	 
3348629476	chagour367	 
1058459906	raheb_c	
283657153	Gentlemaghz	Erekhsh
2841125564	ShGh07	
2724426713	amirasghari1393	 
275221481	xmangamma	HadiRostami
169179541	mamlekate	
4782551	Vahid	Vahid Online
873867872	Teymoursg	
1495951248	hosseintanha89	 (UNESCO)
3780415212	lesgiigg	
1891629559	Mah_m_ood	
94305172	arminoza	Armin
43865592	vahidlp	
572051429	Serpicoo3	Serpico
4872553091	Roohi_mf	Roohi
1106275189	kalegondeh	   
533118771	amiirbr	amiirbr
1160974406	kazem_gaghi	
73314028	soo3_	 
1546354519	sh_janan	
4891752123	Armin_Taherinia	ArminTn
1904550685	St_ErFun	Shut Up Head
288417407	sajjad42	sajjad
517911259	_amoookia	 
4147639335	Parsaeist	
746821867	ARMIN_HAQSHENAS	 :
3090060443	capline91	
3293853610	AAmo4841	A
96130616	alborz_z	Al
599637777	velgard100	   
2849287974	M_A_Tbn	
4823867403	Shabgardan	 
4836726076	tannazZz7	
2580716445	dashjorjio	
3364272279	meyssssssssssam	 
1330739544	rahhaai	
1539366252	hamed__p	hamed
2604840322	hoseinizm	 
2561907538	Mr_mehdishb	  
449013171	imthefatherbear	
2829490734	hfs90	
538048046	NiloofarHonarka	Niloofarech
326204558	SaeedMoY	
1471020254	aghamin	 
484921502	un00sha	
713951957774249984	mos1tafa3	 
805817760	AliAbdi88	Ali Abdi
2940473780	Goraz_23	 
2205396177	whymarash	 
1229999605	niaorinian	 
44355075	omomani	Omar Momani
702134121082949632	mostafaJ9	
282685135	ShimaDeactive	 
1601898408	mestertired	 
2223592103	CutPics	You Had One Job
193453739	homayonii	   
1719380528	7Metti	METTIHO
1322697524	HamedChsh	Hamed ChSh
785047996262080513	tarafdari_times	 
557787621	Meysam_Royasaz	  
82775199	just_omid	 
737178614337314816	inokall	
706087754841649152	_jakesh	
48648723	kashkull	
3086426087	fiureh	HOSSEiN
1647314568	AfshinJanani	Afshin Janani
46460157	Saeed0f	
751721055031586816	mah_sadeghi	 
1457660762	chortke1	 
704719027160145921	Alpainn	
1966150070	Imiriya	
4845697216	HairyPotter___	Hairy Potter
3261084875	bella__vita	
2290617709	qoli_ali	
2423695538	amirhoseinba	
126863003	zaramard	
4806369657	___sonnenkind__	Mehrdad Tabrizi
1645711686	PedroPascal1	Pedro Pascal
178812809	IAMLenaHeadey	lena headey
334161563	mamadpori	 
1438162062	TheScaryNature	Nature is Scary
521631093	gereylii	  
4821216310	_WinSmith_	 
244232732	yasharsoltani	yashar soltani
2840005231	shahab1717	
705807268835672064	fjamie013	James Fridman
809743447246733312	alimotahari_ir	Ali Motahari
81065874	AbbasMHosseini	Abbas Malek Hosseini
217861092	ArashGir	 
249873835	amronaa	
2442381762	GRRM	George RR Martin
2557037323	GRRMspeaking	George RR Martin
471287735	GaryLineker	Gary Lineker
2296979205	howardleepaint	Howard Lee
